Iteration	Posterior	Likelihood	Prior	rate01	rate_log_sd	tree_length
0	-1887.571	-2075.698	188.1271	0.2137423	1.490131	2.325374
6	-1882.578	-2070.558	187.9797	0.3272008	1.547614	2.200662
12	-1891.571	-2079.864	188.2935	0.186835	1.601654	2.198542
18	-1882.884	-2070.891	188.0069	0.2197505	1.5794	2.334176
24	-1890.909	-2078.98	188.0713	0.2405567	1.606823	2.238776
30	-1884.61	-2071.872	187.2619	0.1675202	1.541399	2.916741
36	-1886.69	-2072.979	186.2894	0.2820364	1.414132	3.379151
42	-1880.807	-2067.532	186.7249	0.2254231	1.478597	3.170787
48	-1881.753	-2069.031	187.2774	0.2284739	1.458195	2.846525
54	-1882.093	-2069.819	187.7263	0.2284739	1.527927	2.527871
60	-1876.135	-2063.157	187.0225	0.2391372	1.401669	3.016772
66	-1882.275	-2069.509	187.2334	0.1899327	1.332142	3.016772
72	-1889.442	-2076.286	186.8446	0.2517739	1.384214	3.113562
78	-1888.296	-2076.033	187.7372	0.1934991	1.35439	2.691148
84	-1894.319	-2081.64	187.321	0.1934991	1.434681	2.895738
90	-1899.31	-2086.287	186.9772	0.2808888	1.541472	2.895738
96	-1905.525	-2091.714	186.1894	0.3352708	1.53724	3.293813
102	-1903.233	-2091.107	187.874	0.2100752	1.582577	2.433771
108	-1911.199	-2098.987	187.7886	0.2074172	1.620764	2.468278
114	-1895.384	-2082.303	186.9188	0.2356947	1.596079	2.96793
120	-1894.012	-2080.923	186.9109	0.1957341	1.37678	3.171895
126	-1887.947	-2074.848	186.9015	0.1603607	1.499309	3.171895
132	-1884.904	-2072.527	187.6236	0.2291334	1.486955	2.615937
138	-1886.97	-2074.741	187.771	0.2574983	1.596966	2.408102
144	-1881.831	-2069.639	187.8074	0.1822314	1.58154	2.528867
150	-1882.213	-2070.116	187.9026	0.2683786	1.518227	2.357247
156	-1885.973	-2074.481	188.5082	0.1867109	1.64566	2.029333
162	-1883.109	-2071.762	188.6531	0.1725965	1.766284	1.881083
168	-1873.917	-2062.63	188.7131	0.1162724	1.778904	1.968475
174	-1893.479	-2081.967	188.487	0.176416	1.790887	1.968318
180	-1894.381	-2082.804	188.4237	0.1820644	1.721836	2.044517
186	-1907.583	-2095.884	188.3016	0.1791283	1.564865	2.232699
192	-1897.441	-2085.552	188.1109	0.2225016	1.62614	2.232699
198	-1890.965	-2079.379	188.4143	0.1429191	1.671362	2.170094
204	-1894.338	-2083.145	188.8064	0.1429191	1.792865	1.827332
210	-1889.145	-2078.045	188.9008	0.2114794	1.969075	1.474535
216	-1891.12	-2079.905	188.7851	0.2691961	1.914522	1.486187
222	-1888.69	-2077.551	188.8611	0.2567812	1.921209	1.447293
228	-1897.189	-2085.861	188.672	0.304144	1.921209	1.503123
234	-1888.669	-2077.31	188.6408	0.2612512	1.820952	1.674906
240	-1890.844	-2079.018	188.1741	0.2287078	1.682409	2.144072
246	-1901.879	-2090.112	188.2324	0.2280167	1.640464	2.134616
252	-1899.288	-2087.995	188.7075	0.2280167	1.784333	1.715984
258	-1882.868	-2071.275	188.4078	0.2797109	1.784333	1.831404
264	-1889.245	-2077.424	188.1793	0.2595541	1.707691	2.070407
270	-1892.955	-2081.439	188.4841	0.2339086	1.621763	1.969898
276	-1877.643	-2064.911	187.2681	0.2649399	1.5926	2.711643
282	-1890.23	-2077.495	187.2657	0.1776937	1.367149	2.999425
288	-1906.524	-2091.968	185.4442	0.2749167	1.397955	3.888768
294	-1898.08	-2084.947	186.8672	0.2479361	1.417309	3.086352
300	-1887.888	-2074.615	186.7267	0.2479361	1.417537	3.169831
306	-1885.307	-2072.865	187.5582	0.206302	1.531679	2.668698
312	-1885.789	-2073.66	187.8707	0.2206141	1.468484	2.488502
318	-1884.047	-2071.985	187.938	0.2568279	1.537842	2.340876
324	-1874.516	-2063.011	188.4957	0.2568279	1.750678	1.833412
330	-1875.545	-2064.065	188.5207	0.2457069	1.726253	1.852918
336	-1888.664	-2077.243	188.5782	0.1825048	1.750716	1.920986
342	-1889.809	-2078.519	188.7101	0.1538304	1.749939	1.896182
348	-1892.389	-2081.029	188.6398	0.2057995	1.90553	1.72296
354	-1912.618	-2101.266	188.6481	0.2016627	1.921735	1.714301
360	-1894.691	-2083.06	188.369	0.3092474	1.921582	1.714301
366	-1889.39	-2077.878	188.4878	0.2786532	1.72886	1.816258
372	-1886.077	-2074.709	188.6318	0.1918108	1.928092	1.742214
378	-1881.601	-2070.524	188.9237	0.2634183	2.023153	1.30472
384	-1887.572	-2076.632	189.0597	0.2698809	2.045546	1.157532
390	-1885.526	-2074.811	189.2848	0.2328464	2.111644	0.9737738
396	-1894.415	-2083.486	189.0708	0.2985041	2.196518	0.9354341
402	-1899.683	-2088.812	189.1283	0.3010991	2.270532	0.768233
408	-1908.316	-2097.595	189.28	0.2236921	2.332074	0.7442051
414	-1901.944	-2091.217	189.2729	0.2250079	2.255234	0.8519013
420	-1885.754	-2074.845	189.0911	0.2495796	2.232605	1.002189
426	-1892.251	-2081.6	189.3498	0.2495796	2.160775	0.7894322
432	-1895.097	-2084.366	189.2692	0.2039282	2.39485	0.7513637
438	-1884.113	-2073.181	189.068	0.2989381	2.317212	0.7940615
444	-1892.742	-2081.672	188.9296	0.3758362	2.249872	0.8445893
450	-1894.662	-2083.576	188.9142	0.391596	2.272442	0.7953431
456	-1884.315	-2073.413	189.0982	0.2665673	2.436436	0.6838047
462	-1899.76	-2088.964	189.2039	0.2363849	2.460328	0.543297
468	-1899.078	-2087.991	188.9131	0.3849566	2.388826	0.6185587
474	-1913.958	-2102.97	189.0121	0.345114	2.388826	0.5618317
480	-1898.879	-2088.092	189.213	0.2814603	2.198021	0.8149232
486	-1912.411	-2101.423	189.0124	0.3134691	2.323642	0.8149232
492	-1909.603	-2098.638	189.0352	0.3224974	2.387773	0.6423202
498	-1897.467	-2086.317	188.8506	0.3913436	2.437372	0.6221101
504	-1886.541	-2075.691	189.1501	0.2503476	2.270753	0.8973673
510	-1889.922	-2078.713	188.7913	0.4430335	2.095871	1.02254
516	-1884.991	-2073.973	188.982	0.2998934	2.122371	1.093243
522	-1875.963	-2065.029	189.0654	0.3258711	2.311137	0.7162553
528	-1879.589	-2068.717	189.1281	0.2565759	2.262556	0.9130886
534	-1877.899	-2067.016	189.1179	0.2295454	2.196724	1.063122
540	-1897.786	-2086.781	188.9947	0.3011753	1.862077	1.303482
546	-1902.658	-2091.559	188.9007	0.234907	2.122339	1.303482
552	-1891.054	-2076.899	185.8455	0.2767271	1.389022	3.660034
558	-1891.094	-2078.669	187.5755	0.2058241	1.4594	2.703367
564	-1879.904	-2067.694	187.7898	0.2260659	1.599507	2.447511
570	-1882.453	-2071.27	188.8164	0.2177709	1.78445	1.658963
576	-1889.188	-2077.901	188.7134	0.2558577	1.78445	1.658963
582	-1887.773	-2075.835	188.062	0.2479178	1.793296	2.11109
588	-1881.759	-2069.645	187.8857	0.3844302	1.659799	2.11109
594	-1882.294	-2070.123	187.8283	0.3844302	1.548893	2.220484
600	-1872.656	-2060.079	187.423	0.2568987	1.5415	2.66044
606	-1876.927	-2063.669	186.742	0.2594241	1.437511	3.131139
612	-1873.713	-2060.852	187.1389	0.2118498	1.462942	2.955697
618	-1882.372	-2068.223	185.8511	0.2118498	1.35664	3.775119
624	-1876.203	-2063.528	187.3246	0.2118498	1.443161	2.85549
630	-1879.915	-2066.811	186.8964	0.3120829	1.423334	2.971525
636	-1886.79	-2072.976	186.1862	0.3238821	1.358126	3.415631
642	-1890.244	-2076.481	186.2375	0.3094464	1.339297	3.415631
648	-1883.376	-2070.503	187.127	0.2346232	1.490841	2.907593
654	-1879.927	-2066.944	187.0163	0.2455151	1.512606	2.943678
660	-1882.512	-2069.913	187.4008	0.2526605	1.541648	2.68073
666	-1873.608	-2061.361	187.7533	0.2641543	1.574723	2.422588
672	-1886.124	-2073.089	186.9647	0.2293797	1.625539	2.932933
678	-1886.599	-2072.853	186.2536	0.2539308	1.476602	3.404763
684	-1887.288	-2074.842	187.554	0.2192141	1.521125	2.65489
690	-1887.272	-2074.959	187.6862	0.2314546	1.500093	2.565052
696	-1896.37	-2084.106	187.7364	0.190267	1.569363	2.565052
702	-1890.002	-2077.834	187.8322	0.2343732	1.562359	2.429817
708	-1891.544	-2079.487	187.9426	0.1490873	1.714743	2.429817
714	-1883.906	-2071.825	187.9183	0.2551347	1.656126	2.28073
720	-1892.707	-2080.286	187.5792	0.21892	1.614836	2.581893
726	-1872.097	-2060.248	188.1513	0.2008751	1.806227	2.130243
732	-1880.849	-2069.396	188.5469	0.1942303	1.884025	1.826613
738	-1884.868	-2073.483	188.6147	0.1903231	1.884025	1.788038
744	-1886.077	-2074.719	188.6418	0.2195157	2.012443	1.616953
750	-1885.953	-2074.913	188.9599	0.2016832	2.012443	1.418213
756	-1879.256	-2068.372	189.1164	0.1715408	2.001736	1.377746
762	-1897.288	-2085.925	188.6367	0.3128428	1.955785	1.488676
768	-1883.704	-2072.449	188.7448	0.2597605	1.975252	1.488676
774	-1896.876	-2085.638	188.7618	0.2932138	1.982532	1.407438
780	-1883.707	-2072.619	188.9116	0.208738	2.025785	1.429137
786	-1876.448	-2065.297	188.8486	0.2064423	2.063552	1.453613
792	-1873.745	-2062.745	189	0.1670852	2.128137	1.381337
798	-1883.127	-2072.036	188.9094	0.1670852	1.903447	1.618106
804	-1886.118	-2075.348	189.23	0.1622071	1.97222	1.335577
810	-1888.198	-2077.378	189.1805	0.1622071	2.0492	1.313562
816	-1878.958	-2067.849	188.8903	0.2780146	2.1468	1.199274
822	-1889.763	-2078.894	189.1309	0.2062459	1.991611	1.288387
828	-1897.605	-2086.483	188.8776	0.1963698	1.806491	1.644219
834	-1903.382	-2091.835	188.4529	0.2114808	1.744353	1.950819
840	-1889.923	-2078.575	188.6517	0.1440174	1.744353	1.962719
846	-1890.229	-2078.824	188.595	0.1603117	1.744353	1.962719
852	-1896.138	-2085.155	189.0167	0.1378409	1.747656	1.725282
858	-1901.996	-2090.602	188.6054	0.2347814	1.854788	1.725282
864	-1898.532	-2087.22	188.6878	0.1975167	1.882151	1.722935
870	-1886.586	-2075.403	188.8163	0.1780727	1.896293	1.664504
876	-1884.326	-2073.284	188.9583	0.2163128	1.937147	1.4445
882	-1892.767	-2081.568	188.8015	0.2163128	1.850374	1.625233
888	-1892.811	-2081.748	188.9377	0.1866155	1.989317	1.487687
894	-1903.872	-2093.23	189.3578	0.1866155	1.989317	1.148026
900	-1897.009	-2085.999	188.9898	0.2148723	1.989317	1.382957
906	-1890.083	-2078.966	188.8827	0.2157547	1.91727	1.517812
912	-1894.879	-2083.858	188.9787	0.2143106	1.898323	1.462929
918	-1885.53	-2074.64	189.1099	0.1739737	1.987722	1.387608
924	-1881.584	-2070.461	188.8776	0.2706371	1.983935	1.35848
930	-1885.2	-2074.069	188.8692	0.2217322	2.039836	1.422341
936	-1891.38	-2080.416	189.036	0.1475371	2.106212	1.422341
942	-1887.232	-2076.287	189.0552	0.1632327	1.927715	1.50235
948	-1901.317	-2090.064	188.7473	0.1765042	1.811964	1.776145
954	-1900.822	-2088.187	187.3646	0.3011429	1.426903	2.700347
960	-1895.765	-2083.02	187.2554	0.3310994	1.547433	2.651846
966	-1897.88	-2085.986	188.1057	0.3112563	1.819201	1.962391
972	-1888.607	-2075.869	187.262	0.2448257	1.490706	2.809299
978	-1888.122	-2075.48	187.3588	0.2130399	1.500236	2.798003
984	-1898.608	-2085.338	186.7301	0.2917419	1.500236	3.053395
990	-1880.714	-2067.48	186.7668	0.2917419	1.561571	2.994679
996	-1884.299	-2071.197	186.8982	0.2978959	1.415694	2.994679
1002	-1893.873	-2080.561	186.6884	0.2978959	1.473782	3.085452
1008	-1888.11	-2075.758	187.6474	0.2759644	1.47417	2.533515
1014	-1883.86	-2071.003	187.1427	0.279095	1.469571	2.841718
1020	-1878.646	-2066.51	187.8638	0.2527002	1.572982	2.372412
1026	-1884.582	-2072.598	188.0157	0.2527002	1.651225	2.225343
1032	-1887.638	-2076.05	188.412	0.2875047	1.689173	1.880721
1038	-1883.573	-2071.31	187.7374	0.2929147	1.692801	2.313273
1044	-1887.77	-2075.941	188.1713	0.2432899	1.683796	2.119166
1050	-1887.302	-2075.691	188.3892	0.2146868	1.675408	2.033162
1056	-1898.39	-2085.368	186.9775	0.3996369	1.631342	2.684741
1062	-1882.853	-2070.099	187.2462	0.3081989	1.554476	2.684741
1068	-1880.794	-2067.866	187.0723	0.3754863	1.535923	2.714282
1074	-1876.982	-2064.799	187.8166	0.2784289	1.600648	2.343707
1080	-1880.273	-2068.717	188.444	0.2239983	1.737445	1.937501
1086	-1887.754	-2075.865	188.1107	0.2273832	1.54153	2.278407
1092	-1886.002	-2072.799	186.7968	0.2812338	1.450055	3.058634
1098	-1883.252	-2070.56	187.3073	0.2239754	1.419806	2.859286
1104	-1886.679	-2074.692	188.0132	0.3035968	1.699074	2.114955
1110	-1878.479	-2066.553	188.0745	0.2838651	1.684389	2.114955
1116	-1874.987	-2063.551	188.5639	0.2307871	1.72996	1.848316
1122	-1902.14	-2090.024	187.884	0.2817988	1.769112	2.187124
1128	-1881.769	-2069.657	187.8881	0.2197948	1.519681	2.446975
1134	-1887.253	-2075.235	187.9825	0.1986376	1.620213	2.362795
1140	-1876.94	-2065.179	188.2393	0.1499546	1.521044	2.362795
1146	-1881.285	-2069.807	188.5217	0.2122841	1.671322	1.952094
1152	-1886.108	-2073.412	187.3048	0.2603831	1.610593	2.685186
1158	-1881.683	-2070.579	188.8957	0.2056973	1.885254	1.553546
1164	-1879.072	-2067.806	188.734	0.1810092	1.809076	1.777412
1170	-1875.845	-2064.07	188.2242	0.1621062	1.725503	2.214935
1176	-1895.498	-2083.384	187.8864	0.27897	1.612682	2.290683
1182	-1884.109	-2072.166	188.0567	0.1906634	1.683437	2.290683
1188	-1877.38	-2065.75	188.3696	0.2459635	1.703837	1.969952
1194	-1886.239	-2074.57	188.3305	0.1666649	1.655783	2.181454
1200	-1879.307	-2067.365	188.0578	0.2357877	1.72891	2.176873
1206	-1882.689	-2071.459	188.77	0.243482	1.885159	1.5684
1212	-1882.213	-2071.204	188.991	0.1734418	1.77206	1.638992
1218	-1887.288	-2075.469	188.1811	0.2994456	1.919053	1.862155
1224	-1877.49	-2066.325	188.8351	0.3137422	2.047047	1.259039
1230	-1883.682	-2072.519	188.8367	0.3137422	2.017723	1.281933
1236	-1917.105	-2106.025	188.9195	0.318978	1.957171	1.253838
1242	-1904.774	-2093.739	188.9642	0.3042986	1.89425	1.296256
1248	-1887.152	-2076.364	189.2112	0.1842582	1.823102	1.411354
1254	-1892.043	-2081.205	189.1626	0.2113268	1.866412	1.351698
1260	-1892.894	-2082.189	189.2947	0.1798386	2.031792	1.184758
1266	-1894.238	-2083.35	189.1116	0.1798386	2.006704	1.356558
1272	-1902.68	-2091.751	189.0711	0.2466897	1.930384	1.295369
1278	-1894.932	-2083.561	188.6296	0.2895086	1.927268	1.55562
1284	-1899.182	-2087.94	188.7575	0.2929852	1.866561	1.499503
1290	-1879.536	-2068.412	188.8759	0.2823611	1.864203	1.430722
1296	-1886.466	-2075.237	188.771	0.2823611	1.969129	1.430722
1302	-1880.359	-2069.306	188.9473	0.2387102	1.904135	1.430722
1308	-1880.188	-2068.573	188.3845	0.2818923	1.668129	1.922842
1314	-1889.86	-2078.407	188.5468	0.2818923	1.792365	1.725436
1320	-1878.988	-2067.645	188.657	0.2172793	1.7907	1.768087
1326	-1886.155	-2074.512	188.3576	0.3436168	1.794051	1.758588
1332	-1881.197	-2069.582	188.3855	0.3436168	1.794051	1.739035
1338	-1895.811	-2082.861	187.0495	0.3412424	1.503723	2.791348
1344	-1903.392	-2090.545	187.1533	0.2739552	1.474845	2.839757
1350	-1897.128	-2083.485	186.3563	0.3026174	1.308255	3.373375
1356	-1894.179	-2080.121	185.9415	0.3471409	1.357318	3.52957
1362	-1879.388	-2064.923	185.5343	0.3245504	1.313673	3.818867
1368	-1884.268	-2071.452	187.1844	0.2988406	1.640186	2.683345
1374	-1886.765	-2074.437	187.6722	0.2030456	1.488748	2.630793
1380	-1887.282	-2074.745	187.4638	0.2424378	1.520642	2.67146
1386	-1893.885	-2081.134	187.2489	0.2698785	1.556414	2.737986
1392	-1884.722	-2072.368	187.6454	0.2935176	1.638983	2.40492
1398	-1890.139	-2076.656	186.5165	0.3165557	1.402025	3.204839
1404	-1884.377	-2071.312	186.9352	0.3142166	1.356107	2.985662
1410	-1890.145	-2076.246	186.1012	0.2272432	1.511805	3.51499
1416	-1880.391	-2066.862	186.4717	0.3168912	1.511805	3.165878
1422	-1892.509	-2079.595	187.0859	0.2570199	1.429201	2.933895
1428	-1883.078	-2070.004	186.9265	0.2570199	1.486606	2.995243
1434	-1889.897	-2076.757	186.8596	0.2086245	1.432738	3.146396
1440	-1887.133	-2073.172	186.0383	0.2581842	1.37325	3.584296
1446	-1881.305	-2067.937	186.6318	0.2581842	1.629964	3.084027
1452	-1892.331	-2079.158	186.8269	0.1916931	1.620732	3.084027
1458	-1880.704	-2066.869	186.1648	0.1883821	1.403124	3.607332
1464	-1878.086	-2064.782	186.6968	0.1651723	1.395707	3.344474
1470	-1885.949	-2073.095	187.1463	0.1980559	1.501515	2.952533
1476	-1873.12	-2060.641	187.5204	0.2210262	1.525083	2.669942
1482	-1876.262	-2064.064	187.802	0.2210262	1.754095	2.351085
1488	-1877.888	-2065.451	187.5628	0.2381199	1.497006	2.632131
1494	-1887.342	-2074.735	187.3928	0.2654698	1.447429	2.723368
1500	-1888.223	-2075.502	187.2791	0.2315104	1.521122	2.802201
1506	-1892.59	-2080.185	187.5947	0.2152726	1.525408	2.634074
1512	-1908.544	-2097.037	188.4929	0.3391757	1.799441	1.665923
1518	-1894.462	-2082.458	187.9964	0.313569	1.748613	2.078437
1524	-1895.385	-2083.184	187.798	0.3322311	1.608952	2.271051
1530	-1897.058	-2085.066	188.0083	0.3862121	1.657521	2.029443
1536	-1885.656	-2073.872	188.2157	0.3263034	1.654699	1.976335
1542	-1889.266	-2077.432	188.1659	0.3493923	1.654699	1.976335
1548	-1882.076	-2070.086	188.0102	0.367921	1.597772	2.091845
1554	-1887.985	-2075.317	187.3313	0.2743172	1.458396	2.740816
1560	-1882.476	-2068.525	186.0484	0.2743172	1.302154	3.596192
1566	-1882.807	-2069.475	186.668	0.361825	1.569463	2.956294
1572	-1878.317	-2066.195	187.8785	0.3541686	1.569463	2.214555
1578	-1890.821	-2077.879	187.0589	0.2955799	1.512517	2.842564
1584	-1880.833	-2067.702	186.8693	0.2745904	1.543118	2.969109
1590	-1897.575	-2083.993	186.4178	0.3497017	1.418911	3.210575
1596	-1891.499	-2079.597	188.0979	0.2103522	1.748069	2.184672
1602	-1889.17	-2077.906	188.7366	0.2421067	1.839063	1.628909
1608	-1894.183	-2082.892	188.7088	0.2418516	1.869698	1.627372
1614	-1894.345	-2083.118	188.7726	0.1554042	1.758458	1.844006
1620	-1885.989	-2074.414	188.4251	0.1815598	1.717912	2.047215
1626	-1901.301	-2089.504	188.2026	0.2790514	1.670901	2.047215
1632	-1907.93	-2096.053	188.1225	0.293916	1.615867	2.112695
1638	-1890.244	-2078.443	188.1996	0.3530738	1.709564	1.911498
1644	-1893.425	-2082.266	188.8411	0.2992951	1.972099	1.342055
1650	-1886.013	-2075.217	189.2041	0.2786055	1.951751	1.09258
1656	-1883.186	-2072.108	188.9226	0.2681115	2.019006	1.299364
1662	-1888.596	-2077.828	189.2314	0.2327108	2.006032	1.126188
1668	-1887.415	-2076.771	189.3559	0.1966909	2.168228	0.9488198
1674	-1889.728	-2078.902	189.1746	0.2691928	2.119794	0.9812255
1680	-1881.988	-2070.914	188.9259	0.2714822	2.165178	1.166445
1686	-1893.325	-2081.531	188.2056	0.2751376	1.915706	1.8875
1692	-1900.17	-2087.751	187.5809	0.2725132	1.563492	2.524563
1698	-1893.037	-2081.338	188.3005	0.2725132	1.712797	1.964813
1704	-1894.247	-2082.733	188.4863	0.2991592	1.766022	1.757497
1710	-1891.922	-2080.209	188.2868	0.2808139	1.7667	1.924022
1716	-1889.786	-2077.745	187.959	0.2982104	1.759549	2.119061
1722	-1893.274	-2081.528	188.2535	0.2332484	1.634637	2.115242
1728	-1885.479	-2074.438	188.9591	0.2458832	1.973429	1.352517
1734	-1885.986	-2074.879	188.8929	0.253309	1.923122	1.428288
1740	-1891.183	-2080.022	188.8392	0.2187119	1.874609	1.575264
1746	-1893.746	-2082.181	188.4351	0.2187119	1.762057	1.936897
1752	-1882.998	-2071.679	188.681	0.238122	1.770025	1.725318
1758	-1875.079	-2062.168	187.0887	0.2754653	1.523427	2.847208
1764	-1883.679	-2070.961	187.2823	0.3481442	1.5769	2.59439
1770	-1892.704	-2079.313	186.6094	0.3017618	1.3834	3.18086
1776	-1890.905	-2078.217	187.312	0.1989439	1.37064	2.929905
1782	-1880.854	-2068.036	187.182	0.2267087	1.494698	2.885203
1788	-1887.169	-2074.298	187.129	0.2309493	1.548384	2.877687
1794	-1883.389	-2070.325	186.9362	0.2309493	1.619346	2.951253
1800	-1885.778	-2072.671	186.8923	0.2665939	1.602274	2.93162
1806	-1893.602	-2080.212	186.61	0.2547015	1.458896	3.204019
1812	-1882.606	-2069.197	186.5914	0.1914746	1.298924	3.413801
1818	-1889.877	-2076.713	186.836	0.3093139	1.551927	2.934229
1824	-1891.291	-2078.629	187.3385	0.177828	1.427656	2.918961
1830	-1892.796	-2079.853	187.0569	0.2369422	1.535852	2.918961
1836	-1891.665	-2078.892	187.2274	0.2282899	1.461304	2.875272
1842	-1891.89	-2078.745	186.8542	0.2282899	1.343613	3.169421
1848	-1896.174	-2082.585	186.4109	0.2608883	1.429018	3.329874
1854	-1899.622	-2086.387	186.7646	0.2252295	1.378542	3.206888
1860	-1901.165	-2086.33	185.165	0.2463586	1.249047	4.174655
1866	-1894.659	-2079.925	185.2657	0.2059705	1.260667	4.174655
1872	-1883.609	-2071.849	188.2408	0.3211762	1.798194	1.870095
1878	-1894.719	-2082.522	187.8027	0.3211762	1.685113	2.23477
1884	-1889.568	-2077.314	187.7464	0.2774449	1.586799	2.398508
1890	-1884.596	-2071.829	187.2326	0.2672943	1.572662	2.741942
1896	-1889.726	-2077.113	187.3873	0.2672943	1.549517	2.661257
1902	-1885.456	-2072.982	187.5257	0.2115163	1.561099	2.661257
1908	-1889.979	-2076.618	186.6394	0.300792	1.483188	3.105064
1914	-1882.585	-2069.757	187.1722	0.2638836	1.389921	2.894951
1920	-1871.295	-2059.487	188.1915	0.3036597	1.865947	1.884639
1926	-1882.386	-2070.135	187.7485	0.310094	1.792858	2.216341
1932	-1890.317	-2078.192	187.8753	0.251251	1.689555	2.29335
1938	-1899.543	-2087.944	188.4012	0.2755778	1.702906	1.898425
1944	-1892.78	-2079.994	187.2132	0.1592702	1.401479	3.046656
1950	-1894.942	-2080.929	185.9876	0.2052405	1.309193	3.734843
1956	-1900.656	-2086.869	186.2125	0.1576213	1.235134	3.734843
1962	-1886.898	-2071.871	184.9731	0.15694	1.228751	4.446023
1968	-1888.412	-2075.224	186.8121	0.1449352	1.335781	3.35292
1974	-1893.978	-2082.112	188.1345	0.1273683	1.496385	2.496211
1980	-1884.915	-2072.553	187.6377	0.1697004	1.496972	2.710906
1986	-1882.147	-2069.792	187.6451	0.1267932	1.641182	2.710906
1992	-1895.152	-2082.832	187.6795	0.2214036	1.519402	2.574514
1998	-1896.943	-2084.559	187.6166	0.2335606	1.526674	2.588144
2004	-1902.698	-2090.478	187.7792	0.1733013	1.542899	2.588144
2010	-1892.379	-2079.875	187.4954	0.2079649	1.537119	2.700983
2016	-1888.407	-2076.59	188.1829	0.2489677	1.692228	2.096256
2022	-1890.136	-2078.451	188.3151	0.1667775	1.704208	2.159748
2028	-1887.503	-2076.116	188.613	0.2212439	1.842002	1.755124
2034	-1883.328	-2072.426	189.0976	0.1913779	1.842002	1.467081
2040	-1895.787	-2084.818	189.0309	0.1673398	1.919385	1.516572
2046	-1895.219	-2083.211	187.9915	0.2636209	1.661717	2.216182
2052	-1890.794	-2078.836	188.0424	0.2299444	1.699583	2.216182
2058	-1903.868	-2091.16	187.2913	0.3233559	1.728376	2.528067
2064	-1894.22	-2083.548	189.3277	0.2175631	2.127239	0.957241
2070	-1883.953	-2072.856	188.9032	0.2352498	2.127239	1.296733
2076	-1885.551	-2073.967	188.416	0.304031	1.873267	1.723675
2082	-1890.963	-2078.809	187.846	0.3291298	1.499017	2.315032
2088	-1879.853	-2067.571	187.7174	0.2477903	1.585875	2.46469
2094	-1887.932	-2075.69	187.7576	0.2297613	1.594091	2.46469
2100	-1888.084	-2076.245	188.1611	0.1626979	1.672933	2.288051
2106	-1884.802	-2073.104	188.3026	0.2278433	1.622044	2.101042
2112	-1892.043	-2079.391	187.3476	0.2880961	1.600103	2.623103
2118	-1898.776	-2085.753	186.9767	0.2215352	1.541186	2.989597
2124	-1899.06	-2086.932	187.8712	0.2239979	1.620295	2.386693
2130	-1895.753	-2084.303	188.5498	0.2966728	1.822704	1.676847
2136	-1898.148	-2086.922	188.7738	0.2765239	1.930016	1.469284
2142	-1888.447	-2077.661	189.2134	0.2136915	2.03359	1.164963
2148	-1890.856	-2080.154	189.2979	0.1819142	2.092052	1.122973
2154	-1891.76	-2081.089	189.3288	0.2565391	1.98449	0.9945213
2160	-1893.559	-2082.714	189.1558	0.2194107	1.947956	1.272636
2166	-1887.288	-2076.367	189.0791	0.1672453	1.743635	1.610552
2172	-1888.244	-2075.634	187.3902	0.2210692	1.678379	2.655704
2178	-1880.77	-2068.208	187.4383	0.2128808	1.456145	2.776686
2184	-1875.09	-2062.352	187.262	0.2526838	1.523632	2.776686
2190	-1891.665	-2078.686	187.0211	0.2272388	1.505596	2.974739
2196	-1881.222	-2068.172	186.9497	0.1980492	1.464773	3.092306
2202	-1876.987	-2062.454	185.4673	0.2228513	1.34588	3.983624
2208	-1872.119	-2058.937	186.8182	0.2214968	1.40512	3.165531
2214	-1879.695	-2066.957	187.2618	0.2085401	1.411062	2.918723
2220	-1874.656	-2061.044	186.3884	0.1983423	1.319816	3.508093
2226	-1875.487	-2062.706	187.2193	0.264815	1.401593	2.857981
2232	-1882.37	-2070.015	187.6456	0.231361	1.582395	2.539245
2238	-1888.416	-2076.738	188.322	0.231361	1.657509	2.058601
2244	-1877.712	-2065.746	188.034	0.1915855	1.700583	2.292421
2250	-1884.021	-2072.112	188.091	0.1906958	1.612234	2.314175
2256	-1879.987	-2067.804	187.8171	0.2915793	1.787206	2.203519
2262	-1883.559	-2072.221	188.6618	0.1791041	1.787206	1.846511
2268	-1896.108	-2084.356	188.2489	0.2416362	1.709848	2.05391
2274	-1889.8	-2077.813	188.0128	0.2525418	1.765187	2.153684
2280	-1887.845	-2075.9	188.0546	0.2336181	1.773704	2.153684
2286	-1889.002	-2077.042	188.0405	0.2402289	1.81205	2.126222
2292	-1885.619	-2074.194	188.5753	0.2542439	1.872259	1.697746
2298	-1874.02	-2062.808	188.7879	0.1808851	1.869077	1.697746
2304	-1892.796	-2081.418	188.6223	0.2981982	2.126961	1.394448
2310	-1886.783	-2075.894	189.1115	0.182498	2.013651	1.344436
2316	-1886.124	-2075.121	188.9968	0.1802957	2.135265	1.344436
2322	-1885	-2074.123	189.1226	0.2001921	1.948295	1.344436
2328	-1890.453	-2079.353	188.8999	0.2454004	2.060243	1.331486
2334	-1898.08	-2087.246	189.1656	0.1856445	2.012811	1.29362
2340	-1892.869	-2081.889	189.0208	0.2495635	1.95059	1.313684
2346	-1892.658	-2081.396	188.738	0.2457363	1.890219	1.583786
2352	-1895.225	-2083.872	188.6471	0.2212163	1.856655	1.720981
2358	-1894.973	-2083.648	188.6759	0.2152415	1.691339	1.827836
2364	-1880.875	-2069.37	188.4956	0.2317937	1.825356	1.827836
2370	-1874.73	-2063.433	188.7033	0.3022228	1.873574	1.518619
2376	-1872.801	-2062.058	189.2563	0.1417927	1.826385	1.483382
2382	-1883.88	-2072.61	188.7302	0.2383526	1.831411	1.646268
2388	-1880.853	-2069.576	188.7229	0.2222779	1.882911	1.646268
2394	-1875.485	-2064.128	188.6431	0.3018794	1.886122	1.554518
2400	-1879.817	-2068.502	188.685	0.1699524	1.791951	1.847637
2406	-1879.475	-2067.739	188.2636	0.2120803	1.757555	2.066848
2412	-1892.827	-2081.397	188.5707	0.2863249	1.808647	1.68944
2418	-1893.019	-2081.276	188.257	0.2866406	1.732395	1.957753
2424	-1895.604	-2084.485	188.8811	0.1942421	1.855615	1.610896
2430	-1886.386	-2075.083	188.6966	0.1834039	1.855615	1.765748
2436	-1894.807	-2083.585	188.7784	0.2548412	1.904867	1.52565
2442	-1911.859	-2100.222	188.3636	0.2844666	1.780143	1.85666
2448	-1897.458	-2086.15	188.692	0.265853	1.956632	1.530578
2454	-1888.453	-2077.436	188.9825	0.2247018	2.186221	1.205677
2460	-1881.632	-2070.582	188.95	0.3611152	2.199424	0.9142377
2466	-1878.428	-2067.54	189.1123	0.2592026	2.164573	1.0238
2472	-1884.634	-2073.685	189.0509	0.3069642	2.228404	0.900783
2478	-1884.948	-2073.982	189.0336	0.2329498	2.288752	1.046917
2484	-1890.622	-2079.792	189.1702	0.2045534	2.099256	1.168569
2490	-1893.993	-2082.794	188.8005	0.2686173	1.960581	1.440584
2496	-1890.133	-2079.177	189.0438	0.190571	2.023785	1.370114
2502	-1881.86	-2070.452	188.5927	0.2177496	1.895273	1.739011
2508	-1893.937	-2082.852	188.9153	0.1706118	2.009475	1.5275
2514	-1897.706	-2086.42	188.7146	0.2876051	1.952085	1.477034
2520	-1888.479	-2077.392	188.9138	0.1922481	2.009994	1.477034
2526	-1876.791	-2065.727	188.9361	0.2424857	1.949809	1.396258
2532	-1882.232	-2071.192	188.9601	0.1670545	2.060071	1.464676
2538	-1895.112	-2083.847	188.7353	0.1942182	1.895845	1.686687
2544	-1891.938	-2080.825	188.8866	0.1942182	2.016622	1.48798
2550	-1878.483	-2067.485	189.0019	0.1966469	1.914992	1.472112
2556	-1881.864	-2070.833	188.9684	0.2114857	1.841502	1.519537
2562	-1911.104	-2100.195	189.0911	0.2151343	1.904804	1.36922
2568	-1900.449	-2089.379	188.93	0.2699482	1.930706	1.360481
2574	-1887.146	-2075.656	188.5105	0.2083859	1.885853	1.82146
2580	-1881.833	-2070.866	189.0334	0.1896761	1.906579	1.470759
2586	-1878.543	-2067.296	188.7527	0.1896761	1.927747	1.661444
2592	-1871.301	-2059.593	188.2914	0.2258965	1.82685	1.97639
2598	-1875.942	-2064.348	188.4061	0.2178342	1.82685	1.914419
2604	-1877.948	-2066.719	188.7707	0.2033145	1.848266	1.675947
2610	-1892.648	-2080.583	187.935	0.2128999	1.685983	2.324519
2616	-1891.794	-2079.757	187.9624	0.2002945	1.440561	2.485461
2622	-1892.233	-2079.811	187.5774	0.2469709	1.519208	2.594825
2628	-1897.224	-2085.206	187.9822	0.3073757	1.689437	2.135817
2634	-1897.546	-2085.718	188.1717	0.2677575	1.64559	2.102616
2640	-1900.289	-2088.587	188.298	0.2331535	1.689887	2.049813
2646	-1902.452	-2090.417	187.965	0.2334162	1.729121	2.240915
2652	-1905.44	-2093.236	187.7967	0.2161512	1.570473	2.478914
2658	-1900.996	-2088.92	187.9239	0.2468923	1.716787	2.252007
2664	-1897.515	-2086.021	188.5066	0.222987	1.925121	1.767988
2670	-1893.555	-2082.66	189.1054	0.1729076	1.890857	1.468238
2676	-1884.372	-2073.336	188.9639	0.1658443	1.870976	1.60512
2682	-1886.175	-2074.539	188.364	0.2863503	1.89413	1.774622
2688	-1887.894	-2076.699	188.805	0.2428582	2.065	1.407844
2694	-1889.818	-2078.716	188.8976	0.1482695	1.841773	1.716479
2700	-1890.482	-2079.219	188.7369	0.1482695	1.844031	1.826833
2706	-1886.409	-2074.915	188.5066	0.1859387	1.844298	1.898755
2712	-1879.999	-2068.597	188.5975	0.1744681	1.875838	1.840048
2718	-1883.816	-2072.384	188.5683	0.1406887	1.88752	1.930517
2724	-1887.997	-2076.674	188.6773	0.14342	1.88752	1.849744
2730	-1884.397	-2072.775	188.3786	0.1768181	1.816774	2.022521
2736	-1890.29	-2078.692	188.4018	0.2546551	1.816774	1.856382
2742	-1892.619	-2081.078	188.4598	0.2461929	1.795322	1.846482
2748	-1895.131	-2083.85	188.72	0.3119647	1.701114	1.616599
2754	-1896.375	-2084.205	187.8302	0.2758341	1.532634	2.382253
2760	-1880.778	-2067.886	187.1077	0.2758341	1.492832	2.853681
2766	-1892.198	-2080.19	187.9924	0.2758341	1.607589	2.230865
2772	-1888.193	-2076.028	187.8348	0.195096	1.679275	2.425563
2778	-1895.848	-2083.607	187.7583	0.1534496	1.521168	2.655563
2784	-1893.36	-2081.687	188.327	0.3086248	1.564427	1.988873
2790	-1896.657	-2085.568	188.9101	0.230373	1.702123	1.625484
2796	-1909.286	-2097.757	188.4704	0.249539	1.827528	1.810943
2802	-1888.751	-2077.496	188.7456	0.2222738	1.883369	1.629606
2808	-1897.508	-2086.72	189.2123	0.2213035	1.936323	1.230782
2814	-1904.489	-2093.394	188.9047	0.220055	1.94817	1.468836
2820	-1899.941	-2089.061	189.1199	0.1875084	1.94817	1.377155
2826	-1897.474	-2086.446	188.972	0.2505401	1.917039	1.377155
2832	-1890.01	-2078.923	188.9125	0.2515491	2.027154	1.335011
2838	-1898.971	-2087.888	188.9164	0.1930989	2.027154	1.460022
2844	-1895.043	-2083.829	188.786	0.2605299	1.939963	1.482794
2850	-1881.504	-2070.255	188.7511	0.2338776	1.809361	1.65582
2856	-1887.051	-2075.883	188.8322	0.2210163	1.866313	1.581715
2862	-1889.365	-2076.847	187.4818	0.2582793	1.566829	2.606299
2868	-1894.554	-2082.876	188.3216	0.2295187	1.767214	1.989335
2874	-1880.569	-2069.056	188.4869	0.1867996	1.726179	1.989755
2880	-1890.95	-2078.645	187.6955	0.2143203	1.520756	2.576243
2886	-1878.864	-2065.5	186.6362	0.2520434	1.630366	3.090617
2892	-1875.729	-2062.707	186.9784	0.2575714	1.5038	2.95285
2898	-1898.292	-2085.537	187.2447	0.1867581	1.393116	2.979264
2904	-1885.002	-2072.007	187.0047	0.3017548	1.486879	2.882209
2910	-1894.925	-2080.175	185.2493	0.2109465	1.345188	4.127669
2916	-1898.624	-2084.306	185.6819	0.2441363	1.24601	3.884692
2922	-1886.368	-2073.597	187.2289	0.2135834	1.579681	2.827727
2928	-1890.896	-2077.547	186.6512	0.2397815	1.415767	3.2284
2934	-1889.707	-2076.927	187.2208	0.2397815	1.415767	2.887891
2940	-1903.878	-2090.589	186.7108	0.2292637	1.441276	3.194932
2946	-1896.089	-2083.009	186.9196	0.1757379	1.463297	3.152421
2952	-1887.123	-2074.326	187.2037	0.2928466	1.531696	2.746623
2958	-1892.659	-2079.913	187.2541	0.2484514	1.53646	2.780421
2964	-1884.679	-2072.1	187.4208	0.2240813	1.554578	2.707752
2970	-1884.528	-2073.023	188.4951	0.1655843	1.74643	2.016208
2976	-1883.853	-2072.023	188.1697	0.2585455	1.74643	2.052889
2982	-1885.734	-2074.195	188.461	0.2370518	1.7964	1.861595
2988	-1873.358	-2060.588	187.23	0.2793283	1.535764	2.747884
2994	-1880.866	-2067.829	186.9629	0.2222791	1.517847	3.01063
3000	-1884.699	-2072.694	187.9948	0.1622284	1.689853	2.384032
3006	-1899.226	-2087.929	188.7035	0.1840489	1.697938	1.868425
3012	-1885.705	-2074.031	188.326	0.2236231	1.704393	2.039114
3018	-1895.07	-2083.8	188.731	0.2362009	1.786408	1.68205
3024	-1902.291	-2090.811	188.5193	0.1850335	1.675132	2.005862
3030	-1882.819	-2071.137	188.3176	0.2513912	1.825277	1.913616
3036	-1886.228	-2074.674	188.4467	0.1979654	1.851114	1.909809
3042	-1886.248	-2074.958	188.7093	0.1979654	1.888219	1.702549
3048	-1884.342	-2073.502	189.1602	0.1903832	1.857172	1.409801
3054	-1888.353	-2076.918	188.5656	0.2114717	1.842873	1.806855
3060	-1879.901	-2068.428	188.5272	0.3103717	1.842873	1.655949
3066	-1889.269	-2078.207	188.9382	0.1723856	1.804617	1.655949
3072	-1906.167	-2094.368	188.2006	0.2081639	1.687068	2.161759
3078	-1884.093	-2071.95	187.857	0.2015453	1.533357	2.491058
3084	-1878.72	-2066.569	187.8487	0.1895951	1.577824	2.491058
3090	-1877.269	-2065.395	188.1264	0.2500603	1.661719	2.151296
3096	-1893.582	-2081.247	187.6648	0.2058589	1.661879	2.522877
3102	-1901.917	-2088.473	186.5557	0.2509695	1.397983	3.277883
3108	-1886.528	-2073.447	186.9185	0.2394702	1.429885	3.061609
3114	-1890.456	-2078.163	187.7067	0.2379077	1.467485	2.561654
3120	-1885.742	-2072.728	186.9866	0.2608158	1.470296	2.963084
3126	-1883.466	-2071.756	188.2891	0.203713	1.472201	2.251866
3132	-1888.756	-2075.934	187.1779	0.2255845	1.463159	2.908593
3138	-1897.865	-2086.151	188.2857	0.3138123	1.823003	1.833715
3144	-1889.236	-2077.388	188.1527	0.2954806	1.594558	2.104422
3150	-1875.351	-2062.784	187.4339	0.2304541	1.400572	2.78309
3156	-1885.009	-2072.866	187.8573	0.194028	1.50732	2.521266
3162	-1878.298	-2066.436	188.1378	0.1733234	1.626353	2.310311
3168	-1870.816	-2056.76	185.9442	0.2671737	1.378257	3.622793
3174	-1885.119	-2072.196	187.077	0.2554955	1.349408	2.989601
3180	-1887.381	-2074.211	186.8293	0.1977027	1.317854	3.251635
3186	-1902.935	-2090.432	187.4972	0.2512803	1.432147	2.690994
3192	-1894.271	-2081.793	187.5219	0.2611762	1.463812	2.640651
3198	-1906.504	-2093.356	186.8517	0.2782038	1.448881	3.030896
3204	-1889.254	-2077.164	187.9098	0.2436145	1.519112	2.392497
3210	-1895.738	-2083.858	188.1196	0.2432177	1.619114	2.195084
3216	-1895.889	-2083.899	188.0095	0.2209505	1.558544	2.343606
3222	-1885.826	-2072.872	187.046	0.2517297	1.402667	2.982119
3228	-1890.9	-2078.904	188.004	0.210677	1.634245	2.317641
3234	-1877.105	-2065.101	187.996	0.276885	1.64126	2.205152
3240	-1872.286	-2060.054	187.7681	0.2498475	1.628568	2.402519
3246	-1886.469	-2074.994	188.5249	0.2498475	1.636328	1.903898
3252	-1877.85	-2065.79	187.9402	0.2793765	1.691031	2.205062
3258	-1887.696	-2074.639	186.9434	0.2888918	1.568851	2.887984
3264	-1892.928	-2080.115	187.187	0.3001827	1.568851	2.723561
3270	-1879.193	-2066.5	187.3069	0.2589186	1.491401	2.759192
3276	-1896.349	-2083.71	187.3609	0.1965946	1.424304	2.872209
3282	-1880.621	-2067.602	186.9818	0.3442722	1.549844	2.800532
3288	-1882.585	-2069.94	187.3549	0.2622305	1.535714	2.697467
3294	-1878.089	-2065.97	187.8811	0.2656578	1.674928	2.275346
3300	-1878.371	-2066.088	187.7168	0.2636885	1.674928	2.383163
3306	-1876.632	-2064.38	187.7479	0.2995338	1.54573	2.390145
3312	-1873.221	-2061.044	187.8231	0.2844167	1.614061	2.321807
3318	-1889.736	-2077.749	188.0125	0.2000617	1.650436	2.321807
3324	-1890.885	-2077.459	186.574	0.2216246	1.372653	3.32883
3330	-1887.352	-2072.703	185.3505	0.2458714	1.318947	4.02995
3336	-1892.448	-2079.821	187.3736	0.2458714	1.420524	2.7824
3342	-1897.719	-2085.212	187.4933	0.289199	1.554265	2.559637
3348	-1900.425	-2088.034	187.609	0.1978677	1.588401	2.617876
3354	-1890.598	-2078.533	187.9348	0.2673332	1.7359	2.198795
3360	-1896.447	-2084.259	187.8121	0.2226842	1.628351	2.42126
3366	-1897.838	-2085.437	187.5988	0.2743904	1.680738	2.437044
3372	-1891.416	-2079.16	187.7439	0.2353068	1.680738	2.409274
3378	-1916.994	-2105.048	188.0536	0.2397788	1.794501	2.129903
3384	-1898.329	-2086.958	188.6288	0.2416234	1.498746	1.941345
3390	-1886.615	-2075.098	188.4825	0.2295093	1.60241	1.991952
3396	-1878.318	-2066.867	188.5499	0.2046747	1.732128	1.90699
3402	-1878.855	-2067.781	188.926	0.1780464	1.744713	1.694347
3408	-1884.446	-2073.229	188.7833	0.1900225	1.636178	1.84335
3414	-1883.523	-2072.003	188.4802	0.1995851	1.690458	1.992026
3420	-1889.822	-2078.124	188.3023	0.2410972	1.751072	1.992026
3426	-1886.555	-2074.801	188.2458	0.2710429	1.695553	2.015286
3432	-1897.578	-2085.882	188.3044	0.280104	1.738969	1.932033
3438	-1895.533	-2083.669	188.1362	0.2856015	1.545088	2.16283
3444	-1874.752	-2062.121	187.3683	0.2531643	1.700386	2.602053
3450	-1890.62	-2078.304	187.6841	0.3329294	1.779745	2.233501
3456	-1876.974	-2065.054	188.0807	0.2661358	1.804096	2.060902
3462	-1875.955	-2063.106	187.1509	0.2661358	1.493246	2.841843
3468	-1887.613	-2074.689	187.0764	0.3092434	1.464544	2.841843
3474	-1872.469	-2060.63	188.1615	0.3001062	1.601275	2.087122
3480	-1883.143	-2071.208	188.065	0.3381504	1.693351	2.03378
3486	-1875.95	-2064.075	188.1249	0.3551118	1.717289	1.953811
3492	-1875.7	-2064.218	188.5184	0.2486738	1.83948	1.77091
3498	-1874.417	-2063.015	188.5979	0.2555855	1.773914	1.748641
3504	-1875.354	-2063.986	188.6324	0.2615583	1.822981	1.678846
3510	-1875.394	-2063.253	187.8591	0.2731378	1.749117	2.229823
3516	-1877.059	-2065.414	188.3552	0.249805	1.810998	1.900647
3522	-1889.36	-2076.929	187.5685	0.249805	1.645609	2.517162
3528	-1887.121	-2074.338	187.2173	0.3129003	1.575503	2.683003
3534	-1888.888	-2076.226	187.3381	0.2528158	1.600224	2.683003
3540	-1885.338	-2072.386	187.0484	0.2682228	1.512442	2.889168
3546	-1881.765	-2068.523	186.7577	0.2574822	1.663646	2.989618
3552	-1870.863	-2058.143	187.2797	0.2353614	1.458231	2.833709
3558	-1884.19	-2071.635	187.4455	0.2353614	1.687712	2.591329
3564	-1887.305	-2076.186	188.8806	0.1779224	1.826631	1.668665
3570	-1887.531	-2076.279	188.7481	0.2159138	2.022681	1.53916
3576	-1890.134	-2078.442	188.3082	0.2159138	1.722917	2.053004
3582	-1893.327	-2081.369	188.0421	0.296708	1.780363	2.053004
3588	-1878.643	-2067.053	188.4106	0.2442611	1.773615	1.898304
3594	-1883.936	-2072.619	188.6834	0.1999611	1.781824	1.79101
3600	-1881.485	-2070.331	188.8457	0.234718	1.814085	1.582272
3606	-1883.252	-2072.129	188.8766	0.1831036	1.814085	1.668733
3612	-1876.364	-2065.021	188.6574	0.2629265	1.929306	1.581592
3618	-1877.922	-2066.699	188.7773	0.2338693	1.885711	1.581592
3624	-1875.896	-2064.627	188.7304	0.2688672	1.901644	1.537282
3630	-1875.286	-2062.882	187.5956	0.3218679	1.706656	2.352428
3636	-1878.385	-2066.368	187.9832	0.2492575	1.65344	2.250645
3642	-1883.931	-2071.833	187.9019	0.2492575	1.596118	2.33927
3648	-1880.938	-2068.833	187.8956	0.2492575	1.602418	2.33927
3654	-1888.047	-2076.394	188.3467	0.2541557	1.709562	1.967123
3660	-1888.257	-2076.284	188.0269	0.2762782	1.770532	2.101782
3666	-1885.881	-2074.039	188.1577	0.2540464	1.692227	2.104071
3672	-1888.229	-2076.629	188.3996	0.3175419	1.803318	1.762631
3678	-1881.071	-2069.699	188.6281	0.313806	2.059946	1.414149
3684	-1901.054	-2090.073	189.0191	0.2744086	2.094652	1.14008
3690	-1898.954	-2085.849	186.8949	0.1662129	1.618686	3.093154
3696	-1893.475	-2080.049	186.574	0.2029305	1.41849	3.333605
3702	-1890.423	-2077.063	186.6406	0.2498065	1.520425	3.156938
3708	-1880.925	-2068.122	187.197	0.1830832	1.558992	2.915056
3714	-1894.522	-2082.081	187.5592	0.179506	1.489318	2.744233
3720	-1886.118	-2074.068	187.9502	0.1814829	1.562413	2.452983
3726	-1878.904	-2066.747	187.8434	0.1789762	1.613027	2.493161
3732	-1881.13	-2069.043	187.9136	0.1453353	1.656069	2.493161
3738	-1885.941	-2073.92	187.9791	0.1759321	1.610385	2.41574
3744	-1899.64	-2087.851	188.2117	0.1487298	1.469261	2.41574
3750	-1901.526	-2088.438	186.9124	0.2121417	1.464584	3.089906
3756	-1900.186	-2086.475	186.2899	0.2231516	1.499865	3.418409
3762	-1901.231	-2088.596	187.3655	0.2567918	1.55944	2.684931
3768	-1893.541	-2080.383	186.842	0.2285535	1.39503	3.145707
3774	-1885.754	-2072.55	186.7967	0.2710057	1.351404	3.132494
3780	-1890.2	-2078.198	187.998	0.358092	1.736464	2.021618
3786	-1889.089	-2077.316	188.227	0.2467504	1.686207	2.075043
3792	-1894.491	-2082.439	187.9478	0.2199812	1.645798	2.329098
3798	-1898.281	-2086.315	188.0346	0.3133998	1.799803	2.019589
3804	-1896.006	-2082.517	186.5106	0.2697317	1.496704	3.217906
3810	-1905.739	-2093.286	187.5467	0.2170536	1.579862	2.626925
3816	-1890.794	-2078.793	187.9993	0.2192994	1.579862	2.339515
3822	-1899.174	-2087.084	187.9108	0.1439098	1.588375	2.540287
3828	-1887.514	-2076.071	188.5564	0.2164567	1.714421	1.891385
3834	-1900.897	-2090.121	189.2244	0.1814394	1.963635	1.296519
3840	-1899.619	-2087.825	188.2061	0.2331947	1.707244	2.09881
3846	-1880.532	-2069.05	188.5177	0.1380014	1.690185	2.101903
3852	-1878.846	-2067.402	188.5562	0.2602918	1.690185	1.827362
3858	-1883.262	-2071.815	188.5525	0.2597823	1.79608	1.757354
3864	-1878.743	-2067.785	189.0422	0.1843516	1.895376	1.485047
3870	-1894.557	-2083.541	188.9835	0.1740257	2.094641	1.402654
3876	-1883.866	-2072.739	188.8731	0.1291645	1.698909	1.880702
3882	-1894.546	-2082.867	188.3206	0.2202409	1.850105	1.951814
3888	-1892.387	-2080.776	188.3889	0.2071282	1.919584	1.884119
3894	-1892.408	-2081.133	188.7249	0.2158472	1.857947	1.675696
3900	-1895.448	-2084.176	188.728	0.245894	1.857947	1.614232
3906	-1906.962	-2095.942	188.9794	0.2431908	1.908803	1.392953
3912	-1889.083	-2078.183	189.0994	0.220626	1.978035	1.291396
3918	-1883.329	-2072.091	188.7623	0.1974941	1.860471	1.685629
3924	-1898.77	-2086.014	187.244	0.1858085	1.55383	2.884596
3930	-1889.156	-2077.045	187.8895	0.1384402	1.482701	2.631285
3936	-1897.299	-2085.042	187.7433	0.166309	1.531929	2.631285
3942	-1902.264	-2089.178	186.914	0.2116174	1.449826	3.098704
3948	-1901.23	-2088.807	187.5764	0.2297591	1.502263	2.63457
3954	-1900.667	-2086.268	185.601	0.2297591	1.433569	3.845696
3960	-1895.112	-2081.468	186.3557	0.2229383	1.360126	3.462032
3966	-1908.113	-2093.212	185.0995	0.2538541	1.206269	4.22502
3972	-1907.608	-2096.268	188.6601	0.2636133	1.959622	1.556107
3978	-1899.141	-2087.958	188.8167	0.231597	1.830231	1.597851
3984	-1910.448	-2099.464	189.0167	0.1668144	1.937936	1.514552
3990	-1897.568	-2086.493	188.9245	0.2046101	1.907434	1.518097
3996	-1892.461	-2080.789	188.3273	0.199447	1.801214	2.020363
4002	-1900.08	-2087.709	187.6288	0.2396289	1.689185	2.469024
4008	-1904.505	-2092.456	187.9511	0.2995792	1.747636	2.129929
4014	-1905.325	-2093.967	188.6426	0.2616632	1.823503	1.671032
4020	-1904.259	-2092.364	188.1058	0.3316299	1.803593	1.942336
4026	-1910.729	-2097.983	187.2541	0.3916244	1.65344	2.509417
4032	-1902.073	-2087.844	185.7716	0.2888858	1.460344	3.644474
4038	-1896.593	-2082.599	186.0069	0.2412772	1.332287	3.651915
4044	-1895.51	-2081.559	186.0493	0.2412772	1.279588	3.657921
4050	-1883.875	-2070.687	186.8121	0.2412772	1.460108	3.104164
4056	-1887.727	-2074.985	187.2581	0.3200608	1.448475	2.725976
4062	-1881.913	-2070.124	188.2114	0.2488043	1.672971	2.09045
4068	-1883.306	-2071.081	187.7752	0.2477976	1.67223	2.373832
4074	-1889.805	-2077.082	187.2771	0.2037995	1.556334	2.829945
4080	-1887.265	-2074.394	187.1287	0.2100797	1.604049	2.879822
4086	-1903.246	-2090.763	187.5175	0.1839709	1.730015	2.613223
4092	-1899.009	-2086.712	187.7035	0.2275105	1.690955	2.441762
4098	-1911.04	-2098.475	187.4343	0.3361219	1.525335	2.54806
4104	-1900.794	-2088.72	187.9261	0.3230001	1.625709	2.19082
4110	-1884.4	-2071.51	187.1099	0.2579003	1.492992	2.879544
4116	-1896.922	-2083.941	187.0188	0.3076247	1.400592	2.917593
4122	-1888.175	-2075.406	187.2308	0.2191897	1.36597	2.946139
4128	-1895.004	-2082.774	187.7703	0.3040688	1.70385	2.268514
4134	-1883.708	-2070.783	187.0755	0.2457498	1.460197	2.939197
4140	-1908.846	-2097.093	188.2467	0.229474	1.507772	2.208941
4146	-1885.483	-2073.389	187.9062	0.3355399	1.590054	2.208941
4152	-1882.474	-2070.241	187.767	0.3696996	1.605407	2.242646
4158	-1898.166	-2085.983	187.8166	0.2901699	1.4891	2.39644
4164	-1895.895	-2083.958	188.0628	0.2352609	1.612253	2.249902
4170	-1898.847	-2086.923	188.0761	0.2082054	1.486601	2.370171
4176	-1896.906	-2085.439	188.5338	0.1910745	1.67982	1.980559
4182	-1878.957	-2067.491	188.5341	0.2240423	1.850914	1.798409
4188	-1872.312	-2061.091	188.7792	0.2592808	2.010289	1.436848
4194	-1872.989	-2061.841	188.8514	0.2350735	1.866273	1.538957
4200	-1886.811	-2075.214	188.4029	0.3271272	1.7607	1.775156
4206	-1876.743	-2065.651	188.9085	0.2285777	1.899822	1.484556
4212	-1887.977	-2076.681	188.7048	0.2692984	1.899822	1.556745
4218	-1883.897	-2072.701	188.8042	0.2415404	1.943844	1.503376
4224	-1876.599	-2065.399	188.8001	0.213057	1.854528	1.630003
4230	-1877.379	-2066.276	188.8971	0.3264443	1.972729	1.24568
4236	-1876.616	-2065.144	188.5276	0.231901	1.88542	1.76382
4242	-1874.52	-2063.387	188.8678	0.2073296	1.87544	1.577737
4248	-1889.058	-2077.937	188.8789	0.2022504	1.879272	1.577737
4254	-1884.508	-2073.524	189.0162	0.2508928	1.911967	1.34549
4260	-1876.411	-2064.935	188.5232	0.3341253	1.885676	1.589666
4266	-1885.504	-2074.199	188.6954	0.3407748	2.083048	1.295358
4272	-1884.984	-2074.236	189.2517	0.1740732	2.018623	1.248093
4278	-1879.471	-2068.818	189.3465	0.2035335	2.041253	1.064104
4284	-1892.242	-2081.383	189.1409	0.1589182	2.043785	1.358382
4290	-1890.962	-2079.927	188.9645	0.1769333	1.939451	1.527785
4296	-1883.766	-2073.186	189.4198	0.1587374	1.979691	1.181514
4302	-1889.558	-2078.961	189.4021	0.1261224	1.853709	1.39534
4308	-1881.07	-2070.106	189.036	0.2104886	1.94438	1.391855
4314	-1873.599	-2062.596	188.9972	0.1925532	1.870831	1.518187
4320	-1888.683	-2077.759	189.0759	0.2142669	1.967708	1.333302
4326	-1887.258	-2076.337	189.0785	0.2022428	1.937424	1.382988
4332	-1890.552	-2079.752	189.1997	0.11766	1.8911	1.545306
4338	-1893.894	-2082.772	188.8777	0.2196959	1.95842	1.48227
4344	-1898.233	-2086.937	188.7047	0.1897143	2.069311	1.593878
4350	-1893.621	-2082.784	189.1626	0.1812794	2.092407	1.241671
4356	-1888.089	-2077.405	189.3155	0.1564276	1.988531	1.268861
4362	-1892.302	-2081.772	189.4697	0.1083974	1.988531	1.289908
4368	-1897.6	-2087.053	189.4521	0.1074196	2.042777	1.263081
4374	-1903.921	-2093.074	189.153	0.2008795	2.016153	1.263081
4380	-1890.294	-2079.553	189.259	0.1728944	1.997132	1.263081
4386	-1905.261	-2093.989	188.7274	0.2555802	1.997132	1.493401
4392	-1898.578	-2087.851	189.2735	0.1944953	1.990298	1.199498
4398	-1887.375	-2076.486	189.1109	0.1847387	1.921336	1.411787
4404	-1898.708	-2087.879	189.1712	0.1562438	1.76855	1.552055
4410	-1897.643	-2086.675	189.0321	0.1571051	1.953532	1.515865
4416	-1896.651	-2085.439	188.7883	0.1740685	1.953532	1.65275
4422	-1888.729	-2077.569	188.8403	0.1740685	1.901558	1.65275
4428	-1888.219	-2076.586	188.3671	0.1942972	1.901558	1.937039
4434	-1881.353	-2070.483	189.1298	0.1218392	2.084093	1.440463
4440	-1887.411	-2076.723	189.3116	0.1595695	2.11184	1.158183
4446	-1885.223	-2074.466	189.2424	0.1786904	2.032845	1.231559
4452	-1883.708	-2072.818	189.1102	0.1786904	2.165084	1.231559
4458	-1877.453	-2066.904	189.4512	0.1405018	1.979393	1.209828
4464	-1879.61	-2068.675	189.0645	0.1641043	2.092586	1.366411
4470	-1876.896	-2065.787	188.8916	0.2023278	2.086282	1.412428
4476	-1874.508	-2063.443	188.9354	0.2023278	2.042445	1.412428
4482	-1886.48	-2075.293	188.8132	0.2334934	2.115766	1.381518
4488	-1892.707	-2081.577	188.8705	0.2341471	2.022979	1.407824
4494	-1893.048	-2081.708	188.6604	0.2042954	1.961976	1.67144
4500	-1886.024	-2075.071	189.0467	0.2262304	2.125634	1.198984
4506	-1892.058	-2081.217	189.1589	0.2177564	2.038582	1.19778
4512	-1894.262	-2083.123	188.8611	0.1899588	2.019992	1.514359
4518	-1883.919	-2073.101	189.1817	0.2970643	1.972269	1.052982
4524	-1873.863	-2062.476	188.6129	0.2739959	1.813542	1.677265
4530	-1892.086	-2080.409	188.3238	0.2277206	1.690093	2.042446
4536	-1887.236	-2075.286	188.0494	0.2768736	1.836589	2.042446
4542	-1891.392	-2080.008	188.6156	0.2678714	1.836589	1.669754
4548	-1887.552	-2076.276	188.7245	0.2237228	1.844474	1.669754
4554	-1893.689	-2082.535	188.846	0.1904088	1.856087	1.644326
4560	-1887.606	-2075.672	188.0666	0.2625971	1.80174	2.077577
4566	-1886.629	-2075.135	188.5058	0.2881573	1.744681	1.776917
4572	-1888.959	-2077.671	188.712	0.2750947	1.914094	1.530224
4578	-1890.199	-2079.326	189.1268	0.2247117	2.041913	1.205643
4584	-1902.777	-2091.65	188.873	0.2091751	1.898326	1.553119
4590	-1906.026	-2094.243	188.2166	0.2433233	1.877436	1.960826
4596	-1895.496	-2084.274	188.7772	0.2845982	2.021815	1.380827
4602	-1893.08	-2082.218	189.138	0.1376467	2.08893	1.384229
4608	-1884.684	-2073.95	189.2663	0.1205487	2.160329	1.275947
4614	-1884.067	-2072.803	188.7362	0.2432538	1.998464	1.510024
4620	-1877.73	-2066.815	189.0856	0.2247287	2.004248	1.271772
4626	-1880.298	-2069.067	188.7685	0.2469001	2.061627	1.430312
4632	-1873.78	-2062.853	189.0728	0.2235027	2.061627	1.237596
4638	-1881.543	-2070.448	188.9046	0.2710405	1.925615	1.382357
4644	-1883.397	-2072.226	188.829	0.2807438	1.980944	1.379563
4650	-1890.67	-2079.531	188.8603	0.2807438	1.96811	1.364999
4656	-1892.421	-2081.16	188.7398	0.2412747	1.96811	1.533816
4662	-1897.868	-2086.366	188.4981	0.2922794	1.948969	1.630813
4668	-1895.73	-2084.189	188.4593	0.281417	1.953963	1.673727
4674	-1886.82	-2075.653	188.8322	0.2810336	1.831624	1.491198
4680	-1900.733	-2089.232	188.499	0.2198493	1.790919	1.871861
4686	-1891.927	-2080.584	188.6574	0.2685796	1.681296	1.748745
4692	-1902.951	-2091.139	188.1879	0.2832811	1.865437	1.920096
4698	-1903.273	-2092.154	188.8814	0.2931454	1.926027	1.358141
4704	-1901.03	-2090.198	189.1677	0.2218711	1.823106	1.358141
4710	-1898.934	-2087.644	188.7097	0.217347	1.878046	1.669179
4716	-1895.735	-2084.29	188.5546	0.2663835	1.99897	1.599396
4722	-1898.61	-2087.469	188.8587	0.2694863	1.950759	1.401583
4728	-1906.78	-2095.363	188.5824	0.2307059	1.939475	1.68953
4734	-1902.132	-2090.614	188.4819	0.1571091	1.753855	2.039029
4740	-1912.347	-2101.06	188.7131	0.172992	1.739601	1.857447
4746	-1895.017	-2083.705	188.6882	0.1807716	1.739601	1.857447
4752	-1896.605	-2085.035	188.4305	0.2039854	1.656578	2.038939
4758	-1917.831	-2106.41	188.5792	0.2018398	1.60294	1.979906
4764	-1884.504	-2073.263	188.7589	0.2367361	1.734193	1.698273
4770	-1894.464	-2083.221	188.7572	0.2174492	1.865336	1.644057
4776	-1885.711	-2073.843	188.1318	0.1995752	1.75132	2.181211
4782	-1892.87	-2081.116	188.2458	0.173879	1.717231	2.181211
4788	-1883.329	-2071.484	188.1552	0.2229142	1.660327	2.181211
4794	-1888.832	-2077.491	188.6588	0.1687905	1.718148	1.918328
4800	-1897.996	-2086.545	188.5492	0.1848625	1.684698	1.979885
4806	-1894.534	-2083.101	188.5667	0.2009038	1.618178	1.979885
4812	-1886.928	-2074.144	187.2152	0.2620181	1.560758	2.76797
4818	-1881.592	-2068.006	186.4135	0.243412	1.493678	3.317023
4824	-1884.89	-2073.548	188.6582	0.2100625	1.575635	1.928948
4830	-1894.63	-2083.628	188.9987	0.182882	1.78229	1.604245
4836	-1906.078	-2094.492	188.4145	0.2594197	1.713265	1.909852
4842	-1899.867	-2088.399	188.532	0.2219668	1.58912	1.98181
4848	-1895.701	-2084.232	188.5306	0.227424	1.875652	1.777122
4854	-1889.351	-2077.841	188.4906	0.2505292	1.853504	1.777122
4860	-1888.195	-2076.278	188.0831	0.242487	1.823386	2.086901
4866	-1881.357	-2069.208	187.8507	0.1944964	1.762893	2.363784
4872	-1893.399	-2081.554	188.1557	0.1920986	1.651193	2.245004
4878	-1899.884	-2087.401	187.5174	0.2298605	1.686057	2.557083
4884	-1887.685	-2076.992	189.3069	0.2037065	2.239881	0.9013221
4890	-1881.31	-2070.401	189.0913	0.2796306	2.134589	1.023864
4896	-1886.813	-2075.892	189.0791	0.2482158	2.173076	1.074648
4902	-1886.11	-2075.387	189.2769	0.1967909	2.03136	1.154869
4908	-1877.034	-2066.089	189.0547	0.1848797	2.209048	1.224755
4914	-1878.733	-2067.815	189.0817	0.1937115	1.95181	1.389311
4920	-1881.037	-2070.208	189.1712	0.1593413	2.040251	1.33594
4926	-1882.751	-2071.91	189.1592	0.2262505	1.832526	1.347738
4932	-1886.593	-2075.68	189.0873	0.202912	2.036508	1.295349
4938	-1895.525	-2084.746	189.2214	0.2154557	2.210958	0.9866776
4944	-1905.335	-2094.342	189.0063	0.2555638	2.204465	1.095326
4950	-1903.109	-2092.096	188.9861	0.2456445	2.080844	1.243625
4956	-1884.018	-2073.14	189.1215	0.1931305	2.094362	1.243625
4962	-1892.178	-2081.121	188.9427	0.2424924	2.033218	1.325069
4968	-1896.085	-2085.029	188.944	0.2043508	2.033218	1.408295
4974	-1889.291	-2077.319	188.0273	0.1984446	1.666692	2.305075
4980	-1884.601	-2072.747	188.1462	0.2342107	1.681314	2.153108
4986	-1894.479	-2083.183	188.7041	0.160353	1.710668	1.911798
4992	-1883.23	-2071.744	188.5144	0.1862231	1.816398	1.911798
4998	-1884.243	-2072.682	188.4385	0.1771879	1.883694	1.936884
5004	-1892.998	-2081.963	188.9654	0.1673974	1.888442	1.587561
5010	-1895.962	-2084.252	188.2896	0.2224485	1.814499	1.992237
5016	-1889.616	-2077.913	188.2967	0.1660996	1.6336	2.218843
5022	-1890.649	-2079.02	188.3718	0.1660996	1.77535	2.077555
5028	-1895.845	-2084.316	188.4714	0.1649413	1.64747	2.09869
5034	-1878.657	-2067.152	188.4952	0.1663245	1.619069	2.09869
5040	-1884.673	-2073.35	188.6766	0.2160996	1.6923	1.825033
5046	-1868.276	-2056.937	188.6617	0.1960391	1.730606	1.849411
5052	-1888.83	-2077.621	188.7904	0.1408485	1.797338	1.840355
5058	-1878.349	-2067.166	188.8171	0.2111992	1.937015	1.561441
5064	-1884.592	-2073.315	188.7227	0.2111992	1.842544	1.697738
5070	-1895.135	-2083.539	188.4042	0.2218349	1.849332	1.892788
5076	-1893.337	-2081.7	188.3627	0.2153779	1.897339	1.900829
5082	-1887.805	-2075.94	188.1355	0.1588853	1.741125	2.268982
5088	-1895.345	-2083.631	188.2863	0.264609	1.741125	1.968575
5094	-1891.905	-2079.461	187.5559	0.264609	1.740587	2.44173
5100	-1897.722	-2084.839	187.1172	0.1679769	1.544392	3.001121
5106	-1896.206	-2084.123	187.917	0.2410266	1.594279	2.344683
5112	-1893.95	-2081.888	187.9387	0.2236089	1.64046	2.33177
5118	-1888.016	-2076.913	188.897	0.1542735	1.708343	1.79554
5124	-1883.015	-2071.808	188.7929	0.1905892	1.764628	1.74643
5130	-1888.734	-2077.318	188.5831	0.234919	1.853718	1.741416
5136	-1889.925	-2078.431	188.5061	0.2036797	1.853718	1.856025
5142	-1892.637	-2081.178	188.5409	0.2944183	1.709904	1.766352
5148	-1882.228	-2070.242	188.0143	0.2498612	1.746157	2.1696
5154	-1889.052	-2076.129	187.0765	0.2718005	1.516879	2.864091
5160	-1897.324	-2084.43	187.1052	0.2883848	1.358232	2.918214
5166	-1883.272	-2070.63	187.3583	0.2348044	1.550432	2.730492
5172	-1879.519	-2066.944	187.4247	0.2645372	1.517461	2.662202
5178	-1888.441	-2076.008	187.5674	0.196857	1.561093	2.662202
5184	-1884.815	-2071.755	186.9403	0.2520838	1.616047	2.916712
5190	-1878.83	-2065.843	187.0126	0.2492117	1.590521	2.893016
5196	-1882.311	-2068.638	186.3273	0.1989023	1.511507	3.430806
5202	-1887.443	-2075.695	188.2525	0.21566	1.707762	2.100147
5208	-1887.163	-2075.6	188.4375	0.21566	1.818706	1.902841
5214	-1904.223	-2092.222	187.9994	0.190431	1.771159	2.271668
5220	-1904.974	-2093.173	188.199	0.2088686	1.704044	2.15037
5226	-1907.457	-2096.242	188.7851	0.1961397	1.866902	1.667693
5232	-1899.053	-2086.085	187.0321	0.2290687	1.558898	2.932984
5238	-1889.668	-2077.079	187.4106	0.2390368	1.471928	2.739526
5244	-1906.679	-2094.073	187.3934	0.3008812	1.363621	2.721856
5250	-1895.645	-2083.459	187.8139	0.290978	1.684299	2.272716
5256	-1896.047	-2084.193	188.1454	0.2879608	1.568087	2.138177
5262	-1887.508	-2074.984	187.4754	0.2673752	1.59965	2.575675
5268	-1896.424	-2085.161	188.7363	0.2543771	1.789248	1.641832
5274	-1890.487	-2079.081	188.5941	0.2477732	1.948654	1.641832
5280	-1884.611	-2073.172	188.5606	0.1938852	1.720464	1.92951
5286	-1903.216	-2091.476	188.2599	0.2875068	1.769371	1.92951
5292	-1914.386	-2103.149	188.7628	0.2389631	1.762151	1.671369
5298	-1904.227	-2092.821	188.594	0.2290275	1.762151	1.808747
5304	-1883.973	-2072.52	188.5468	0.2094984	1.736411	1.89658
5310	-1884.81	-2073.846	189.0353	0.2585904	1.99051	1.249925
5316	-1879.821	-2068.695	188.8745	0.3433175	2.053951	1.164302
5322	-1886.427	-2075.383	188.9561	0.2154659	2.094822	1.324733
5328	-1892.808	-2081.976	189.1677	0.2154659	2.108871	1.134296
5334	-1886.974	-2076.231	189.2561	0.2389541	1.955358	1.134296
5340	-1890.73	-2080.183	189.4525	0.1613614	2.048882	1.082314
5346	-1891.509	-2080.689	189.1798	0.2464536	2.111009	1.042428
5352	-1896.438	-2085.587	189.149	0.2547381	2.320584	0.825569
5358	-1891.801	-2081.088	189.2866	0.2479664	2.289235	0.6957173
5364	-1901.312	-2090.258	188.9464	0.3272273	2.425199	0.7194474
5370	-1894.955	-2084.13	189.175	0.2727196	2.20464	0.8794337
5376	-1895.385	-2084.183	188.7981	0.2612791	1.885324	1.513296
5382	-1894.281	-2083.462	189.1812	0.2612791	1.997909	1.110868
5388	-1897.064	-2086.015	188.9514	0.3066704	2.1523	1.079397
5394	-1881.256	-2070.479	189.2225	0.2733998	2.191338	0.8364396
5400	-1895.066	-2084.194	189.1285	0.3118147	2.191338	0.8400998
5406	-1894.354	-2083.566	189.2114	0.2439725	2.236653	0.8854395
5412	-1902.59	-2091.517	188.927	0.3298153	2.19514	1.011942
5418	-1893.498	-2082.69	189.192	0.261143	2.225407	0.8692142
5424	-1893.101	-2082.19	189.089	0.3185984	2.191384	0.8692142
5430	-1900.116	-2089.314	189.1985	0.2620156	2.216737	0.8692142
5436	-1896.983	-2085.875	188.8918	0.3116791	2.216737	1.064053
5442	-1897.152	-2086.115	188.9636	0.2551987	2.216737	1.12382
5448	-1887.712	-2076.803	189.091	0.2382736	2.076939	1.174275
5454	-1887.798	-2076.737	188.9392	0.2535334	2.080692	1.265586
5460	-1896.331	-2085.043	188.7122	0.2440305	2.074978	1.468898
5466	-1871.506	-2060.295	188.7887	0.2351157	2.041717	1.454229
5472	-1888.406	-2077.603	189.1968	0.244563	2.050324	1.088303
5478	-1891.185	-2079.848	188.6624	0.2631155	1.953801	1.559606
5484	-1894.18	-2082.755	188.575	0.2696317	1.907872	1.644629
5490	-1896.578	-2083.252	186.6737	0.3013003	1.509032	3.068467
5496	-1903.339	-2089.362	186.0225	0.1992144	1.340266	3.707085
5502	-1885.213	-2072.731	187.518	0.2033535	1.39945	2.779613
5508	-1881.902	-2069.43	187.527	0.2033535	1.444698	2.74649
5514	-1887.777	-2074.601	186.8245	0.2301276	1.411644	3.143642
5520	-1872.948	-2060.426	187.4779	0.2791112	1.503561	2.615642
5526	-1883.234	-2071.39	188.1559	0.2340388	1.47572	2.279946
5532	-1892.283	-2080.25	187.9673	0.2473497	1.62872	2.279946
5538	-1877.029	-2065.212	188.1829	0.2693798	1.705904	2.052832
5544	-1886.685	-2074.704	188.0196	0.3005722	1.69617	2.117275
5550	-1884.377	-2072.258	187.8805	0.3339915	1.76005	2.117275
5556	-1880.978	-2068.816	187.8384	0.3025388	1.76005	2.190642
5562	-1881.457	-2069.698	188.241	0.2756268	1.812242	1.932754
5568	-1891.703	-2080.175	188.4715	0.2756268	1.860652	1.741064
5574	-1890.908	-2079.399	188.4908	0.2574601	1.933551	1.708276
5580	-1902.271	-2090.014	187.7437	0.3281861	1.609131	2.311379
5586	-1891.076	-2078.726	187.6502	0.3252016	1.709154	2.311379
5592	-1890.718	-2078.105	187.3876	0.2846997	1.50654	2.661191
5598	-1875.41	-2062.717	187.3069	0.3266569	1.490595	2.661191
5604	-1892.209	-2079.647	187.4376	0.3162823	1.505131	2.585708
5610	-1896.779	-2084.331	187.5522	0.2715724	1.496174	2.585708
5616	-1900.094	-2087.5	187.4056	0.2208089	1.571831	2.712145
5622	-1880.76	-2068.311	187.5516	0.2208089	1.453415	2.695195
5628	-1880.406	-2068.164	187.758	0.1759823	1.381858	2.695195
5634	-1880.924	-2068.41	187.4858	0.1741417	1.662978	2.693344
5640	-1893.202	-2080.285	187.0834	0.1721141	1.474862	3.05489
5646	-1890.802	-2078.207	187.4055	0.2350643	1.603847	2.668347
5652	-1881.264	-2068.955	187.6906	0.3037442	1.603847	2.383438
5658	-1886.043	-2073.359	187.3162	0.2669594	1.48216	2.746693
5664	-1875.68	-2063.47	187.7896	0.2618788	1.521507	2.436887
5670	-1880.249	-2068.267	188.0181	0.2735753	1.717738	2.146419
5676	-1880.236	-2068.942	188.7052	0.2382445	1.94856	1.579727
5682	-1882.804	-2071.729	188.9247	0.3277335	1.952036	1.237541
5688	-1873.054	-2062.152	189.0973	0.2205639	1.973695	1.296794
5694	-1894.324	-2083.434	189.1095	0.2591697	1.965109	1.20753
5700	-1885.988	-2075.304	189.3153	0.1860585	1.965109	1.20753
5706	-1897.127	-2086.137	189.0102	0.2059514	1.951396	1.416769
5712	-1900.917	-2089.466	188.5489	0.2064693	1.913775	1.779419
5718	-1893.241	-2081.882	188.6409	0.2573012	1.810643	1.68935
5724	-1890.421	-2079.05	188.6292	0.1857206	1.898582	1.777769
5730	-1900.899	-2089.874	188.9751	0.2180013	1.855652	1.489985
5736	-1901.554	-2090.712	189.1582	0.1584237	2.00531	1.376388
5742	-1904.22	-2092.824	188.6032	0.2863719	1.975891	1.544726
5748	-1911.818	-2100.543	188.7257	0.3169404	2.142576	1.264587
5754	-1920.257	-2109.191	188.9339	0.274744	2.147767	1.16766
5760	-1916.276	-2105.403	189.1268	0.2215053	2.061787	1.196375
5766	-1902.96	-2092.288	189.3286	0.2231463	2.012829	1.054542
5772	-1897.993	-2087.136	189.143	0.2467508	1.872142	1.284117
5778	-1894.765	-2083.544	188.7786	0.2725348	1.64556	1.681464
5784	-1901.514	-2089.223	187.7096	0.3026714	1.478255	2.452231
5790	-1893.915	-2081.903	187.9877	0.2459569	1.630205	2.268223
5796	-1889.885	-2078.296	188.4115	0.2372473	1.643804	1.997675
5802	-1877.156	-2065.387	188.2313	0.2372473	1.631991	2.124438
5808	-1889.694	-2077.849	188.154	0.2372473	1.709238	2.124438
5814	-1894.444	-2082.02	187.576	0.2372473	1.486584	2.631854
5820	-1890.608	-2078.517	187.9091	0.2545277	1.501258	2.386134
5826	-1882.86	-2070.942	188.0821	0.1877949	1.516821	2.386134
5832	-1884.212	-2072.237	188.0247	0.2453443	1.715377	2.190546
5838	-1884.618	-2072.584	187.9658	0.3086607	1.618713	2.190546
5844	-1902.402	-2090.081	187.6788	0.2495593	1.531002	2.520262
5850	-1890.279	-2078.102	187.8225	0.2474812	1.775061	2.278712
5856	-1896.889	-2083.869	186.9803	0.2729678	1.531373	2.911715
5862	-1902.766	-2088.922	186.1561	0.1847948	1.419538	3.609337
5868	-1908.927	-2094.714	185.7862	0.2053098	1.183523	3.922841
5874	-1898.25	-2080.651	182.4008	0.2137694	1.12685	5.829631
5880	-1901.861	-2085.24	183.3786	0.1729522	1.036552	5.410907
5886	-1901.844	-2086.475	184.6311	0.237174	1.253802	4.487656
5892	-1888.411	-2074.829	186.418	0.2407248	1.286528	3.440153
5898	-1887.15	-2073.417	186.2667	0.2280412	1.386267	3.490403
5904	-1885.156	-2071.502	186.3454	0.2223751	1.323371	3.490403
5910	-1895.367	-2081.251	185.8841	0.2532576	1.386462	3.67343
5916	-1894.306	-2080.351	186.0447	0.2602667	1.386443	3.569797
5922	-1894.412	-2080.814	186.4021	0.1687306	1.38196	3.5181
5928	-1894.465	-2080.916	186.4505	0.1917797	1.273551	3.51046
5934	-1904.424	-2090.961	186.5372	0.2029761	1.333596	3.40495
5940	-1886.182	-2072.515	186.3335	0.2135902	1.371738	3.483714
5946	-1898.123	-2085.369	187.2457	0.2012219	1.457238	2.913603
5952	-1897.56	-2084.785	187.2254	0.2593649	1.500618	2.802547
5958	-1886.713	-2074.102	187.3891	0.2049053	1.594434	2.736445
5964	-1886.697	-2074.334	187.6363	0.2023889	1.694264	2.526802
5970	-1901.889	-2090.191	188.3012	0.235582	1.697602	2.038219
5976	-1894.993	-2082.474	187.481	0.2231589	1.544501	2.678595
5982	-1913.756	-2101.817	188.0606	0.2811683	1.70469	2.115037
5988	-1904.587	-2092.81	188.2229	0.20358	1.749763	2.115037
5994	-1884.849	-2072.511	187.662	0.2736896	1.493784	2.515688
6000	-1888.115	-2075.148	187.033	0.3350277	1.393065	2.876676
6006	-1887.383	-2074.59	187.2064	0.3422043	1.416874	2.747328
6012	-1897.143	-2084.832	187.6891	0.192223	1.481211	2.645142
6018	-1892.463	-2080.553	188.0892	0.1310068	1.62891	2.432893
6024	-1887.754	-2076.32	188.5662	0.1950568	1.721681	1.922469
6030	-1891.869	-2080.182	188.3139	0.1980483	1.649236	2.132113
6036	-1880.512	-2068.734	188.2219	0.1980483	1.654166	2.188752
6042	-1899.058	-2087.646	188.5878	0.1909494	1.879288	1.808617
6048	-1883.089	-2071.65	188.5618	0.2033276	1.797233	1.857242
6054	-1891.323	-2079.446	188.1223	0.3327013	1.628077	2.046893
6060	-1888.359	-2076.576	188.2178	0.1623003	1.599729	2.299398
6066	-1882.439	-2070.133	187.6943	0.2839575	1.673552	2.36655
6072	-1883.692	-2072.361	188.6692	0.1928357	1.676611	1.887813
6078	-1885.068	-2073.599	188.5307	0.2001138	1.716261	1.939838
6084	-1879.366	-2067.785	188.4195	0.2268067	1.773731	1.924241
6090	-1891.06	-2079.702	188.6415	0.2466658	1.673099	1.804639
6096	-1894.18	-2082.951	188.7706	0.1693638	1.770786	1.804639
6102	-1892.616	-2081.244	188.6282	0.1493807	1.756367	1.957628
6108	-1891.114	-2079.409	188.295	0.2246701	1.679394	2.074122
6114	-1887.976	-2076.042	188.0659	0.2012036	1.686936	2.262116
6120	-1900.84	-2088.985	188.1451	0.1856283	1.655147	2.262116
6126	-1893.597	-2081.734	188.1364	0.1773208	1.570198	2.338752
6132	-1893.579	-2082.059	188.4802	0.1578001	1.576274	2.155202
6138	-1906.894	-2096.041	189.1461	0.1649215	1.751706	1.561344
6144	-1894.367	-2083.393	189.0263	0.1287961	1.731197	1.753696
6150	-1896.486	-2085.372	188.8855	0.1140091	1.809831	1.836711
6156	-1893.441	-2081.737	188.296	0.1473804	1.724789	2.201799
6162	-1875.403	-2063.591	188.1879	0.1173871	1.551165	2.452697
6168	-1886.255	-2074.109	187.8539	0.1511557	1.551165	2.582885
6174	-1884.842	-2072.642	187.7995	0.1292973	1.496239	2.699224
6180	-1876.92	-2064.719	187.7988	0.1348025	1.562876	2.646003
6186	-1888.563	-2075.951	187.3882	0.2595625	1.592947	2.646003
6192	-1882.676	-2070.758	188.0819	0.2595625	1.877276	2.022626
6198	-1897.203	-2085.711	188.508	0.2385608	1.742687	1.863394
6204	-1893.272	-2080.712	187.4399	0.2299493	1.451072	2.749484
6210	-1898.228	-2085.576	187.3479	0.2221255	1.564837	2.749484
6216	-1897.513	-2083.108	185.5945	0.2785983	1.454602	3.764526
6222	-1891.837	-2077.576	185.7395	0.2517558	1.345739	3.782685
6228	-1887.943	-2074.022	186.0788	0.2328386	1.42914	3.567241
6234	-1892.028	-2077.917	185.8892	0.3422936	1.355213	3.567241
6240	-1900.536	-2086.527	185.9903	0.2748329	1.447264	3.544841
6246	-1910.05	-2094.812	184.7618	0.2853104	1.299242	4.319122
6252	-1900.433	-2085.812	185.3794	0.2847751	1.148373	4.054862
6258	-1906.674	-2093.383	186.709	0.243009	1.202302	3.315231
6264	-1896.813	-2082.879	186.0667	0.318757	1.341413	3.501925
6270	-1890.307	-2078.676	188.3691	0.1899823	1.590491	2.150379
6276	-1893.354	-2081.528	188.1741	0.1907998	1.590491	2.274729
6282	-1890.345	-2077.917	187.5717	0.2220107	1.527347	2.635247
6288	-1894.107	-2082.085	187.9779	0.2559583	1.461526	2.365387
6294	-1884.111	-2071.986	187.8747	0.2821309	1.657452	2.2646
6300	-1884.524	-2072.932	188.4077	0.2224149	1.709915	1.983286
6306	-1884.144	-2072.11	187.966	0.2224149	1.668642	2.298543
6312	-1882.718	-2071.122	188.404	0.2475014	1.700999	1.946089
6318	-1873.813	-2062.156	188.3429	0.2589504	1.604649	2.031392
6324	-1890.522	-2078.18	187.6581	0.3504955	1.604649	2.338148
6330	-1891.332	-2079.58	188.2472	0.2208149	1.846163	2.002514
6336	-1894.762	-2083.121	188.3594	0.2932514	1.774428	1.849058
6342	-1885.419	-2074.019	188.6002	0.2459035	1.740953	1.787613
6348	-1875.832	-2063.645	187.8134	0.2719243	1.804632	2.225434
6354	-1876.953	-2064.889	187.9357	0.2632426	1.617438	2.281147
6360	-1880.636	-2068.631	187.9951	0.2153602	1.686703	2.281147
6366	-1880.968	-2069.083	188.1149	0.3295147	1.760375	1.968364
6372	-1882.053	-2070.574	188.5213	0.3701942	1.864182	1.551312
6378	-1896.64	-2085.451	188.8106	0.3701942	1.999468	1.218098
6384	-1888.5	-2077.224	188.724	0.211348	1.916292	1.643901
6390	-1883.814	-2072.462	188.648	0.3018287	1.894944	1.544499
6396	-1889.803	-2078.177	188.3744	0.3804899	1.78313	1.700983
6402	-1885.889	-2074.404	188.5147	0.2387271	1.775859	1.835763
6408	-1889.845	-2078.374	188.529	0.2302721	1.878749	1.7706
6414	-1880.765	-2069.143	188.3785	0.2206153	1.615078	2.068998
6420	-1879.725	-2067.429	187.704	0.2206153	1.597643	2.511958
6426	-1876.884	-2065.032	188.1481	0.2208442	1.471352	2.311035
6432	-1905.102	-2092.427	187.3244	0.2208442	1.499958	2.80558
6438	-1889.81	-2077.552	187.7422	0.2455339	1.520921	2.493566
6444	-1893.808	-2081.31	187.5018	0.2017771	1.482119	2.741915
6450	-1886.424	-2073.708	187.2838	0.2150304	1.499227	2.840714
6456	-1898.934	-2086.469	187.5355	0.254228	1.390857	2.68815
6462	-1884.347	-2071.631	187.2837	0.1810447	1.319507	3.010826
6468	-1895.451	-2082.329	186.8782	0.1871064	1.660601	3.037998
6474	-1891.791	-2079.163	187.3723	0.1966597	1.465231	2.840407
6480	-1887.368	-2074.64	187.2722	0.2936781	1.655204	2.627488
6486	-1882.163	-2070.016	187.8537	0.1740738	1.696057	2.444529
6492	-1898.298	-2086.269	187.9711	0.1684096	1.697107	2.381423
6498	-1888.898	-2076.588	187.6899	0.2574843	1.662972	2.417669
6504	-1885.608	-2073.348	187.7396	0.1758916	1.633792	2.551088
6510	-1882.502	-2070.52	188.0176	0.2292872	1.618817	2.285179
6516	-1893.775	-2081.777	188.002	0.2260259	1.488849	2.383583
6522	-1893.195	-2081.256	188.0611	0.1886969	1.539071	2.383583
6528	-1880.542	-2068.746	188.2043	0.1955367	1.549646	2.272297
6534	-1879.373	-2067.629	188.2569	0.1960381	1.574693	2.221379
6540	-1885.655	-2073.85	188.1953	0.2062289	1.605999	2.221379
6546	-1874.836	-2063.178	188.3417	0.200668	1.810074	2.002488
6552	-1881.543	-2070.23	188.687	0.1779045	1.793004	1.827862
6558	-1876.665	-2065.146	188.4811	0.1974628	1.701749	1.988166
6564	-1885.723	-2074.414	188.6905	0.1974628	1.611139	1.908247
6570	-1885.442	-2072.501	187.0588	0.1974628	1.574543	2.96227
6576	-1880.797	-2069.222	188.4251	0.2303737	1.652946	1.994937
6582	-1891.708	-2079.446	187.7383	0.2081502	1.668228	2.468696
6588	-1890.661	-2079.498	188.8367	0.1614872	1.71376	1.816429
6594	-1885.706	-2074.392	188.6856	0.1855649	1.877268	1.753645
6600	-1877.494	-2065.997	188.5028	0.147655	1.788433	2.02405
6606	-1877.605	-2066.345	188.7393	0.1872045	1.838567	1.739501
6612	-1877.35	-2066.102	188.7521	0.1548359	1.872326	1.780896
6618	-1879.042	-2067.543	188.5012	0.2098326	1.799616	1.883996
6624	-1888.529	-2077.11	188.5804	0.1952931	1.660307	1.953797
6630	-1888.769	-2077.242	188.473	0.1952931	1.767726	1.953797
6636	-1894.627	-2083.509	188.8817	0.2166417	1.913112	1.519729
6642	-1900.907	-2089.738	188.831	0.310884	1.912465	1.376123
6648	-1894.361	-2082.933	188.572	0.3095563	1.672004	1.746506
6654	-1888.708	-2077.692	188.9842	0.1899204	1.991576	1.44287
6660	-1882.083	-2071.371	189.2875	0.2617935	2.155372	0.8364755
6666	-1886.232	-2075.303	189.0713	0.2901983	2.108326	1.044024
6672	-1902.313	-2091.501	189.1878	0.2904602	2.016695	1.019214
6678	-1894.573	-2083.485	188.9123	0.2595674	1.951096	1.379028
6684	-1876.427	-2065.538	189.1119	0.2060418	1.8979	1.379028
6690	-1882.536	-2071.513	188.9776	0.2129987	1.852675	1.501073
6696	-1903.777	-2092.803	189.0264	0.2001929	1.841376	1.501073
6702	-1880.684	-2069.056	188.3726	0.2458032	1.737669	1.945503
6708	-1879.249	-2067.595	188.3452	0.30995	1.886228	1.754673
6714	-1885.852	-2073.638	187.7867	0.2255747	1.522023	2.498891
6720	-1886.352	-2073.767	187.4143	0.2480431	1.52514	2.690003
6726	-1884.929	-2072.947	188.0184	0.2183793	1.63597	2.293196
6732	-1903.242	-2090.994	187.7515	0.184411	1.565721	2.569221
6738	-1897.897	-2085.85	187.953	0.2150175	1.565721	2.385588
6744	-1894.979	-2083.091	188.1115	0.1898421	1.545789	2.34508
6750	-1883.377	-2072.011	188.6332	0.1904391	1.637739	1.943417
6756	-1895.8	-2083.887	188.0866	0.1904391	1.687039	2.269644
6762	-1897.78	-2085.773	187.9931	0.2542502	1.630335	2.250791
6768	-1902.307	-2089.157	186.8499	0.1948821	1.284498	3.264174
6774	-1892.371	-2078	185.6285	0.2414322	1.212506	3.938602
6780	-1890.842	-2074.651	183.8092	0.2655881	1.074992	5.005596
6786	-1887.624	-2073.268	185.6437	0.2009185	1.262618	3.966589
6792	-1897.11	-2083.163	186.053	0.2024699	1.314119	3.698939
6798	-1888.923	-2074.366	185.4431	0.2369974	1.260145	4.024178
6804	-1891.158	-2075.991	184.8334	0.1843411	1.158428	4.513748
6810	-1893.16	-2078.603	185.4428	0.2140573	1.350775	4.00907
6816	-1896.443	-2083.583	187.1401	0.2356052	1.674506	2.786635
6822	-1880.275	-2068.241	187.9659	0.2356052	1.653342	2.285146
6828	-1878.106	-2065.335	187.2295	0.2804241	1.468594	2.787585
6834	-1885.57	-2072.587	187.0165	0.1893136	1.478362	3.060204
6840	-1882.293	-2069.197	186.9038	0.2634256	1.469266	3.009478
6846	-1900.076	-2088.043	187.9664	0.2183096	1.677392	2.300072
6852	-1878.518	-2066.582	188.0641	0.2570314	1.679493	2.168506
6858	-1887.146	-2075.157	188.0107	0.2570314	1.777603	2.139367
6864	-1884.334	-2073.137	188.8025	0.2230959	1.861969	1.602263
6870	-1883.973	-2072.126	188.1524	0.2827829	1.729477	2.035677
6876	-1887.109	-2074.955	187.8456	0.346422	1.66419	2.18511
6882	-1893.19	-2081.142	187.9512	0.2720197	1.47586	2.347486
6888	-1892.259	-2079.178	186.9196	0.3388817	1.433617	2.915662
6894	-1886.545	-2074.13	187.5851	0.2029925	1.515891	2.667867
6900	-1887.029	-2074.461	187.4327	0.2389208	1.567008	2.667867
6906	-1895.722	-2083.613	187.8919	0.17564	1.58691	2.485821
6912	-1886.686	-2074.413	187.7275	0.2209105	1.616581	2.484931
6918	-1899.869	-2087.12	187.2513	0.2209105	1.624032	2.774422
6924	-1885.888	-2072.657	186.769	0.2209105	1.407152	3.194461
6930	-1883.667	-2070.942	187.2751	0.2757748	1.424375	2.79368
6936	-1886.211	-2073.337	187.1267	0.2289394	1.612362	2.843643
6942	-1883.93	-2070.798	186.8688	0.2282341	1.518259	3.056775
6948	-1880.408	-2066.312	185.9041	0.2515605	1.445517	3.63016
6954	-1893.598	-2079.557	185.9587	0.2134349	1.413985	3.677237
6960	-1892.56	-2078.482	185.9216	0.2489358	1.354238	3.676869
6966	-1882.953	-2070.557	187.6033	0.2370701	1.50138	2.606172
6972	-1889.969	-2077.755	187.7855	0.2370701	1.686809	2.376126
6978	-1876.701	-2064.682	187.9813	0.2318725	1.685771	2.261019
6984	-1884.713	-2072.742	188.0294	0.2106851	1.690905	2.265138
6990	-1884.575	-2072.119	187.5439	0.255673	1.743905	2.461505
6996	-1886.666	-2074.825	188.1594	0.1657875	1.852871	2.166464
7002	-1884.066	-2072.41	188.3444	0.2357298	1.904955	1.869554
7008	-1875.778	-2064.296	188.518	0.2524468	1.972691	1.670374
7014	-1878.029	-2066.798	188.7687	0.289794	1.991682	1.401255
7020	-1883.553	-2072.517	188.9642	0.1867808	2.015198	1.447552
7026	-1883.697	-2072.38	188.6838	0.2124229	1.823825	1.735892
7032	-1886.402	-2074.959	188.556	0.1779266	1.832585	1.890341
7038	-1889.244	-2077.751	188.5065	0.2033665	1.723332	1.944832
7044	-1883.819	-2072.161	188.3415	0.234675	1.709956	2.004886
7050	-1880.525	-2068.852	188.3273	0.2443034	1.727098	1.985679
7056	-1881.498	-2070.162	188.6637	0.1555301	1.814028	1.880194
7062	-1883.995	-2072.643	188.6479	0.1521135	1.814028	1.898953
7068	-1881.956	-2070.827	188.8707	0.1750522	1.814028	1.691253
7074	-1877.365	-2066.264	188.8987	0.2180292	1.792637	1.59306
7080	-1880.403	-2069.287	188.8839	0.1941259	1.668078	1.742778
7086	-1874.534	-2063.293	188.7594	0.2034999	1.734856	1.763466
7092	-1884.856	-2073.395	188.5392	0.2764772	1.711931	1.796078
7098	-1883.184	-2071.42	188.2357	0.2420791	1.686251	2.077426
7104	-1881.864	-2071.163	189.2985	0.2176696	1.841285	1.246829
7110	-1884.049	-2073.397	189.3483	0.1917399	2.158861	0.9820533
7116	-1877.843	-2066.853	189.0106	0.2606633	2.160634	1.119404
7122	-1876.721	-2065.665	188.9436	0.3399244	2.231622	0.9347512
7128	-1878.401	-2067.222	188.8212	0.3349153	2.146112	1.145962
7134	-1889.847	-2078.456	188.6091	0.3568976	1.949313	1.441932
7140	-1883.888	-2072.788	188.9001	0.1870567	1.944964	1.54779
7146	-1875.67	-2063.664	187.9946	0.2382922	1.72573	2.215462
7152	-1866.595	-2055.967	189.3719	0.1721897	1.973562	1.189584
7158	-1867.05	-2056.047	188.9964	0.217537	1.902416	1.439294
7164	-1876.392	-2065.248	188.8556	0.1495359	1.902416	1.700089
7170	-1871.237	-2059.89	188.6533	0.2435942	1.881769	1.655284
7176	-1878.788	-2067.682	188.894	0.2143041	1.996437	1.452725
7182	-1886.642	-2075.534	188.8917	0.1946596	2.034971	1.469257
7188	-1898.256	-2087.131	188.8755	0.2745816	2.117725	1.243615
7194	-1894.374	-2083.2	188.8262	0.3155365	2.111804	1.208732
7200	-1890.78	-2079.563	188.7831	0.2711037	2.082087	1.354713
7206	-1887.527	-2076.253	188.7265	0.2874415	2.055344	1.38892
7212	-1879.622	-2068.51	188.8878	0.2874415	2.018381	1.289685
7218	-1880.267	-2069.569	189.3019	0.1842567	1.923553	1.258501
7224	-1872.33	-2061.436	189.1059	0.2231536	1.990451	1.27008
7230	-1872.965	-2061.518	188.5527	0.2560318	2.038083	1.591506
7236	-1875.694	-2064.428	188.7339	0.2560318	1.856852	1.591506
7242	-1881.272	-2069.714	188.4423	0.2551146	1.857822	1.799381
7248	-1884.767	-2073.178	188.4109	0.2492621	1.8384	1.844898
7254	-1881.208	-2070.212	189.0036	0.1791168	1.912408	1.513634
7260	-1875.737	-2064.668	188.9317	0.1913517	1.902744	1.545809
7266	-1882.266	-2071.097	188.831	0.2396197	1.865165	1.545809
7272	-1880.339	-2068.438	188.0987	0.2484985	1.739416	2.121285
7278	-1885.071	-2072.606	187.5348	0.1929304	1.554002	2.693967
7284	-1891.574	-2078.666	187.0917	0.221957	1.32027	3.052345
7290	-1887.458	-2075.254	187.7961	0.3131282	1.507521	2.36404
7296	-1882.869	-2070.691	187.8218	0.2562084	1.515165	2.42976
7302	-1886.473	-2074.308	187.8357	0.2383409	1.653243	2.363399
7308	-1892.592	-2080.583	187.9911	0.2260711	1.808717	2.185704
7314	-1883.227	-2071.146	187.9196	0.2872577	1.632381	2.243925
7320	-1889.906	-2077.173	187.2671	0.2227593	1.624833	2.761116
7326	-1900.523	-2087.994	187.4718	0.3054502	1.504549	2.580175
7332	-1887.188	-2072.71	185.5219	0.2287177	1.345363	3.94335
7338	-1894.479	-2080.739	186.2597	0.3505022	1.534407	3.234757
7344	-1890.09	-2076.144	186.0534	0.2893672	1.349827	3.544323
7350	-1891.052	-2076.776	185.7236	0.3775828	1.42388	3.581123
7356	-1892.453	-2079.931	187.4781	0.2112433	1.516269	2.718528
7362	-1895.433	-2082.607	187.1737	0.1718687	1.37247	3.062587
7368	-1900.734	-2087.071	186.3371	0.2216654	1.362638	3.473491
7374	-1894.378	-2082.096	187.7179	0.2319198	1.567019	2.502783
7380	-1897.196	-2085.043	187.8477	0.2199519	1.720178	2.345519
7386	-1888.319	-2076.28	187.9611	0.2259958	1.720178	2.262294
7392	-1907.284	-2095.679	188.3952	0.2282207	1.798826	1.921102
7398	-1902.013	-2090.376	188.3628	0.2781533	1.876669	1.801314
7404	-1900.414	-2089.017	188.6034	0.1991104	1.868302	1.788304
7410	-1897.241	-2085.261	188.0201	0.2214496	1.868302	2.136444
7416	-1901.454	-2089.424	187.9693	0.215594	1.756194	2.252726
7422	-1892.167	-2080.283	188.116	0.2754555	1.627774	2.138191
7428	-1883.873	-2071.884	188.0107	0.2754555	1.733063	2.138191
7434	-1888.969	-2077.055	188.0861	0.1954549	1.729052	2.233132
7440	-1889.375	-2078.305	188.9299	0.2007066	1.834238	1.576739
7446	-1887.152	-2075.842	188.6902	0.1446729	1.708646	1.959232
7452	-1874.832	-2063.395	188.5628	0.1945939	1.767951	1.894362
7458	-1872.268	-2060.96	188.692	0.1723959	1.837377	1.806092
7464	-1882.217	-2071.041	188.8242	0.1489719	1.740968	1.835951
7470	-1880.461	-2068.697	188.2369	0.2188972	1.82275	2.028517
7476	-1873.713	-2062.094	188.3808	0.2188972	1.678801	2.028517
7482	-1894.283	-2082.256	187.9734	0.2848562	1.689584	2.175919
7488	-1888.689	-2076.143	187.4543	0.221799	1.529068	2.706769
7494	-1891.643	-2079.157	187.5139	0.221799	1.503785	2.685722
7500	-1891.148	-2077.904	186.7563	0.221799	1.530115	3.127523
7506	-1883.487	-2070.415	186.9277	0.1648342	1.532737	3.127523
7512	-1895.335	-2083.065	187.7298	0.1697988	1.634526	2.569019
7518	-1890.716	-2078.499	187.7832	0.1894174	1.518745	2.569019
7524	-1888.705	-2076.34	187.635	0.1239292	1.485585	2.818718
7530	-1892.761	-2080.577	187.8164	0.2376361	1.547822	2.443396
7536	-1883.054	-2070.621	187.5672	0.2411277	1.421532	2.670936
7542	-1876.955	-2064.807	187.8516	0.2546911	1.790357	2.238154
7548	-1885.799	-2073.821	188.0227	0.3582127	1.801022	1.961858
7554	-1878.888	-2066.875	187.9875	0.2471755	1.732276	2.200564
7560	-1890.349	-2077.857	187.5082	0.3207248	1.491172	2.544352
7566	-1873.831	-2062.444	188.6133	0.1735985	1.715598	1.940138
7572	-1879.688	-2067.953	188.2652	0.3198933	1.804272	1.851228
7578	-1885.681	-2073.888	188.2069	0.323083	1.827824	1.870105
7584	-1893.185	-2081.651	188.4666	0.2359965	1.765329	1.880927
7590	-1887.131	-2075.7	188.569	0.1999689	1.765329	1.880927
7596	-1875.701	-2063.837	188.1358	0.2707725	1.772768	2.037489
7602	-1877.617	-2066.183	188.5661	0.2707725	1.729444	1.775035
7608	-1872.922	-2061.434	188.5116	0.2707725	1.622682	1.88596
7614	-1875.423	-2063.769	188.3467	0.2554199	1.799573	1.904273
7620	-1875.55	-2064.417	188.8671	0.1745609	1.941083	1.603783
7626	-1872.701	-2061.379	188.6771	0.2306815	1.964254	1.603783
7632	-1876.844	-2065.589	188.7453	0.193304	1.805882	1.745106
7638	-1881.621	-2070.081	188.4599	0.238443	1.797664	1.858896
7644	-1880.473	-2069.472	188.9988	0.2081379	1.870953	1.481993
7650	-1878.365	-2067.1	188.7345	0.2325785	2.066189	1.481993
7656	-1878.863	-2067.727	188.8638	0.2413012	2.069971	1.361159
7662	-1874.297	-2063.13	188.8336	0.2913869	2.089653	1.267972
7668	-1871.892	-2060.733	188.8405	0.2913869	1.987766	1.34485
7674	-1875.313	-2064.253	188.9407	0.2157658	1.987766	1.420331
7680	-1874.812	-2063.732	188.92	0.2753328	2.087706	1.229853
7686	-1878.973	-2067.8	188.8273	0.3064824	2.082766	1.249588
7692	-1898.184	-2086.936	188.7521	0.3592724	2.076957	1.221004
7698	-1881.384	-2070.509	189.1251	0.2100316	2.121675	1.174366
7704	-1877.572	-2066.401	188.8292	0.2543575	1.936651	1.464573
7710	-1884.824	-2073.736	188.9125	0.2543575	2.179704	1.203082
7716	-1887.93	-2076.837	188.9072	0.2370921	2.085469	1.323268
7722	-1895.024	-2083.904	188.8801	0.2939248	1.957927	1.332322
7728	-1893.257	-2082.171	188.9143	0.1492101	2.014706	1.577922
7734	-1902.856	-2091.906	189.0506	0.1456034	2.073107	1.441821
7740	-1882.645	-2071.687	189.0419	0.1719016	2.073107	1.379274
7746	-1884.24	-2073.173	188.9333	0.2070735	2.073107	1.379274
7752	-1876.283	-2065.196	188.9125	0.1608689	2.113363	1.476036
7758	-1871.093	-2059.847	188.7537	0.1727038	2.005223	1.643693
7764	-1884.12	-2073.119	188.9993	0.2260198	2.066413	1.288644
7770	-1874.916	-2064.083	189.1671	0.1689016	2.070957	1.288644
7776	-1882.057	-2071.311	189.2541	0.1925154	2.186212	1.045665
7782	-1880.775	-2069.842	189.067	0.2610227	2.106767	1.116264
7788	-1888.496	-2077.515	189.0194	0.1864501	2.106767	1.333715
7794	-1895.575	-2083.963	188.3877	0.2134052	2.032703	1.794778
7800	-1891.798	-2080.313	188.515	0.2650192	1.927505	1.681757
7806	-1896.94	-2086.024	189.0845	0.218465	2.027019	1.268446
7812	-1891.959	-2080.724	188.7647	0.3311903	2.067278	1.268446
7818	-1900.05	-2088.845	188.7944	0.3311903	2.12763	1.192655
7824	-1901.329	-2090.345	189.0153	0.2969399	2.052932	1.132364
7830	-1889.581	-2078.611	189.0293	0.2652073	2.021535	1.214683
7836	-1879.046	-2068.019	188.9724	0.3357039	2.090205	1.057143
7842	-1883.398	-2072.24	188.8426	0.2972269	2.025595	1.301735
7848	-1884.665	-2073.674	189.0094	0.2524392	1.950106	1.317199
7854	-1883.631	-2072.256	188.625	0.2995503	2.193371	1.337497
7860	-1888.984	-2078.043	189.0592	0.1585425	2.218661	1.28443
7866	-1881.572	-2070.781	189.2095	0.1684765	2.099668	1.230906
7872	-1887.207	-2076.369	189.1621	0.1684765	2.111033	1.260965
7878	-1877.238	-2066.351	189.1124	0.2129459	2.066351	1.225468
7884	-1885.746	-2074.347	188.6006	0.2205179	1.926545	1.705872
7890	-1888.952	-2077.695	188.7428	0.2107807	1.812119	1.705872
7896	-1890.128	-2078.429	188.3015	0.2539203	1.787678	1.945424
7902	-1880.469	-2068.646	188.1771	0.2742663	1.686138	2.061707
7908	-1873.644	-2062.124	188.4803	0.2197893	1.820384	1.86459
7914	-1887.934	-2076.399	188.4646	0.15245	1.727709	2.07835
7920	-1890.833	-2079.078	188.2453	0.1695978	1.708577	2.196195
7926	-1896.64	-2084.793	188.1525	0.1664768	1.624084	2.316667
7932	-1891.56	-2080.303	188.7425	0.1513186	1.844052	1.815616
7938	-1899.842	-2088.323	188.4813	0.2221151	1.844052	1.843226
7944	-1894.303	-2082.681	188.3787	0.2135372	1.754388	1.989806
7950	-1892.743	-2081.375	188.6312	0.1913883	1.647491	1.93621
7956	-1894.034	-2082.368	188.3342	0.1438325	1.673151	2.218673
7962	-1890.319	-2078.106	187.7873	0.2532345	1.507516	2.46108
7968	-1887.832	-2075.827	187.9951	0.170377	1.623063	2.409013
7974	-1878.033	-2066.388	188.3551	0.1452718	1.560156	2.274607
7980	-1882.066	-2070.132	188.0659	0.1585991	1.555528	2.431714
7986	-1887.129	-2074.17	187.0412	0.1700955	1.370327	3.146258
7992	-1880.039	-2067.181	187.142	0.160094	1.302856	3.146258
7998	-1874.722	-2062.128	187.4067	0.1819796	1.319497	2.935079
8004	-1873.873	-2060.48	186.6072	0.1819796	1.325952	3.406037
8010	-1886.549	-2074.702	188.1534	0.1948444	1.474374	2.354108
8016	-1879.975	-2068.21	188.2351	0.1948444	1.620133	2.208473
8022	-1881.324	-2069.451	188.1264	0.1443667	1.61479	2.387448
8028	-1874.705	-2062.194	187.4892	0.2060254	1.498903	2.73166
8034	-1884.068	-2071.815	187.7467	0.1799535	1.460662	2.645843
8040	-1890.838	-2077.779	186.9409	0.1899386	1.510604	3.084935
8046	-1879.749	-2066.772	187.0228	0.2065409	1.378891	3.084935
8052	-1890.071	-2078.199	188.1274	0.1867228	1.492183	2.375124
8058	-1879.81	-2068.343	188.5332	0.2257299	1.776411	1.847094
8064	-1877.916	-2066.424	188.5084	0.2226986	1.652118	1.954023
8070	-1891.097	-2079.293	188.1967	0.2226986	1.708017	2.123474
8076	-1901.03	-2089.337	188.3064	0.201123	1.861808	1.990633
8082	-1887.502	-2075.794	188.2916	0.2029439	1.572779	2.186852
8088	-1884.818	-2072.272	187.4542	0.2097744	1.497533	2.747186
8094	-1879.17	-2066.322	187.1516	0.2153864	1.232282	3.080233
8100	-1887.68	-2073.958	186.2787	0.1564766	1.268456	3.679562
8106	-1891.176	-2077.04	185.8649	0.2465434	1.199858	3.802376
8112	-1882.885	-2068.75	185.8659	0.2465434	1.198794	3.802376
8118	-1889.913	-2076.035	186.1217	0.2133955	1.247364	3.679356
8124	-1891.666	-2078.663	186.9966	0.1981235	1.438544	3.079879
8130	-1891.198	-2077.554	186.3557	0.2198109	1.383463	3.453521
8136	-1880.112	-2066.969	186.8574	0.2289365	1.469502	3.091537
8142	-1883.738	-2070.557	186.8183	0.2823991	1.496968	3.01594
8148	-1891.402	-2077.876	186.4738	0.259742	1.30204	3.369232
8154	-1885.618	-2072.062	186.4438	0.229736	1.225266	3.478277
8160	-1873.939	-2061.83	187.8909	0.2301249	1.637888	2.352317
8166	-1878.485	-2066.625	188.1402	0.1540296	1.640261	2.341007
8172	-1885.472	-2073.498	188.0255	0.158477	1.634528	2.407662
8178	-1878.855	-2066.949	188.0938	0.1740816	1.588714	2.360657
8184	-1876.618	-2065.141	188.5224	0.260082	1.71161	1.836222
8190	-1876.729	-2065.52	188.7915	0.1805446	1.73773	1.788015
8196	-1877.294	-2065.724	188.4294	0.19573	1.622359	2.078544
8202	-1876.36	-2064.76	188.4002	0.1774277	1.7085	2.078544
8208	-1881.002	-2068.16	187.1588	0.214594	1.634706	2.835094
8214	-1890.245	-2078.132	187.8868	0.2158072	1.545626	2.438594
8220	-1886.026	-2073.776	187.7493	0.1559579	1.500865	2.668289
8226	-1887.581	-2074.934	187.3528	0.1618533	1.500865	2.897773
8232	-1884.011	-2072.529	188.5184	0.1618533	1.709743	2.03338
8238	-1878.66	-2067.49	188.8297	0.2043462	1.764762	1.691203
8244	-1886.659	-2075.117	188.458	0.2043462	1.833781	1.901001
8250	-1882.284	-2071.091	188.8065	0.2206411	1.791726	1.655045
8256	-1886.445	-2074.926	188.4802	0.1646367	1.791726	1.998088
8262	-1888.62	-2076.436	187.816	0.1990751	1.455262	2.569831
8268	-1897.189	-2084.961	187.7722	0.2808361	1.503142	2.429732
8274	-1889.637	-2077.511	187.874	0.2765776	1.572231	2.328187
8280	-1882.946	-2071.347	188.4015	0.1959863	1.642686	2.083029
8286	-1877.497	-2065.88	188.3831	0.2678761	1.690426	1.932037
8292	-1885.43	-2072.541	187.1114	0.2426892	1.437964	2.935862
8298	-1887.923	-2076.162	188.2381	0.2626027	1.587275	2.105833
8304	-1891.86	-2080.03	188.17	0.3068245	1.602068	2.070779
8310	-1886.614	-2075.423	188.8087	0.2228686	1.721228	1.69918
8316	-1889.897	-2078.266	188.3688	0.2464004	1.758685	1.932886
8322	-1891.769	-2080.2	188.4314	0.213298	1.662626	2.016297
8328	-1886.634	-2075.228	188.5931	0.213298	1.717804	1.870286
8334	-1879.802	-2068.373	188.571	0.2288254	1.696109	1.870286
8340	-1893.932	-2081.873	187.9412	0.2604023	1.735685	2.206161
8346	-1889.602	-2077.967	188.3649	0.3071966	1.7856	1.815277
8352	-1889.434	-2077.761	188.3276	0.2928125	1.856455	1.815277
8358	-1874.745	-2063.301	188.5566	0.2928125	1.823618	1.677782
8364	-1895.178	-2083.889	188.7108	0.2877373	1.774605	1.61093
8370	-1885.918	-2074.666	188.7476	0.23766	1.864886	1.61093
8376	-1886.939	-2075.109	188.17	0.2506551	1.770818	2.050043
8382	-1885.212	-2073.151	187.9388	0.2506551	1.574778	2.327022
8388	-1892.213	-2080.174	187.9614	0.2168527	1.644281	2.327022
8394	-1884.586	-2071.333	186.747	0.2948947	1.511912	3.03185
8400	-1902.913	-2089.708	186.7952	0.2231522	1.515927	3.110498
8406	-1901.403	-2088.522	187.1187	0.1979342	1.401233	3.029512
8412	-1893.066	-2080.923	187.8568	0.2278535	1.674219	2.354897
8418	-1901.669	-2089.543	187.8739	0.2381616	1.591583	2.378603
8424	-1892.586	-2079.986	187.3999	0.232287	1.488364	2.747214
8430	-1898.621	-2082.52	183.8992	0.3060188	1.131355	4.870068
8436	-1897.08	-2080.038	182.9586	0.3060188	1.129598	5.392132
8442	-1881.561	-2065.972	184.4114	0.2698743	1.129598	4.633122
8448	-1887.59	-2069.924	182.3347	0.2109675	1.050123	5.912141
8454	-1877.939	-2063.382	185.4426	0.2210369	1.219018	4.073078
8460	-1869.844	-2055.057	185.213	0.2284534	1.219018	4.191898
8466	-1880.241	-2065.397	185.1567	0.1911996	1.271156	4.255671
8472	-1887.348	-2072.598	185.2495	0.1826646	1.204908	4.255671
8478	-1877.765	-2063.008	185.2426	0.2015965	1.312043	4.165929
8484	-1900.676	-2086.971	186.2941	0.1990006	1.426186	3.499915
8490	-1891.043	-2077.753	186.7106	0.2585427	1.451546	3.142834
8496	-1902.576	-2088.492	185.9153	0.329601	1.402537	3.540501
8502	-1902.968	-2087.883	184.9148	0.2096205	1.276624	4.358325
8508	-1888.248	-2074.77	186.5227	0.2124556	1.269262	3.434886
8514	-1892.915	-2077.917	185.0022	0.1992405	1.207814	4.365112
8520	-1905.17	-2091.81	186.6402	0.1967289	1.342737	3.350138
8526	-1886.176	-2072.584	186.4086	0.1680817	1.381981	3.515563
8532	-1893.25	-2079.683	186.4326	0.2346516	1.382285	3.385063
8538	-1886.718	-2074.397	187.6782	0.2346516	1.532292	2.544592
8544	-1886.844	-2074.94	188.096	0.238136	1.557077	2.259056
8550	-1887.131	-2074.234	187.1036	0.2871476	1.55383	2.802428
8556	-1886.875	-2075.763	188.8874	0.3040983	2.012756	1.262416
8562	-1893.405	-2081.725	188.3197	0.2876691	1.723944	1.91954
8568	-1907.039	-2094.45	187.4108	0.1952159	1.533608	2.778049
8574	-1904.956	-2093.252	188.2956	0.1772836	1.607162	2.213108
8580	-1895.745	-2084.61	188.8649	0.1941569	1.791722	1.66867
8586	-1892.19	-2080.867	188.6771	0.2470553	1.830069	1.66867
8592	-1888.898	-2077.404	188.5063	0.1610837	1.965816	1.871093
8598	-1879.306	-2067.624	188.3182	0.1529112	1.606867	2.25104
8604	-1888.396	-2075.623	187.2273	0.1626597	1.423953	3.017914
8610	-1883.2	-2071.598	188.3981	0.1552058	1.55673	2.226796
8616	-1884.727	-2073.358	188.6318	0.167838	1.710493	1.943815
8622	-1885.674	-2073.466	187.792	0.2102225	1.556253	2.501411
8628	-1886.668	-2074.011	187.3426	0.2532208	1.505325	2.737793
8634	-1888.909	-2076.946	188.0374	0.2010007	1.588569	2.343543
8640	-1888.946	-2076.742	187.7965	0.2919101	1.588569	2.343543
8646	-1892.634	-2080.663	188.0292	0.2810817	1.621357	2.189911
8652	-1892.804	-2081.441	188.6363	0.1449835	1.679836	2.013746
8658	-1883.824	-2072.298	188.4748	0.2736355	1.713334	1.844354
8664	-1883.355	-2072.105	188.7496	0.1615283	1.760118	1.844354
8670	-1886.638	-2074.93	188.292	0.2487263	1.758081	1.980777
8676	-1884.461	-2073.156	188.6953	0.2784393	1.83862	1.591962
8682	-1887.284	-2076.562	189.2785	0.1732989	1.798822	1.405098
8688	-1893.73	-2082.617	188.8868	0.1928223	1.829532	1.628745
8694	-1882.308	-2070.522	188.2149	0.2291288	1.782197	2.05103
8700	-1881.522	-2069.926	188.4038	0.1942479	1.706649	2.042782
8706	-1882.34	-2070.112	187.7715	0.2108671	1.545587	2.519727
8712	-1888.552	-2075.889	187.3375	0.2342825	1.571086	2.731473
8718	-1884.799	-2072.568	187.7686	0.1655158	1.518418	2.625645
8724	-1892.253	-2079.884	187.631	0.1605878	1.535615	2.709877
8730	-1894.758	-2082.364	187.606	0.1667151	1.616008	2.663279
8736	-1883.243	-2070.217	186.974	0.1645181	1.59124	3.065682
8742	-1886.685	-2074.751	188.0666	0.2307689	1.642879	2.235636
8748	-1881.329	-2069.57	188.241	0.201967	1.612442	2.195771
8754	-1875.748	-2064.048	188.2999	0.2220342	1.805101	1.992423
8760	-1887.379	-2075.753	188.3734	0.181315	1.852822	1.992423
8766	-1892.739	-2081.375	188.6361	0.1709996	1.842465	1.844216
8772	-1885.277	-2074.345	189.0685	0.1513154	1.861442	1.571807
8778	-1888.479	-2077.574	189.0953	0.1528823	1.814472	1.582617
8784	-1878.283	-2066.923	188.6396	0.1713317	1.757502	1.899018
8790	-1870.696	-2059.404	188.7079	0.2296182	1.775679	1.718728
8796	-1875.618	-2064.208	188.5895	0.1775483	1.797784	1.892072
8802	-1874.373	-2062.949	188.576	0.2064263	1.834603	1.815561
8808	-1886.336	-2074.756	188.42	0.2427986	1.689431	1.951447
8814	-1889.057	-2077.289	188.2322	0.2467217	1.756517	2.025163
8820	-1876.622	-2065.063	188.4404	0.2361651	1.756517	1.904391
8826	-1885.236	-2073.409	188.1723	0.3461847	1.756517	1.908069
8832	-1887.708	-2075.916	188.2076	0.2841188	1.756517	1.978752
8838	-1887.71	-2075.898	188.1878	0.2564691	1.676302	2.090709
8844	-1891.066	-2079.669	188.6023	0.3195688	1.715687	1.678299
8850	-1883.235	-2071.938	188.7027	0.3470678	1.905209	1.41973
8856	-1882.013	-2070.447	188.4341	0.3877505	2.05348	1.448397
8862	-1881.994	-2070.326	188.332	0.3755437	1.996589	1.585097
8868	-1880.118	-2068.6	188.4817	0.3127998	2.10998	1.489375
8874	-1877.972	-2065.973	188.0004	0.3671955	1.943188	1.868261
8880	-1881.673	-2069.513	187.8393	0.3643215	1.745634	2.111815
8886	-1885.252	-2074.21	188.9582	0.2479274	2.036805	1.298004
8892	-1881.888	-2070.846	188.9578	0.2674377	2.036805	1.257257
8898	-1892.018	-2080.935	188.9168	0.3470658	2.111145	1.066825
8904	-1892.894	-2082.185	189.291	0.2119178	2.095393	1.042048
8910	-1883.893	-2073.057	189.1634	0.2665941	2.183806	0.9326984
8916	-1891.116	-2080.011	188.8953	0.2665941	2.035008	1.311572
8922	-1892.016	-2081.071	189.055	0.2665941	2.081715	1.136909
8928	-1892.795	-2081.9	189.105	0.2397779	2.101356	1.136909
8934	-1883.603	-2072.607	189.0045	0.2942063	2.207997	1.002564
8940	-1880.744	-2069.532	188.7878	0.2412353	2.033786	1.448405
8946	-1893.244	-2082.46	189.216	0.2455754	2.13794	0.9822773
8952	-1889.326	-2078.393	189.0668	0.2178635	2.036874	1.276311
8958	-1886.122	-2075.189	189.0672	0.2009597	1.877829	1.440837
8964	-1895.364	-2084.213	188.8489	0.2688566	1.866669	1.474735
8970	-1888.46	-2077.324	188.8646	0.3178649	1.864117	1.37525
8976	-1886.198	-2075.195	188.9964	0.2618744	1.854757	1.384019
8982	-1880.938	-2069.975	189.0366	0.2948471	2.104065	1.070557
8988	-1888.31	-2077.252	188.9427	0.3031188	2.088627	1.15234
8994	-1889.97	-2079.137	189.1675	0.2374143	2.090087	1.096258
9000	-1879.233	-2068.052	188.8191	0.2374143	2.032091	1.433591
9006	-1879.077	-2067.928	188.8518	0.2725697	1.937018	1.411685
9012	-1878.717	-2067.896	189.1793	0.1794521	1.927885	1.366305
9018	-1885.011	-2073.817	188.8065	0.2914752	1.79926	1.515902
9024	-1895.366	-2083.37	188.0042	0.256211	1.814425	2.12092
9030	-1902.175	-2090.393	188.2187	0.1798104	1.728579	2.179098
9036	-1896.877	-2084.721	187.8437	0.2426406	1.726353	2.304463
9042	-1893.782	-2082.326	188.5445	0.2619334	1.782426	1.768673
9048	-1904.656	-2093.125	188.4684	0.2185565	1.836979	1.863751
9054	-1886.579	-2075.583	189.0045	0.2114637	1.911422	1.43953
9060	-1902.561	-2091.22	188.6588	0.2114637	1.876824	1.718134
9066	-1892.115	-2080.788	188.6733	0.2503458	1.863543	1.641218
9072	-1893.647	-2081.702	188.0554	0.3032284	1.657487	2.115105
9078	-1902.288	-2089.944	187.6553	0.2943978	1.650257	2.390229
9084	-1888.467	-2076.182	187.7155	0.2377022	1.732845	2.390229
9090	-1891.236	-2079.531	188.2953	0.2228115	1.749897	2.030782
9096	-1896.062	-2084.34	188.2787	0.2513472	1.838249	1.931198
9102	-1891.549	-2079.808	188.2595	0.2557955	1.655152	2.058559
9108	-1880.845	-2068.572	187.727	0.2557955	1.653786	2.402808
9114	-1889.841	-2077.498	187.6569	0.2268918	1.436556	2.630328
9120	-1887.657	-2074.973	187.3163	0.2078416	1.447094	2.86522
9126	-1901.829	-2088.858	187.0284	0.2692365	1.452633	2.935764
9132	-1903.179	-2091.343	188.1638	0.2608224	1.465923	2.23586
9138	-1879.644	-2067.545	187.9017	0.1695715	1.55927	2.509337
9144	-1891.468	-2078.901	187.4335	0.2321982	1.587848	2.665728
9150	-1888.308	-2076.097	187.7884	0.2540985	1.517409	2.452736
9156	-1894.759	-2081.386	186.6273	0.2947999	1.497101	3.112301
9162	-1889.461	-2076.373	186.9115	0.2548864	1.311374	3.112301
9168	-1896.985	-2084.767	187.7825	0.2176636	1.666454	2.424847
9174	-1882.508	-2071.038	188.53	0.2029095	1.615642	2.002156
9180	-1888.156	-2076.471	188.3145	0.216383	1.791895	2.002156
9186	-1876.567	-2065.755	189.1888	0.2413379	1.952913	1.189869
9192	-1888.238	-2077.45	189.2123	0.2040747	2.05127	1.174967
9198	-1903.459	-2092.455	188.9961	0.2040747	2.040288	1.362672
9204	-1893.971	-2083.047	189.0758	0.2274626	2.000974	1.276298
9210	-1886.888	-2075.966	189.0778	0.2492007	1.940397	1.276298
9216	-1898.359	-2087.303	188.9445	0.2379415	2.103602	1.276298
9222	-1896.684	-2086.035	189.3515	0.1905644	1.847734	1.264004
9228	-1882.766	-2071.73	188.964	0.2704327	2.01491	1.264004
9234	-1883.478	-2072.713	189.235	0.2329227	2.112869	1.022266
9240	-1875.628	-2064.962	189.3346	0.1980439	2.114857	1.020567
9246	-1892.347	-2081.323	188.9765	0.3372084	2.037048	1.099832
9252	-1879.51	-2068.681	189.1709	0.2194564	2.099848	1.129303
9258	-1871.461	-2060.455	188.9933	0.2225024	1.787261	1.518028
9264	-1885.632	-2074.474	188.8419	0.2277994	1.914119	1.525332
9270	-1875.258	-2064.074	188.8159	0.2425258	1.84277	1.56771
9276	-1884.341	-2072.537	188.1957	0.1888187	1.652734	2.224784
9282	-1889.193	-2076.36	187.167	0.2613928	1.510311	2.829012
9288	-1874.662	-2061.311	186.6498	0.209732	1.298017	3.348143
9294	-1882.713	-2070.041	187.3283	0.209732	1.596548	2.763721
9300	-1878.361	-2065.598	187.2377	0.315681	1.46591	2.733811
9306	-1880.824	-2068.253	187.4293	0.2058351	1.559995	2.731264
9312	-1886.117	-2074.371	188.2543	0.1906664	1.731326	2.132046
9318	-1884.093	-2072.744	188.6505	0.1826284	1.731326	1.884792
9324	-1876.75	-2065.362	188.6124	0.1593121	1.786558	1.924855
9330	-1878.8	-2066.995	188.1942	0.1790155	1.679867	2.228063
9336	-1888.384	-2077.112	188.7288	0.20473	1.819459	1.723085
9342	-1882.761	-2071.471	188.71	0.1787858	1.900425	1.735253
9348	-1884.383	-2072.048	187.6656	0.1429667	1.668382	2.644746
9354	-1881.142	-2069.233	188.0911	0.1513285	1.682701	2.351227
9360	-1870.598	-2059.103	188.5047	0.1856726	1.681384	2.010079
9366	-1888.348	-2074.626	186.2779	0.2390921	1.490135	3.405505
9372	-1879.348	-2066.46	187.1122	0.2390921	1.422659	2.950348
9378	-1874.328	-2062.457	188.1287	0.1822517	1.531297	2.358368
9384	-1882.072	-2070.164	188.0919	0.1793999	1.577127	2.358368
9390	-1893.851	-2081.87	188.0185	0.1701094	1.595698	2.412054
9396	-1892.704	-2081.273	188.5698	0.1525807	1.666939	2.048712
9402	-1893.252	-2081.539	188.2867	0.1533875	1.556837	2.302221
9408	-1882.295	-2070.411	188.1164	0.1988933	1.678101	2.239776
9414	-1897.971	-2086.269	188.2972	0.2289462	1.777863	1.99961
9420	-1902.796	-2091.006	188.2096	0.1690113	1.732228	2.205228
9426	-1908.807	-2097.271	188.4641	0.2123954	1.862365	1.861445
9432	-1887.903	-2076.145	188.2425	0.1527195	1.675551	2.255971
9438	-1896.298	-2084.314	188.0166	0.25365	1.623462	2.241069
9444	-1888.8	-2076.897	188.0963	0.1875719	1.730667	2.241069
9450	-1886.388	-2074.536	188.1476	0.2145765	1.655545	2.204542
9456	-1884.865	-2073.36	188.4945	0.1644374	1.655545	2.079297
9462	-1873.339	-2060.839	187.5001	0.2219399	1.723895	2.558
9468	-1875.333	-2063.247	187.9142	0.2219399	1.674338	2.328773
9474	-1882.485	-2070.253	187.7689	0.2219399	1.526704	2.513435
9480	-1891.96	-2079.603	187.643	0.2759234	1.563066	2.4808
9486	-1894.208	-2081.563	187.3542	0.1781756	1.41606	2.915796
9492	-1898.852	-2086.634	187.7821	0.2098102	1.615969	2.470972
9498	-1886.331	-2074.227	187.8954	0.1977647	1.728917	2.350751
9504	-1892.217	-2079.499	187.2823	0.234773	1.352991	2.896816
9510	-1887.186	-2073.689	186.503	0.2385906	1.503871	3.265825
9516	-1893.835	-2080.619	186.7837	0.2502583	1.513532	3.075085
9522	-1895.276	-2081.349	186.0732	0.3390488	1.320389	3.484407
9528	-1885.732	-2071.821	186.0884	0.3213721	1.209721	3.562556
9534	-1888.584	-2074.267	185.6831	0.2737492	1.23536	3.846562
9540	-1878.288	-2064.637	186.3489	0.1755441	1.205958	3.638409
9546	-1882.122	-2067.178	185.0561	0.2122717	1.295	4.263696
9552	-1878.754	-2064.753	185.9993	0.232754	1.345265	3.662153
9558	-1874.461	-2061.044	186.583	0.232754	1.337754	3.32589
9564	-1873.733	-2060.827	187.0939	0.3095837	1.502096	2.807916
9570	-1869.352	-2057.32	187.968	0.2405898	1.548425	2.342153
9576	-1883.743	-2071.441	187.698	0.3562905	1.546293	2.342153
9582	-1878.606	-2066.639	188.0323	0.1955313	1.546792	2.383697
9588	-1883.951	-2071.105	187.1547	0.2999112	1.653004	2.69216
9594	-1875.992	-2064.069	188.0773	0.2456706	1.567146	2.251707
9600	-1882.05	-2069.638	187.5881	0.2456706	1.612383	2.532399
9606	-1898.893	-2085.241	186.3479	0.2729777	1.381994	3.376665
9612	-1885.927	-2072.312	186.385	0.3522075	1.340801	3.272987
9618	-1883.656	-2069.486	185.8301	0.2526135	1.359077	3.721468
9624	-1890.164	-2077.565	187.4001	0.2822822	1.576851	2.613677
9630	-1898.188	-2085.969	187.7815	0.3245337	1.653037	2.264259
9636	-1889.759	-2077.816	188.0567	0.2790098	1.576861	2.204155
9642	-1886.109	-2072.577	186.4685	0.2733183	1.311833	3.346527
9648	-1877.418	-2063.318	185.8999	0.2279731	1.337535	3.731726
9654	-1896.685	-2083.74	187.0544	0.1533392	1.455333	3.121419
9660	-1905.6	-2092.446	186.846	0.2187865	1.376368	3.170617
9666	-1891.323	-2078.357	187.0347	0.2187865	1.428959	3.026766
9672	-1891.935	-2080.1	188.1657	0.2492489	1.456934	2.259658
9678	-1881.941	-2069.241	187.2999	0.2010749	1.378137	2.928858
9684	-1889.833	-2077.675	187.8423	0.1931933	1.499131	2.537306
9690	-1895.062	-2081.532	186.4698	0.2921527	1.382298	3.277452
9696	-1896.36	-2082.669	186.3086	0.2460481	1.303315	3.485991
9702	-1894.029	-2079.384	185.3545	0.3209269	1.225222	3.977307
9708	-1894.434	-2081.541	187.1067	0.18132	1.47596	3.022617
9714	-1895.153	-2082.467	187.3137	0.2949568	1.496046	2.698031
9720	-1892.971	-2080.653	187.6819	0.3005856	1.642988	2.368776
9726	-1894.696	-2082.987	188.2909	0.2370208	1.686154	2.050048
9732	-1894.416	-2082.716	188.3	0.1744478	1.522255	2.270771
9738	-1911.962	-2099.361	187.3991	0.2331509	1.513941	2.730609
9744	-1912.571	-2100.107	187.5361	0.2166264	1.493576	2.687324
9750	-1912.135	-2099.687	187.5512	0.3070179	1.522478	2.517396
9756	-1893.303	-2081.692	188.3885	0.230989	1.585515	2.062851
9762	-1891.152	-2079.501	188.3485	0.230989	1.644283	2.050462
9768	-1895.972	-2084.244	188.2724	0.2189137	1.813423	2.011087
9774	-1879.783	-2068.836	189.0524	0.258424	1.903147	1.307901
9780	-1888.668	-2076.887	188.2189	0.2855728	1.740955	1.979262
9786	-1900.574	-2089.301	188.727	0.2682801	1.821349	1.599761
9792	-1891.144	-2079.992	188.8478	0.2008959	1.790361	1.667381
9798	-1886.43	-2074.168	187.7384	0.2261342	1.49209	2.546672
9804	-1900.521	-2087.675	187.154	0.2413336	1.421215	2.922404
9810	-1888.184	-2076.031	187.8465	0.2413336	1.530626	2.428982
9816	-1897.028	-2085.02	187.9916	0.1877413	1.539512	2.428982
9822	-1885.547	-2074.155	188.6082	0.1725892	1.682235	1.968218
9828	-1884.465	-2072.528	188.0632	0.2954945	1.650487	2.126413
9834	-1891.912	-2078.056	186.1447	0.2954945	1.507697	3.390263
9840	-1881.795	-2068.994	187.1983	0.2578088	1.569188	2.779731
9846	-1882.668	-2069.234	186.5652	0.320209	1.455427	3.139391
9852	-1897.81	-2085.147	187.3379	0.1722073	1.455427	2.913509
9858	-1886.757	-2073.797	187.0396	0.2527338	1.520391	2.913509
9864	-1877.663	-2065.719	188.0557	0.1962722	1.652378	2.300224
9870	-1886.862	-2074.899	188.0369	0.1962722	1.671222	2.300224
9876	-1883.02	-2071.034	188.014	0.1786371	1.521663	2.444141
9882	-1884.332	-2072.432	188.1004	0.1703486	1.590351	2.363155
9888	-1885.82	-2074.301	188.4805	0.1882412	1.659654	2.035303
9894	-1888.531	-2076.627	188.0961	0.1793243	1.659654	2.303367
9900	-1875.137	-2063.248	188.1104	0.2176159	1.568955	2.278595
9906	-1877.152	-2064.491	187.3393	0.264753	1.554477	2.691628
9912	-1892.419	-2079.76	187.3414	0.2256956	1.333982	2.887674
9918	-1894.001	-2081.18	187.1791	0.2248429	1.414811	2.938274
9924	-1888.72	-2074.93	186.21	0.3075157	1.382848	3.408821
9930	-1892.151	-2078.96	186.8083	0.3045106	1.552877	2.957001
9936	-1887.661	-2075.54	187.8789	0.2220444	1.598347	2.399218
9942	-1890.678	-2079.539	188.861	0.2281083	1.602388	1.735867
9948	-1892.16	-2080.099	187.9389	0.2644739	1.644186	2.259904
9954	-1887.131	-2075.838	188.7069	0.2644739	1.764135	1.662394
9960	-1890.177	-2078.583	188.4056	0.2530875	1.705711	1.932008
9966	-1893.376	-2082.39	189.0136	0.3019989	1.870847	1.279378
9972	-1877.326	-2065.657	188.3308	0.2281503	1.736663	2.006109
9978	-1893.936	-2082.689	188.7538	0.1501974	1.674295	1.926392
9984	-1885.634	-2073.737	188.1032	0.1885245	1.77726	2.204664
9990	-1887.535	-2076.312	188.7761	0.172852	1.740847	1.813628
9996	-1871.07	-2059.644	188.5743	0.1812073	1.688864	1.968003
10002	-1885.423	-2073.989	188.5668	0.2132073	1.667383	1.92251
10008	-1888.445	-2076.721	188.2762	0.148777	1.644426	2.263182
10014	-1887.523	-2075.764	188.2412	0.2205993	1.861619	1.996582
10020	-1877.587	-2065.881	188.294	0.1735676	1.861619	2.055817
10026	-1875.628	-2064.428	188.8001	0.1594169	1.861619	1.74394
10032	-1877.344	-2065.726	188.3817	0.2113877	1.733506	2.005903
10038	-1893.373	-2081.422	188.0487	0.2589652	1.635522	2.203793
10044	-1895.674	-2083.232	187.5574	0.2443891	1.740084	2.473947
10050	-1894.568	-2082.444	187.8755	0.2443891	1.723538	2.282996
10056	-1895.37	-2084.222	188.8524	0.2003982	1.723538	1.712615
10062	-1898.872	-2087.44	188.5677	0.1659329	1.723538	1.982295
10068	-1896.15	-2083.853	187.7036	0.2878947	1.619552	2.388835
10074	-1899.076	-2087.206	188.1305	0.1781492	1.579525	2.334896
10080	-1903.675	-2090.792	187.1165	0.2227596	1.557604	2.893414
10086	-1893.085	-2079.558	186.4727	0.216158	1.477222	3.335999
10092	-1895.182	-2081.674	186.4914	0.1584377	1.321929	3.521098
10098	-1899.691	-2086.531	186.8401	0.2333712	1.367204	3.155506
10104	-1909.362	-2094.994	185.6326	0.2003774	1.218948	3.998846
10110	-1903.914	-2088.8	184.8863	0.2054494	1.331728	4.350197
10116	-1886.89	-2074.362	187.4719	0.2599277	1.647183	2.560022
10122	-1889.796	-2077.572	187.7756	0.2121992	1.665501	2.439662
10128	-1879.319	-2067.733	188.4141	0.1975995	1.690934	2.039632
10134	-1883.732	-2071.557	187.8247	0.2467165	1.654673	2.355332
10140	-1874.289	-2062.883	188.5943	0.227557	1.751557	1.818694
10146	-1883.284	-2071.871	188.5873	0.1700063	1.76957	1.929221
10152	-1890.376	-2078.656	188.28	0.2478114	1.849173	1.929221
10158	-1892.607	-2080.49	187.8834	0.2524938	1.68323	2.290129
10164	-1887.987	-2075.984	187.9968	0.2216572	1.653156	2.290129
10170	-1882.633	-2070.673	188.0395	0.2183068	1.619911	2.290129
10176	-1903.741	-2091.925	188.184	0.2164901	1.867097	2.038714
10182	-1886.397	-2074.564	188.1672	0.14899	1.80157	2.231744
10188	-1892.456	-2080.57	188.1139	0.1548426	1.825698	2.237416
10194	-1887.774	-2076.142	188.3681	0.1225236	1.696137	2.233202
10200	-1895.314	-2084.192	188.8778	0.1182347	1.838335	1.810825
10206	-1895.204	-2084.125	188.9205	0.1963254	1.859385	1.574804
10212	-1883.488	-2072.283	188.7946	0.1283478	1.836066	1.842714
10218	-1895.423	-2084.108	188.6852	0.1383582	1.836066	1.891959
10224	-1896.033	-2084.435	188.4019	0.1760689	1.860857	1.97924
10230	-1897.502	-2086.182	188.6798	0.1614964	1.768197	1.886625
10236	-1903.378	-2091.642	188.264	0.1572325	1.839506	2.125745
10242	-1890.071	-2078.371	188.3	0.2058344	1.652775	2.123741
10248	-1892.238	-2079.963	187.7246	0.197313	1.549415	2.571402
10254	-1893.322	-2081.161	187.8398	0.1592932	1.543935	2.578724
10260	-1892.872	-2080.452	187.58	0.1684693	1.557869	2.711383
10266	-1881.235	-2069.419	188.1841	0.2309569	1.798989	2.056969
10272	-1878.146	-2067.051	188.9057	0.1448227	1.762043	1.77521
10278	-1876.963	-2064.916	187.9536	0.1881724	1.778898	2.300465
10284	-1880.397	-2068.888	188.4915	0.2104979	1.81175	1.880983
10290	-1879.073	-2067.866	188.793	0.2460305	1.861644	1.563829
10296	-1883.757	-2072.742	188.985	0.1747081	1.858826	1.577385
10302	-1879.192	-2068.535	189.343	0.1802853	1.954324	1.208575
10308	-1887.305	-2076.238	188.933	0.2145164	1.79705	1.572093
10314	-1887.832	-2076.655	188.8227	0.2371381	1.882637	1.543993
10320	-1894.79	-2083.543	188.7537	0.2948469	1.878654	1.489957
10326	-1900.172	-2088.983	188.8109	0.2804118	1.842683	1.50002
10332	-1888.063	-2076.87	188.807	0.2436992	1.842683	1.572035
10338	-1885.327	-2073.543	188.216	0.2977651	1.828554	1.902703
10344	-1882.418	-2070.71	188.2918	0.2480621	1.896108	1.889001
10350	-1894.869	-2083.007	188.1374	0.2698015	1.650352	2.118627
10356	-1885.693	-2073.64	187.9471	0.2969806	1.774333	2.119032
10362	-1887.663	-2075.876	188.213	0.2433096	1.825014	1.99834
10368	-1879.725	-2068.228	188.5026	0.2880074	1.907535	1.664594
10374	-1891.278	-2080.004	188.7261	0.2880074	2.004303	1.427746
10380	-1880.534	-2069.704	189.1694	0.1664459	2.131366	1.243517
10386	-1883.172	-2072.285	189.1129	0.1664459	2.18789	1.243517
10392	-1888.526	-2077.676	189.1497	0.2148823	1.989774	1.253744
10398	-1896.793	-2085.692	188.8998	0.1801944	1.906601	1.591935
10404	-1893.04	-2081.86	188.82	0.1703188	1.887958	1.685637
10410	-1888.75	-2077.534	188.7845	0.2470648	1.887958	1.548748
10416	-1886.707	-2075.192	188.4851	0.2580202	1.864004	1.760142
10422	-1879.158	-2067.8	188.6418	0.2013109	1.863712	1.760142
10428	-1887.938	-2076.622	188.6831	0.1848519	1.695956	1.881979
10434	-1876.073	-2064.116	188.0429	0.2525631	1.519916	2.292449
10440	-1879.189	-2067.07	187.8805	0.2867121	1.622084	2.276494
10446	-1881.417	-2069.987	188.5697	0.2191349	1.714371	1.877188
10452	-1892.43	-2080.727	188.2969	0.1799757	1.626065	2.194473
10458	-1885.83	-2073.89	188.0596	0.2073971	1.701617	2.244981
10464	-1879.084	-2067.407	188.323	0.250783	1.788535	1.935867
10470	-1887.57	-2075.902	188.3325	0.2671255	1.871767	1.844417
10476	-1876.655	-2065.049	188.3943	0.2671255	1.78521	1.861354
10482	-1886.713	-2075.236	188.5225	0.2412701	1.811785	1.800907
10488	-1891.045	-2079.372	188.3265	0.2493202	1.841337	1.900375
10494	-1886.508	-2074.795	188.2872	0.2531083	1.83091	1.927362
10500	-1884.87	-2073.197	188.3263	0.2222262	1.803973	1.975194
10506	-1895.503	-2084.16	188.6572	0.2525596	1.738442	1.737424
10512	-1878.437	-2066.631	188.1936	0.2812225	1.803447	1.96138
10518	-1893.574	-2081.225	187.6508	0.22404	1.697096	2.477005
10524	-1899.637	-2087.543	187.9059	0.2149096	1.782819	2.277574
10530	-1896.91	-2085.239	188.3294	0.2633727	1.782819	1.91355
10536	-1884.783	-2073.475	188.6912	0.2460851	1.98705	1.546324
10542	-1891.132	-2080.177	189.0454	0.1911574	1.968423	1.410661
10548	-1900.866	-2089.915	189.0494	0.1895191	2.006384	1.38191
10554	-1904.143	-2092.824	188.6806	0.2137838	2.006384	1.605099
10560	-1888.581	-2077.329	188.7476	0.1911697	1.729966	1.800926
10566	-1892.585	-2080.203	187.6181	0.3139755	1.625685	2.400677
10572	-1893.85	-2082.471	188.6209	0.2012705	1.630916	1.934216
10578	-1890.801	-2078.348	187.5466	0.2758779	1.613806	2.509408
10584	-1893.241	-2080.701	187.4596	0.2033734	1.526191	2.737869
10590	-1887.092	-2074.89	187.7971	0.2033734	1.48072	2.557812
10596	-1885.959	-2074.656	188.6964	0.2712072	1.707055	1.698489
10602	-1882.708	-2071.186	188.4773	0.2431989	1.596752	1.974439
10608	-1887.172	-2074.842	187.6697	0.2698061	1.577903	2.464273
10614	-1891.497	-2079.453	187.9564	0.1968025	1.557317	2.422494
10620	-1886.703	-2074.533	187.8307	0.2423329	1.533942	2.43522
10626	-1897.68	-2085.172	187.4919	0.2316201	1.530615	2.66597
10632	-1901.166	-2087.272	186.1061	0.3388831	1.415596	3.409698
10638	-1888.787	-2076.062	187.2752	0.3390373	1.541049	2.632969
10644	-1891.09	-2078.544	187.4542	0.3043754	1.541049	2.569991
10650	-1893.931	-2081.302	187.3712	0.3534159	1.516338	2.569991
10656	-1887.782	-2075.77	187.9878	0.2605061	1.58177	2.275039
10662	-1883.193	-2071.179	187.9852	0.2605061	1.696849	2.202634
10668	-1875.286	-2063.47	188.1843	0.266998	1.674007	2.076904
10674	-1880.157	-2068.665	188.5082	0.26219	1.650571	1.884015
10680	-1896.064	-2084.147	188.0834	0.3510306	1.870533	1.884015
10686	-1890.175	-2078.481	188.3061	0.3215163	1.748309	1.859059
10692	-1902.211	-2090.735	188.5236	0.3215163	1.735276	1.717095
10698	-1893.805	-2082.286	188.4807	0.3551562	1.812687	1.640899
10704	-1890.802	-2079.522	188.7201	0.2194668	1.767338	1.735919
10710	-1900.794	-2089.148	188.3541	0.2850589	1.721474	1.90212
10716	-1893.649	-2082.023	188.3739	0.3053172	1.735499	1.846555
10722	-1888.649	-2076.918	188.2689	0.2783423	1.72195	1.970215
10728	-1899.871	-2087.078	187.2069	0.2783423	1.681957	2.67394
10734	-1897.119	-2084.23	187.1104	0.3214751	1.546527	2.754443
10740	-1899.038	-2086.058	187.0203	0.2673211	1.617244	2.844061
10746	-1902.832	-2090.956	188.1244	0.2673211	1.595655	2.166824
10752	-1896.058	-2084.461	188.4031	0.2696669	1.800153	1.840773
10758	-1890.875	-2079.016	188.1416	0.2942925	1.759399	2.004689
10764	-1907.73	-2095.801	188.0704	0.2854815	1.78653	2.047829
10770	-1902.652	-2090.819	188.1672	0.2907718	1.677084	2.047829
10776	-1921.159	-2108.827	187.668	0.1663041	1.56919	2.654763
10782	-1911.698	-2098.509	186.811	0.189507	1.536759	3.147507
10788	-1902.374	-2089.375	187.0012	0.1848695	1.497426	3.066176
10794	-1902.908	-2090.346	187.4382	0.1639911	1.497426	2.843763
10800	-1895.29	-2083.598	188.3081	0.162162	1.714192	2.167811
10806	-1902.602	-2091	188.3976	0.1893986	1.89045	1.934072
10812	-1882.296	-2071.056	188.7607	0.1496655	1.978305	1.713266
10818	-1885.55	-2074.192	188.6425	0.1611324	1.978305	1.768522
10824	-1894.94	-2083.473	188.5338	0.1547383	1.905339	1.908278
10830	-1881.335	-2070.094	188.7584	0.19809	2.098404	1.513999
10836	-1889.337	-2077.797	188.4604	0.2161334	2.012378	1.752854
10842	-1886.647	-2075.27	188.6224	0.1867281	1.96451	1.734229
10848	-1881.257	-2070.268	189.0104	0.179702	2.054924	1.398452
10854	-1877.921	-2066.576	188.655	0.2550544	1.97277	1.566252
10860	-1887.318	-2076.231	188.913	0.2060664	2.058246	1.409024
10866	-1879.029	-2068.181	189.1523	0.1939867	2.031942	1.267775
10872	-1879.875	-2068.893	189.0173	0.2116039	2.09497	1.283973
10878	-1877.452	-2066.601	189.1491	0.1919389	2.1006	1.218208
10884	-1878.949	-2067.709	188.76	0.2015822	1.886331	1.660107
10890	-1874.28	-2063.456	189.1768	0.1401464	2.044373	1.381596
10896	-1882.235	-2071.031	188.7956	0.2269633	2.151232	1.381596
10902	-1885.189	-2073.502	188.3123	0.1902118	1.758816	2.076895
10908	-1876.07	-2064.604	188.5338	0.2229213	1.726889	1.885883
10914	-1887.517	-2075.723	188.2059	0.2706977	1.846993	1.941183
10920	-1883.314	-2072.331	189.0172	0.2243224	1.874503	1.430043
10926	-1883.485	-2072.276	188.7906	0.2405339	1.985339	1.484449
10932	-1893.382	-2082.342	188.9601	0.2405339	1.930106	1.39695
10938	-1877.959	-2066.816	188.8569	0.2671894	1.905502	1.442329
10944	-1877.822	-2066.851	189.0297	0.1611442	1.675148	1.70946
10950	-1883.217	-2071.803	188.5867	0.259848	1.795852	1.733446
10956	-1871.051	-2059.112	188.0603	0.2101484	1.600582	2.304117
10962	-1885.498	-2072.802	187.3047	0.2690167	1.535202	2.71811
10968	-1883.659	-2071.809	188.1506	0.2676204	1.620095	2.133363
10974	-1895.329	-2083.152	187.8227	0.206707	1.527053	2.506915
10980	-1903.823	-2091.786	187.9625	0.1871661	1.499554	2.473532
10986	-1892.291	-2079.888	187.5969	0.2534046	1.566715	2.542752
10992	-1894.135	-2081.686	187.5511	0.2039935	1.612028	2.627738
10998	-1882.518	-2070.046	187.5287	0.2126368	1.589019	2.640177
11004	-1893.476	-2080.614	187.1383	0.2126368	1.600304	2.87181
11010	-1886.539	-2074.178	187.6383	0.2126368	1.643207	2.538721
11016	-1895.256	-2082.942	187.6862	0.2140446	1.591195	2.538721
11022	-1895.84	-2084.048	188.208	0.1806364	1.565077	2.289578
11028	-1891.96	-2079.067	187.1067	0.2396915	1.370715	2.983934
11034	-1885.948	-2072.773	186.8252	0.1982986	1.331734	3.24477
11040	-1895.208	-2081.682	186.4741	0.2057317	1.326231	3.441463
11046	-1895.075	-2081.438	186.3631	0.2226567	1.388611	3.441463
11052	-1885.739	-2072.077	186.3381	0.2398858	1.388388	3.428572
11058	-1880.317	-2067.105	186.7878	0.2553719	1.517062	3.062592
11064	-1885.743	-2072.79	187.0466	0.3379951	1.435129	2.83905
11070	-1888.924	-2077.132	188.2073	0.2267139	1.626847	2.16222
11076	-1889.203	-2077.281	188.0778	0.2761337	1.584161	2.190336
11082	-1897.385	-2085.262	187.8775	0.2761337	1.532782	2.351686
11088	-1898.409	-2085.746	187.3365	0.2501709	1.468005	2.769183
11094	-1893.942	-2080.838	186.8959	0.2305519	1.447587	3.078971
11100	-1900.756	-2088.271	187.5151	0.2603472	1.467338	2.64394
11106	-1884.424	-2071.902	187.4785	0.1936736	1.425872	2.805307
11112	-1903.042	-2090.871	187.8294	0.2070395	1.437222	2.558085
11118	-1896.197	-2083.872	187.6749	0.3220637	1.585293	2.378808
11124	-1904.916	-2093.289	188.3735	0.2335416	1.771611	1.944207
11130	-1898.37	-2086.841	188.4708	0.22293	1.592017	2.018866
11136	-1890.162	-2078.129	187.9675	0.2786036	1.730184	2.163229
11142	-1893.33	-2081.528	188.1978	0.2366386	1.69162	2.10841
11148	-1886.388	-2074.659	188.2716	0.2173419	1.671317	2.10841
11154	-1895.261	-2083.502	188.2402	0.2029772	1.567609	2.223357
11160	-1893.306	-2080.948	187.6428	0.3537688	1.621667	2.33267
11166	-1901.191	-2088.761	187.5702	0.2092974	1.519139	2.663638
11172	-1891.01	-2078.708	187.6977	0.3042321	1.578535	2.394264
11178	-1902.853	-2090.541	187.6879	0.2571215	1.547072	2.492258
11184	-1889.878	-2078.972	189.0941	0.1685809	2.005401	1.399829
11190	-1898.728	-2087.964	189.2361	0.1894855	2.010625	1.227061
11196	-1899.477	-2088.419	188.9418	0.2997889	2.010625	1.227061
11202	-1893.029	-2082.261	189.2316	0.2154288	1.938178	1.227061
11208	-1891.418	-2080.225	188.8074	0.2311336	1.826768	1.608077
11214	-1894.715	-2083.471	188.7561	0.305013	1.973948	1.397111
11220	-1883.892	-2072.666	188.7743	0.2944499	1.94489	1.424612
11226	-1892.643	-2080.626	187.9833	0.2944499	1.791806	2.087702
11232	-1894.806	-2083.877	189.071	0.1941005	1.805556	1.508291
11238	-1885.543	-2074.385	188.8417	0.240359	1.874462	1.529562
11244	-1879.176	-2068.147	188.9708	0.2758621	1.831728	1.394655
11250	-1876.949	-2065.824	188.8757	0.2733461	2.132556	1.233493
11256	-1867.86	-2056.768	188.9087	0.2766344	1.976383	1.327972
11262	-1876.535	-2065.586	189.0513	0.2435939	2.198765	1.087928
11268	-1870.23	-2059.472	189.2419	0.213681	2.206386	0.9757022
11274	-1877.869	-2067.144	189.2744	0.2476334	2.280879	0.7315643
11280	-1881.847	-2071.099	189.2511	0.2285722	2.256066	0.8651758
11286	-1874.842	-2064.108	189.2658	0.2285722	2.24959	0.8552891
11292	-1882.865	-2072.057	189.1918	0.2624186	2.054512	1.045505
11298	-1883.192	-2072.446	189.2538	0.2592336	1.986664	1.058742
11304	-1882.754	-2071.488	188.7335	0.2350874	2.072886	1.472548
11310	-1879.216	-2068.346	189.1297	0.2350874	1.954351	1.252954
11316	-1873.213	-2061.921	188.7087	0.3086829	1.968959	1.43108
11322	-1881.511	-2070.034	188.5229	0.3028744	2.009785	1.550271
11328	-1877.005	-2065.775	188.7702	0.2421501	1.857542	1.591112
11334	-1878.695	-2067.108	188.4126	0.301682	1.810226	1.77396
11340	-1884.983	-2073.484	188.5007	0.2507186	1.74209	1.846754
11346	-1886.127	-2073.933	187.8061	0.2490166	1.696636	2.336675
11352	-1891.417	-2079.121	187.7042	0.2337159	1.684631	2.434595
11358	-1877.364	-2065.774	188.4104	0.2672985	1.74966	1.87434
11364	-1882.356	-2070.909	188.5535	0.3405031	1.907284	1.541417
11370	-1877.719	-2066.416	188.6973	0.3275472	1.994251	1.387573
11376	-1885.417	-2074.259	188.8419	0.3034856	1.994251	1.315835
11382	-1879.73	-2068.686	188.9565	0.308129	1.90711	1.284904
11388	-1878.281	-2067.384	189.1036	0.2510149	2.038084	1.167719
11394	-1878.684	-2067.8	189.1158	0.2872056	2.117814	0.9980972
11400	-1878.879	-2067.998	189.1187	0.3068119	2.117814	0.9477808
11406	-1891.838	-2080.89	189.0516	0.2843572	2.079495	1.102571
11412	-1877.662	-2066.176	188.5137	0.2582142	1.826694	1.765858
11418	-1887.611	-2076.008	188.3979	0.2582142	1.800895	1.863624
11424	-1893.048	-2081.527	188.4792	0.2662472	1.760497	1.821577
11430	-1873.236	-2061.608	188.3726	0.3060968	1.771336	1.821577
11436	-1878.498	-2067.116	188.618	0.2372307	1.904121	1.676667
11442	-1882.063	-2070.719	188.6563	0.3512965	1.962433	1.404513
11448	-1879.72	-2068.061	188.3413	0.3035835	1.970234	1.708693
11454	-1886.142	-2074.499	188.3572	0.3675048	1.821243	1.704693
11460	-1889.505	-2077.078	187.5729	0.3921225	1.771309	2.232018
11466	-1883.693	-2071.918	188.2254	0.3150995	1.819547	1.875317
11472	-1890.526	-2078.017	187.4908	0.3097885	1.715149	2.430557
11478	-1889.883	-2077.137	187.254	0.3937524	1.719656	2.465397
11484	-1878.412	-2066.157	187.745	0.2287776	1.538837	2.50885
11490	-1886.514	-2074.752	188.2382	0.1719336	1.689375	2.20827
11496	-1889.122	-2077.37	188.2479	0.2136324	1.583784	2.187834
11502	-1890.602	-2078.857	188.2546	0.1733741	1.681366	2.199768
11508	-1890.989	-2077.778	186.7887	0.2599743	1.567933	3.024568
11514	-1888.281	-2076.904	188.6223	0.1945911	1.695866	1.902951
11520	-1885.561	-2073.939	188.3786	0.2496398	1.957627	1.78426
11526	-1878.868	-2067.453	188.5855	0.2162382	1.807807	1.807927
11532	-1880.268	-2068.301	188.0332	0.2233931	1.663477	2.257061
11538	-1878.034	-2066.067	188.0336	0.2327493	1.578197	2.294891
11544	-1876.391	-2064.447	188.0556	0.2491675	1.728669	2.155289
11550	-1876.366	-2063.712	187.3463	0.3350498	1.568215	2.577489
11556	-1882.349	-2070.522	188.1734	0.2892832	1.832253	1.942562
11562	-1886.439	-2074.633	188.1934	0.2892832	1.720708	2.003873
11568	-1901.201	-2089.585	188.3845	0.2281521	1.535972	2.103231
11574	-1884.145	-2072.975	188.8294	0.1685676	1.804628	1.741939
11580	-1882.997	-2070.981	187.9841	0.2667058	1.713439	2.18241
11586	-1893.654	-2081.564	187.9103	0.278337	1.55185	2.315277
11592	-1893.946	-2081.717	187.771	0.2520364	1.544999	2.449707
11598	-1891.307	-2078.755	187.4484	0.330689	1.73239	2.416965
11604	-1895.13	-2082.804	187.6739	0.2578243	1.56984	2.485671
11610	-1899.863	-2087.803	187.9408	0.2311192	1.564934	2.365233
11616	-1889.615	-2077.986	188.3702	0.220397	1.611288	2.077361
11622	-1892.226	-2079.877	187.6514	0.3333554	1.585304	2.377988
11628	-1895.185	-2082.629	187.4444	0.2427109	1.53422	2.674574
11634	-1887.942	-2074.594	186.6517	0.2427109	1.399087	3.23334
11640	-1893.88	-2082.456	188.5763	0.1971579	1.76608	1.881209
11646	-1883.056	-2071.186	188.1302	0.3076509	1.605545	2.093426
11652	-1878.917	-2067.492	188.5746	0.2892299	1.746302	1.725836
11658	-1889.608	-2078.524	188.9154	0.2447738	2.033537	1.341778
11664	-1890.727	-2079.359	188.6319	0.2447738	1.99981	1.583063
11670	-1886.532	-2075.221	188.6897	0.2193029	1.996647	1.594089
11676	-1891.672	-2080.256	188.5832	0.283754	1.972417	1.566641
11682	-1889.589	-2078.219	188.6305	0.211757	1.900792	1.720571
11688	-1888.46	-2075.995	187.5346	0.2667362	1.687542	2.484999
11694	-1891.151	-2079.044	187.8934	0.2458312	1.622479	2.333631
11700	-1889.078	-2076.888	187.8097	0.2706156	1.631003	2.341076
11706	-1885.96	-2073.29	187.33	0.2469774	1.514662	2.749764
11712	-1883.86	-2070.992	187.132	0.2474118	1.44648	2.910757
11718	-1881.964	-2067.41	185.4469	0.2645765	1.424041	3.887
11724	-1884.275	-2071.329	187.0546	0.2674177	1.52334	2.879996
11730	-1880.828	-2066.977	186.1496	0.2468031	1.293844	3.58297
11736	-1880.567	-2066.513	185.9468	0.3317218	1.293406	3.58297
11742	-1888.827	-2073.751	184.9239	0.2382668	1.251756	4.321968
11748	-1886.529	-2071.425	184.8965	0.2872515	1.154851	4.321968
11754	-1892.818	-2075.474	182.6565	0.2872515	1.184926	5.552165
11760	-1897.756	-2082.369	184.6127	0.2945253	1.054944	4.528507
11766	-1900.379	-2084.837	184.4577	0.2910533	1.218196	4.528507
11772	-1893.018	-2077.683	184.665	0.2910533	1.171632	4.438037
11778	-1901.778	-2086.424	184.6455	0.3170912	1.140474	4.432696
11784	-1890.8	-2078.105	187.3048	0.2191975	1.541341	2.795153
11790	-1902.374	-2089.804	187.43	0.274227	1.537591	2.631654
11796	-1884.697	-2071.502	186.8055	0.3327098	1.435238	2.991386
11802	-1893.325	-2079.328	186.0028	0.2790715	1.601297	3.441601
11808	-1891.725	-2078.112	186.3874	0.2092383	1.448482	3.414665
11814	-1890.674	-2077.845	187.1712	0.2584299	1.491398	2.842538
11820	-1892.387	-2079.874	187.4877	0.2217558	1.635904	2.620514
11826	-1893.748	-2081.039	187.2911	0.2403084	1.590979	2.737702
11832	-1878.774	-2066.328	187.5543	0.183975	1.448217	2.763737
11838	-1883.036	-2071.153	188.1166	0.2845343	1.725371	2.05923
11844	-1885.352	-2073.746	188.3934	0.171085	1.814149	2.026744
11850	-1883.782	-2071.855	188.0729	0.2562064	1.804243	2.082543
11856	-1883.544	-2071.887	188.3425	0.2960731	1.703521	1.904388
11862	-1876.135	-2064.388	188.2521	0.2812117	1.836851	1.899345
11868	-1862.53	-2050.835	188.3054	0.2797674	1.814157	1.880974
11874	-1888.232	-2076.611	188.3792	0.2336915	1.635479	2.031108
11880	-1898.737	-2086.844	188.1067	0.3018079	1.736923	2.031108
11886	-1892.737	-2081.699	188.9623	0.1788635	1.751813	1.661639
11892	-1886.665	-2074.903	188.238	0.242745	1.703935	2.063091
11898	-1894.253	-2082.48	188.2265	0.239169	1.682222	2.091221
11904	-1909.348	-2096.697	187.349	0.32205	1.5402	2.610868
11910	-1893.98	-2081.549	187.569	0.231754	1.508403	2.631917
11916	-1896.329	-2083.591	187.2613	0.1888364	1.491481	2.906143
11922	-1901.868	-2089.876	188.0078	0.1422898	1.531342	2.51901
11928	-1899.595	-2086.928	187.3326	0.1859057	1.466925	2.883378
11934	-1892.674	-2079.303	186.6296	0.1859057	1.466925	3.302823
11940	-1882.082	-2069.694	187.6126	0.1164312	1.639506	2.756464
11946	-1894.854	-2082.714	187.8604	0.1457128	1.597547	2.561969
11952	-1894.051	-2081.972	187.9206	0.1189714	1.689549	2.529462
11958	-1900.865	-2089.568	188.7026	0.1604923	1.689549	1.92677
11964	-1901.82	-2090.153	188.3331	0.1713478	1.656406	2.169341
11970	-1893.216	-2081.964	188.7483	0.1825149	1.728106	1.820275
11976	-1889.236	-2078.117	188.881	0.1681107	1.641805	1.820275
11982	-1885.195	-2073.922	188.7271	0.2168623	1.899566	1.642296
11988	-1874.753	-2063.426	188.6729	0.2163181	1.955272	1.642296
11994	-1885.982	-2074.729	188.7465	0.2416781	1.898678	1.579279
12000	-1874.847	-2063.46	188.6134	0.2772108	1.940962	1.579279
12006	-1874.42	-2063.378	188.9582	0.2177074	2.047701	1.355535
12012	-1883.011	-2072.052	189.0406	0.2007294	1.977027	1.385164
12018	-1884.439	-2073.558	189.1186	0.1435177	1.977027	1.468886
12024	-1876.173	-2065.031	188.8581	0.1841166	2.037731	1.516917
12030	-1878.389	-2067.628	189.2393	0.2088492	2.032388	1.155576
12036	-1878.246	-2067.333	189.0868	0.2835781	2.175444	0.9779556
12042	-1883.215	-2072.034	188.8191	0.2416847	2.139928	1.340289
12048	-1877.153	-2065.464	188.3101	0.2416847	1.993479	1.821339
12054	-1870.915	-2059.393	188.478	0.2443479	1.786481	1.843361
12060	-1872.823	-2061.567	188.7443	0.1557622	1.786481	1.843361
12066	-1891.57	-2080.301	188.7316	0.1648513	1.893584	1.756729
12072	-1886.247	-2075.076	188.829	0.1931981	1.890975	1.625327
12078	-1882.814	-2071.853	189.0395	0.1249161	1.913538	1.625327
12084	-1879.176	-2067.718	188.5419	0.1845927	1.913538	1.830241
12090	-1884.684	-2072.601	187.9171	0.1801673	1.845028	2.297549
12096	-1886.464	-2075.345	188.8813	0.2536846	1.947654	1.417557
12102	-1878.528	-2067.272	188.7443	0.2536846	1.947654	1.52143
12108	-1880.535	-2069.338	188.8033	0.2203207	1.665984	1.746955
12114	-1887.535	-2076.321	188.7861	0.2194766	1.892049	1.599714
12120	-1879.119	-2068.064	188.9444	0.2194766	1.892049	1.482519
12126	-1891.292	-2080.299	189.0071	0.2364725	2.003399	1.310204
12132	-1891.275	-2080.252	188.9775	0.2614569	1.973226	1.305594
12138	-1881.973	-2070.683	188.7097	0.3132271	1.973226	1.419089
12144	-1883.157	-2072.262	189.1053	0.1743519	1.957974	1.413382
12150	-1881.757	-2070.827	189.0702	0.1854053	1.957974	1.413382
12156	-1876.456	-2065.663	189.2068	0.1854053	2.104729	1.182525
12162	-1892.804	-2081.898	189.0943	0.1927415	1.989385	1.3521
12168	-1880.777	-2069.857	189.0795	0.1743794	1.84949	1.515276
12174	-1883.462	-2072.264	188.8014	0.2874365	1.900257	1.450773
12180	-1881.784	-2070.617	188.8334	0.2371859	1.995971	1.450773
12186	-1884.378	-2073.411	189.0332	0.1853121	1.859882	1.516147
12192	-1883.822	-2072.071	188.2493	0.2774648	1.83011	1.91203
12198	-1879.798	-2068.434	188.6356	0.3050825	1.85799	1.575271
12204	-1888.304	-2077.072	188.7676	0.1933282	1.85799	1.692601
12210	-1891.607	-2079.778	188.1702	0.2374812	1.618813	2.172386
12216	-1901.754	-2089.384	187.6303	0.2256559	1.568601	2.567126
12222	-1884.668	-2071.969	187.3018	0.2446381	1.413954	2.832079
12228	-1885.473	-2072.546	187.0734	0.2551905	1.453144	2.929844
12234	-1880.133	-2066.504	186.3711	0.1881075	1.428316	3.473044
12240	-1884.27	-2071.683	187.4134	0.2778588	1.597666	2.599232
12246	-1892.109	-2080.738	188.629	0.2159636	2.01357	1.632713
12252	-1889.438	-2078.295	188.8573	0.2621956	1.849036	1.494385
12258	-1896.079	-2084.657	188.5782	0.2280023	1.92244	1.709832
12264	-1890.35	-2079.094	188.7442	0.2280023	1.923982	1.589592
12270	-1894.546	-2083.538	188.9912	0.1792643	1.991724	1.462864
12276	-1892.64	-2081.686	189.0462	0.2321135	2.063206	1.238527
12282	-1889.489	-2078.051	188.5617	0.2363904	1.88309	1.733016
12288	-1879.289	-2067.944	188.655	0.2173371	1.842602	1.733016
12294	-1877.781	-2066.676	188.895	0.1903714	1.798797	1.650346
12300	-1882.159	-2070.938	188.7794	0.1495469	1.660078	1.920219
12306	-1887.618	-2075.466	187.8481	0.1931245	1.618338	2.459243
12312	-1883.547	-2071.103	187.5565	0.2227532	1.67381	2.55267
12318	-1874.457	-2062.658	188.201	0.2227532	1.659805	2.152036
12324	-1872.567	-2060.583	188.016	0.2227532	1.790286	2.187466
12330	-1869.355	-2057.349	187.9944	0.1670025	1.766042	2.325838
12336	-1872.605	-2060.78	188.1754	0.1931294	1.766042	2.155948
12342	-1870.238	-2057.878	187.6399	0.1830996	1.651225	2.587964
12348	-1862.389	-2049.137	186.7486	0.178189	1.402736	3.28486
12354	-1862.945	-2050.358	187.4133	0.1977109	1.47767	2.805997
12360	-1874.924	-2062.184	187.2594	0.1574644	1.320814	3.070923
12366	-1874.57	-2061.772	187.2024	0.09574462	1.379378	3.210736
12372	-1878.208	-2065.555	187.3467	0.1624147	1.384011	2.970691
12378	-1878.196	-2065.443	187.2468	0.1292494	1.382602	3.102026
12384	-1882.401	-2070.266	187.8652	0.2177733	1.668343	2.37121
12390	-1885.442	-2072.941	187.4996	0.1536641	1.62643	2.74926
12396	-1866.696	-2053.524	186.8279	0.1420873	1.608836	3.188434
12402	-1892.682	-2080.04	187.3575	0.1780496	1.586901	2.810568
12408	-1884.644	-2072.402	187.7578	0.113913	1.622631	2.684015
12414	-1893.384	-2080.537	187.1536	0.1982348	1.593566	2.89224
12420	-1888.874	-2077.577	188.7029	0.16185	1.692812	1.921274
12426	-1892.514	-2081.537	189.0231	0.1549553	1.838271	1.612626
12432	-1884.793	-2073.242	188.4492	0.1811304	1.839197	1.951222
12438	-1887.871	-2076.574	188.7034	0.1724254	1.825379	1.806395
12444	-1890.053	-2079.034	188.9819	0.1632915	1.822993	1.632964
12450	-1885.35	-2074.165	188.815	0.1268261	1.858753	1.81703
12456	-1900.295	-2089.36	189.065	0.1617993	1.93401	1.493865
12462	-1890.937	-2079.484	188.547	0.2206732	1.753572	1.863001
12468	-1889.631	-2078.178	188.547	0.2206732	1.753572	1.863001
12474	-1884.359	-2072.629	188.2701	0.2767459	1.635826	2.029455
12480	-1883.394	-2071.034	187.6395	0.2795622	1.615559	2.444489
12486	-1876.507	-2064.8	188.293	0.2306702	1.670811	2.070186
12492	-1891.38	-2079.441	188.0605	0.238982	1.64404	2.224481
12498	-1879.315	-2067.33	188.0152	0.1984825	1.804223	2.224481
12504	-1886.385	-2074.22	187.8353	0.2088386	1.744942	2.357893
12510	-1887.608	-2076.353	188.7447	0.1786367	1.761695	1.808036
12516	-1882.024	-2070.682	188.6582	0.2101119	1.752571	1.808036
12522	-1892.164	-2080.338	188.1737	0.307241	1.676784	2.018222
12528	-1889.42	-2077.941	188.5212	0.200816	1.578934	2.03648
12534	-1902.193	-2089.163	186.9699	0.2724377	1.502469	2.936191
12540	-1888.679	-2075.154	186.4754	0.2982006	1.280837	3.325536
12546	-1884.404	-2069.97	185.566	0.2662825	1.298775	3.888073
12552	-1893.908	-2081.425	187.5167	0.3317036	1.37968	2.593251
12558	-1892.505	-2081.099	188.5937	0.2176956	1.681326	1.886162
12564	-1893.337	-2081.055	187.7178	0.2209622	1.538995	2.539345
12570	-1896.382	-2081.797	185.4151	0.2990034	1.338191	3.906574
12576	-1899.509	-2085.032	185.5236	0.2985797	1.322023	3.854142
12582	-1887.604	-2073.592	185.9875	0.2996479	1.455985	3.50676
12588	-1892.876	-2079.974	187.0979	0.3148146	1.645103	2.710894
12594	-1884.747	-2072.476	187.7285	0.2746084	1.645103	2.377339
12600	-1897.14	-2084	186.8594	0.2374946	1.493053	3.062351
12606	-1902.479	-2089.185	186.7063	0.3277319	1.477813	3.031884
12612	-1896.056	-2083.036	186.9805	0.2307651	1.441202	3.031884
12618	-1894.571	-2081.959	187.3875	0.264752	1.56602	2.654865
12624	-1890.75	-2078.837	188.0873	0.1700924	1.735084	2.279774
12630	-1886.78	-2074.688	187.9078	0.1858383	1.631085	2.427864
12636	-1905.274	-2091.948	186.6735	0.2063032	1.461983	3.243436
12642	-1898.625	-2085.833	187.2075	0.1765683	1.452141	2.985486
12648	-1897.71	-2084.767	187.0568	0.2265721	1.521801	2.944585
12654	-1904.37	-2091.633	187.2639	0.1900806	1.464589	2.9185
12660	-1893.973	-2082.04	188.0675	0.2670614	1.631462	2.180967
12666	-1897.491	-2086.055	188.5641	0.1882387	1.821852	1.870057
12672	-1888.191	-2076.884	188.6923	0.2004633	1.931054	1.678839
12678	-1879.776	-2068.372	188.5963	0.2006173	1.815318	1.826687
12684	-1885.519	-2073.66	188.1407	0.2612843	1.753103	2.063009
12690	-1879.406	-2068.36	188.9548	0.1736071	1.922224	1.555655
12696	-1884.114	-2073.081	188.9667	0.1916048	1.926516	1.501498
12702	-1889.762	-2078.273	188.5109	0.2141341	1.838358	1.842372
12708	-1892.769	-2080.836	188.0668	0.2022824	1.628493	2.296904
12714	-1885.916	-2074.517	188.601	0.1790437	1.606582	2.009703
12720	-1885.969	-2074.817	188.8478	0.19912	1.882498	1.60488
12726	-1889.774	-2078.412	188.6372	0.2424232	1.970817	1.60488
12732	-1897.603	-2086.394	188.7906	0.2331707	1.836697	1.609035
12738	-1887.494	-2075.7	188.2059	0.2227136	1.655604	2.151661
12744	-1886.474	-2075.023	188.5486	0.2862538	1.7772	1.727427
12750	-1891.304	-2079.692	188.388	0.322705	1.738916	1.80739
12756	-1888.971	-2077.013	188.0421	0.4176312	1.953868	1.764138
12762	-1887.006	-2074.56	187.5541	0.2952703	1.770418	2.376945
12768	-1873.128	-2060.459	187.3308	0.2725	1.504909	2.715346
12774	-1878.001	-2065.166	187.1649	0.269827	1.52042	2.811209
12780	-1883.146	-2070.835	187.6889	0.2060046	1.596841	2.548055
12786	-1901.363	-2089.375	188.012	0.2461753	1.810744	2.135317
12792	-1887.523	-2076.27	188.7468	0.2461753	1.874688	1.587875
12798	-1881.439	-2069.648	188.2091	0.2759429	1.874688	1.911597
12804	-1878.486	-2067.266	188.7797	0.2096026	1.718784	1.748032
12810	-1889.005	-2078.146	189.1403	0.1889363	1.924383	1.376332
12816	-1886.414	-2075.407	188.9931	0.2062578	2.019495	1.376332
12822	-1886.152	-2074.772	188.6196	0.2383085	1.931494	1.653915
12828	-1893.006	-2082.16	189.1542	0.1940405	2.063121	1.240129
12834	-1886.961	-2076.013	189.0519	0.2384554	2.276599	1.026543
12840	-1890.191	-2079.341	189.1498	0.2578342	2.084479	1.067993
12846	-1885.2	-2074.278	189.0775	0.1747441	2.040005	1.370016
12852	-1889.563	-2078.586	189.0229	0.2306645	1.790944	1.47606
12858	-1890.852	-2079.396	188.5438	0.2028862	1.80231	1.866982
12864	-1893.122	-2081.393	188.2714	0.1881293	1.687185	2.154763
12870	-1900.083	-2087.727	187.6438	0.186292	1.486235	2.681199
12876	-1890.815	-2077.288	186.4734	0.1909889	1.409963	3.418789
12882	-1888.241	-2074.867	186.6259	0.1797707	1.346248	3.387269
12888	-1885.334	-2070.585	185.2507	0.1935165	1.254012	4.208093
12894	-1891.915	-2076.763	184.8484	0.1988656	1.146802	4.486831
12900	-1889.898	-2075.132	185.2339	0.1842224	1.201635	4.263573
12906	-1885.193	-2071.309	186.1161	0.2000196	1.365901	3.636697
12912	-1889.517	-2076.452	186.9349	0.1717452	1.338312	3.225125
12918	-1884.592	-2071.338	186.7457	0.1785124	1.275016	3.361103
12924	-1885.5	-2072.111	186.6105	0.1388239	1.476318	3.401664
12930	-1890.674	-2077.475	186.8011	0.1823159	1.392634	3.252082
12936	-1896.755	-2082.519	185.7636	0.2198573	1.297771	3.846192
12942	-1890.652	-2078.119	187.4673	0.1586072	1.514668	2.826672
12948	-1895.337	-2082.833	187.496	0.1853039	1.454605	2.792866
12954	-1897.273	-2084.904	187.6304	0.1785339	1.518214	2.684796
12960	-1897.357	-2085.708	188.3511	0.1414414	1.700319	2.195745
12966	-1895.511	-2083.844	188.3322	0.1781396	1.700319	2.127037
12972	-1884.096	-2071.974	187.8781	0.2061367	1.695602	2.36703
12978	-1879.94	-2068.015	188.0752	0.1637412	1.587089	2.394993
12984	-1890.577	-2078.934	188.3572	0.1243179	1.608422	2.292052
12990	-1890.996	-2079.478	188.4828	0.1764929	1.793626	1.969174
12996	-1884.888	-2073.051	188.1631	0.1764929	1.618154	2.292847
13002	-1883.67	-2070.856	187.1858	0.2280784	1.693161	2.759986
13008	-1890.729	-2078.012	187.2832	0.2392695	1.565198	2.759986
13014	-1894.44	-2082.294	187.854	0.2288678	1.605321	2.398522
13020	-1901.356	-2089.851	188.4948	0.1224351	1.590006	2.220181
13026	-1883.525	-2071.841	188.3165	0.2359516	1.622279	2.077217
13032	-1887.226	-2076.191	188.9651	0.2237934	2.016272	1.361382
13038	-1883.287	-2072.414	189.1273	0.1734452	1.793812	1.523402
13044	-1892.211	-2081.04	188.8292	0.2540429	1.819871	1.552539
13050	-1882.414	-2071.088	188.6743	0.1951749	1.806016	1.790539
13056	-1883.823	-2072.305	188.4827	0.302278	1.842911	1.700842
13062	-1884.399	-2073.517	189.1186	0.2260166	1.898846	1.327728
13068	-1875.072	-2064.261	189.1887	0.2396564	1.862721	1.269771
13074	-1884.469	-2073.342	188.8735	0.1952538	1.816532	1.642359
13080	-1893.744	-2082.809	189.0654	0.2456983	1.855439	1.362182
13086	-1893.13	-2082.247	189.1169	0.1871584	1.949054	1.379642
13092	-1888.983	-2077.968	188.9849	0.1809383	1.933576	1.507443
13098	-1896.8	-2084.791	187.9918	0.2126541	1.533584	2.385659
13104	-1894.919	-2082.156	187.2366	0.3186169	1.475766	2.724421
13110	-1888.567	-2075.33	186.7629	0.2776602	1.388501	3.120722
13116	-1900.278	-2085.776	185.4982	0.2554644	1.44785	3.857249
13122	-1897.615	-2084.299	186.6843	0.2860223	1.353908	3.176
13128	-1890.119	-2076.341	186.222	0.2804691	1.282019	3.498102
13134	-1878.358	-2065.039	186.6818	0.2204046	1.402358	3.249774
13140	-1885.548	-2072.642	187.0939	0.2691583	1.487893	2.875065
13146	-1892.137	-2080.376	188.2391	0.2313523	1.822557	2.004092
13152	-1880.576	-2069.17	188.5935	0.2303936	1.873974	1.728523
13158	-1877.605	-2066.155	188.5497	0.2288683	1.793033	1.818319
13164	-1888.738	-2077.454	188.716	0.1908046	1.755498	1.805848
13170	-1893.021	-2081.416	188.395	0.2094698	1.664293	2.046651
13176	-1891.176	-2079.464	188.2875	0.2094698	1.77187	2.046651
13182	-1907.083	-2095.553	188.4701	0.232792	1.741997	1.900352
13188	-1910.239	-2099.033	188.7939	0.2257709	1.833853	1.623468
13194	-1901.03	-2089.833	188.8033	0.321355	1.955829	1.345069
13200	-1887.739	-2076.746	189.0062	0.3107751	2.136367	1.033531
13206	-1899.805	-2088.582	188.7769	0.3091147	2.103667	1.2691
13212	-1891.684	-2080.683	188.9991	0.2916634	1.959632	1.237909
13218	-1886.8	-2075.615	188.8152	0.3106876	2.099251	1.237909
13224	-1884.452	-2073.201	188.7488	0.3184583	2.048103	1.320008
13230	-1882.706	-2071.094	188.3872	0.3184583	1.962681	1.657296
13236	-1886.528	-2075.494	188.9664	0.2586788	1.91891	1.363531
13242	-1887.892	-2076.846	188.9543	0.2209081	2.006915	1.383605
13248	-1881.718	-2070.76	189.0417	0.282937	2.157781	1.041618
13254	-1883.217	-2072.082	188.8651	0.2679124	2.04791	1.322853
13260	-1885.46	-2074.132	188.6718	0.3483852	1.995237	1.371493
13266	-1894.876	-2083.865	188.9893	0.2939474	2.098517	1.121057
13272	-1884.743	-2073.631	188.8882	0.1956492	1.986503	1.506169
13278	-1888.961	-2077.844	188.8831	0.1931008	1.934012	1.554646
13284	-1890.879	-2079.681	188.8018	0.2287504	1.911977	1.554646
13290	-1881.968	-2070.825	188.8571	0.2300484	1.909666	1.512667
13296	-1878.16	-2066.998	188.8381	0.2591599	1.917569	1.462941
13302	-1896.34	-2085.312	188.9721	0.2302934	1.86	1.462941
13308	-1891.003	-2079.958	188.9557	0.2226626	2.071423	1.327421
13314	-1902.68	-2091.201	188.5207	0.1637689	1.733783	2.011661
13320	-1898.394	-2087.289	188.8955	0.1926186	2.085952	1.432208
13326	-1892.66	-2081.432	188.7716	0.3235383	1.982528	1.345211
13332	-1892.524	-2081.126	188.6023	0.3565334	1.874996	1.503935
13338	-1886.299	-2074.758	188.4592	0.3378652	1.874996	1.637954
13344	-1889.012	-2077.847	188.8358	0.3207675	2.075032	1.221791
13350	-1891.892	-2080.885	188.9925	0.2694091	1.793673	1.419749
13356	-1893.018	-2081.748	188.7297	0.2785251	2.033938	1.419749
13362	-1883.62	-2072.488	188.8676	0.3616272	2.225532	0.9730455
13368	-1881.056	-2069.822	188.7661	0.3200865	2.010894	1.333036
13374	-1886.237	-2074.534	188.298	0.3126527	1.94967	1.739047
13380	-1882.591	-2071.251	188.66	0.2829413	1.957173	1.522642
13386	-1884.357	-2071.961	187.6046	0.3545327	1.58466	2.379443
13392	-1888.755	-2075.953	187.1985	0.273298	1.58466	2.746332
13398	-1895.347	-2082.94	187.5925	0.2913473	1.579337	2.478928
13404	-1897.051	-2084.678	187.6267	0.2183299	1.696744	2.502405
13410	-1893.695	-2081.059	187.3642	0.22408	1.61304	2.706619
13416	-1893.136	-2080.706	187.5698	0.1958655	1.469294	2.718964
13422	-1893.158	-2078.281	185.123	0.2789832	1.309619	4.11703
13428	-1903.644	-2087.623	183.9788	0.2135523	1.115306	4.966613
13434	-1908.692	-2093.949	185.257	0.2242731	1.291462	4.132306
13440	-1912.51	-2098.761	186.2506	0.2348045	1.434354	3.460915
13446	-1896.228	-2082.747	186.5189	0.2677195	1.550258	3.184248
13452	-1907.779	-2094.424	186.6448	0.2532943	1.461119	3.184248
13458	-1898.989	-2085.951	186.9617	0.2195146	1.43714	3.064303
13464	-1898.287	-2084.98	186.6931	0.2243169	1.558734	3.143856
13470	-1898.675	-2085.488	186.8127	0.1560346	1.373746	3.307377
13476	-1887.451	-2073.886	186.4354	0.2014792	1.348339	3.458495
13482	-1899.944	-2085.485	185.5418	0.2779493	1.357551	3.851657
13488	-1906.271	-2092.794	186.5228	0.24611	1.258457	3.386825
13494	-1883.514	-2071.382	187.8677	0.1832601	1.725771	2.3985
13500	-1881.742	-2069.571	187.8288	0.2299073	1.627691	2.3985
13506	-1883.131	-2071.067	187.936	0.1928892	1.627691	2.3985
13512	-1893.417	-2081.473	188.0557	0.1851818	1.53177	2.3985
13518	-1891.735	-2079.838	188.1027	0.1360207	1.53177	2.473681
13524	-1898.623	-2086.158	187.5348	0.1253428	1.53177	2.848198
13530	-1888.305	-2076.207	187.9014	0.146657	1.505525	2.591502
13536	-1877.495	-2065.16	187.6651	0.1574123	1.615673	2.646333
13542	-1890.799	-2078.976	188.1774	0.1574123	1.846721	2.177096
13548	-1887.011	-2075.7	188.6893	0.1709059	1.84201	1.808105
13554	-1874.744	-2063.561	188.8166	0.1709059	1.75345	1.781253
13560	-1887.454	-2075.99	188.5358	0.1691138	1.707281	2.0074
13566	-1885.65	-2073.891	188.2405	0.1634476	1.688803	2.225202
13572	-1889.516	-2077.428	187.9114	0.2589895	1.659234	2.276856
13578	-1892.373	-2080.354	187.9807	0.2488965	1.616055	2.276856
13584	-1890.176	-2078.927	188.7511	0.26043	1.731572	1.661411
13590	-1905.283	-2093.854	188.5705	0.2399782	1.774574	1.795835
13596	-1907.727	-2096.453	188.7255	0.2116969	1.950929	1.617117
13602	-1899.823	-2088.365	188.542	0.1824085	1.862758	1.86966
13608	-1886.937	-2075.281	188.3444	0.2168963	1.758517	2.003499
13614	-1898.926	-2087.73	188.8041	0.2677381	1.758517	1.59037
13620	-1881.448	-2070.428	188.9799	0.1651493	1.877561	1.59037
13626	-1885.569	-2074.099	188.5297	0.2310156	1.784244	1.834123
13632	-1877.275	-2065.833	188.5574	0.2195289	1.845232	1.794942
13638	-1880.025	-2068.691	188.666	0.2236743	1.741257	1.783692
13644	-1878.621	-2067.323	188.7021	0.2468263	1.741257	1.714382
13650	-1888.113	-2076.665	188.5518	0.2389323	1.712187	1.853654
13656	-1891.244	-2079.795	188.5504	0.2203719	1.949395	1.725453
13662	-1887.952	-2076.713	188.761	0.2922781	1.922151	1.45609
13668	-1890.925	-2079.828	188.9026	0.2870628	1.948968	1.334526
13674	-1895.252	-2083.927	188.6751	0.2335238	1.774872	1.734825
13680	-1905.708	-2094.161	188.4535	0.2267234	1.644626	1.988261
13686	-1897.774	-2085.263	187.4895	0.31506	1.587412	2.503965
13692	-1889.641	-2077.435	187.7945	0.2458151	1.708918	2.341564
13698	-1893.907	-2082.552	188.6448	0.2092133	1.766656	1.809333
13704	-1900.046	-2088.443	188.3971	0.2763182	1.83533	1.809333
13710	-1884.319	-2072.948	188.6289	0.1497401	1.672768	2.012233
13716	-1872.95	-2061.313	188.363	0.2065071	1.763328	2.007942
13722	-1881.492	-2069.606	188.1139	0.174259	1.671503	2.294782
13728	-1893.087	-2080.958	187.8709	0.248186	1.676799	2.309409
13734	-1892.673	-2080.44	187.7671	0.2039898	1.532899	2.542888
13740	-1880.137	-2067.315	187.1784	0.2593738	1.709656	2.703514
13746	-1887.474	-2075.709	188.2343	0.1798224	1.670777	2.206391
13752	-1906.132	-2094.497	188.3652	0.1895544	1.747165	2.051009
13758	-1892.293	-2080.772	188.4798	0.1895544	1.848937	1.906239
13764	-1876.837	-2064.945	188.1079	0.2785008	1.768354	2.046246
13770	-1875.973	-2064.49	188.5175	0.2232134	1.764072	1.871078
13776	-1892.302	-2081.074	188.7711	0.206363	1.850546	1.667632
13782	-1880.038	-2068.983	188.9443	0.2233365	2.138265	1.280951
13788	-1900.867	-2090.093	189.2264	0.1715465	2.263663	1.061214
13794	-1897.772	-2086.788	189.0161	0.2642769	2.172049	1.095631
13800	-1885.899	-2074.929	189.0301	0.2275924	2.224398	1.123479
13806	-1897.345	-2086.496	189.1517	0.2027737	2.173848	1.123479
13812	-1886.294	-2075.586	189.292	0.2064794	2.022603	1.123479
13818	-1887.476	-2076.57	189.0944	0.2512878	2.139661	1.084032
13824	-1894.101	-2082.921	188.8196	0.2154932	1.981785	1.51728
13830	-1878.991	-2067.833	188.8422	0.2413172	1.909157	1.501385
13836	-1872.93	-2061.772	188.8415	0.2133242	1.978404	1.508088
13842	-1893.256	-2081.574	188.3188	0.2558033	1.906222	1.849933
13848	-1893.992	-2082.277	188.2853	0.1657917	1.700643	2.183552
13854	-1885.769	-2074.23	188.4612	0.1657917	1.714421	2.059444
13860	-1893.84	-2081.977	188.1379	0.2079841	1.664013	2.217653
13866	-1885.296	-2073.456	188.1605	0.2629035	1.833796	1.993598
13872	-1901.681	-2090.294	188.6127	0.1459712	1.813089	1.937987
13878	-1892.802	-2080.745	187.9428	0.267284	1.794565	2.155638
13884	-1885.292	-2073.057	187.7651	0.2923843	1.911035	2.155638
13890	-1887.453	-2075.483	188.0301	0.2063144	1.679135	2.280385
13896	-1898.481	-2085.475	186.9939	0.2076445	1.542224	3.002536
13902	-1886.371	-2072.943	186.5718	0.269845	1.391955	3.243502
13908	-1892.973	-2080.216	187.2422	0.269845	1.665873	2.675001
13914	-1902.639	-2088.531	185.8923	0.2295879	1.284997	3.763824
13920	-1908.147	-2094.311	186.1645	0.381203	1.588592	3.221856
13926	-1900.922	-2087.523	186.6015	0.2625203	1.30184	3.290063
13932	-1898.333	-2085.268	186.9353	0.2183732	1.516461	3.034614
13938	-1897.234	-2084.17	186.9356	0.204649	1.391136	3.132885
13944	-1892.744	-2080.519	187.7758	0.204649	1.756592	2.395964
13950	-1887.117	-2074.985	187.8678	0.3161918	1.612493	2.246817
13956	-1879.31	-2066.868	187.5576	0.207301	1.542712	2.660508
13962	-1888.924	-2075.496	186.5715	0.2524785	1.402922	3.263288
13968	-1888.885	-2074.681	185.7961	0.2052989	1.402922	3.791132
13974	-1886.924	-2072.23	185.3063	0.3137789	1.21951	4.01733
13980	-1891.612	-2078.92	187.3076	0.1904386	1.391911	2.935322
13986	-1889.53	-2075.298	185.7676	0.1904386	1.203949	3.947437
13992	-1882.631	-2069.781	187.1505	0.2940162	1.395783	2.860024
13998	-1875.519	-2062.777	187.2582	0.21599	1.398497	2.915513
14004	-1880.58	-2067.709	187.1295	0.21599	1.398497	2.992974
14010	-1892.483	-2079.109	186.6258	0.2539884	1.47477	3.186376
14016	-1894.195	-2080.706	186.5107	0.3171383	1.437714	3.186376
14022	-1895.326	-2081.62	186.2938	0.2346832	1.455256	3.423631
14028	-1901.577	-2087.769	186.1919	0.259739	1.359694	3.500439
14034	-1904.594	-2091.403	186.8097	0.1947839	1.232654	3.318608
14040	-1899.774	-2087.485	187.7106	0.227773	1.390186	2.624257
14046	-1891.453	-2078.857	187.4037	0.1935737	1.486351	2.814199
14052	-1885.388	-2072.49	187.102	0.2265376	1.528679	2.91329
14058	-1899.768	-2084.8	185.032	0.2492506	1.284669	4.225594
14064	-1901.545	-2087.392	185.8471	0.2492506	1.28087	3.761855
14070	-1892.057	-2077.927	185.8702	0.2380725	1.272234	3.770614
14076	-1890.711	-2077.991	187.2792	0.2309729	1.400009	2.87654
14082	-1890.151	-2077.377	187.2258	0.2350547	1.619472	2.768884
14088	-1878.366	-2065.312	186.9454	0.284591	1.506178	2.930853
14094	-1885.525	-2072.797	187.2721	0.1999477	1.406043	2.930853
14100	-1880.839	-2067.91	187.0708	0.2409757	1.491365	2.930853
14106	-1888.011	-2075.336	187.3248	0.1982822	1.491365	2.850378
14112	-1887.075	-2074.26	187.1849	0.2888774	1.55056	2.752346
14118	-1895.241	-2082.817	187.5761	0.1466092	1.569528	2.752346
14124	-1878.652	-2066.143	187.4908	0.2608419	1.569528	2.595034
14130	-1886.348	-2074.472	188.124	0.2050566	1.720473	2.195668
14136	-1881.557	-2069.853	188.2962	0.2088953	1.81374	2.014201
14142	-1881.991	-2070.336	188.3448	0.2515503	1.641269	2.018521
14148	-1885.026	-2074.01	188.9834	0.1710805	1.944127	1.52437
14154	-1889.448	-2078.373	188.925	0.198494	1.771308	1.630851
14160	-1892.11	-2081.005	188.895	0.202934	1.815534	1.61096
14166	-1885.698	-2074.244	188.5457	0.2792299	1.960211	1.61096
14172	-1893.461	-2082.757	189.2963	0.1861298	1.895286	1.281592
14178	-1889.988	-2078.977	188.989	0.2476098	1.930113	1.359495
14184	-1894.384	-2083.356	188.9717	0.2476098	1.947498	1.359495
14190	-1898.869	-2087.633	188.7639	0.3347807	1.947498	1.359495
14196	-1893.473	-2082.426	188.9527	0.3067963	1.962529	1.24471
14202	-1899.676	-2088.538	188.8625	0.3492947	2.108675	1.114965
14208	-1891.061	-2079.899	188.8376	0.2917823	2.056511	1.291115
14214	-1879.768	-2068.737	188.9692	0.2002265	2.021071	1.407692
14220	-1892.765	-2081.571	188.8061	0.2738335	1.984664	1.407692
14226	-1880.978	-2070.015	189.0376	0.2170798	2.179196	1.182842
14232	-1880.929	-2069.817	188.8881	0.2766409	1.920166	1.38873
14238	-1880.829	-2069.779	188.9502	0.2452912	1.993786	1.344642
14244	-1881.236	-2070.034	188.798	0.3133941	1.979526	1.344642
14250	-1882.818	-2071.674	188.8559	0.3480307	2.020505	1.200713
14256	-1895.539	-2084.635	189.0957	0.2758946	2.104733	1.057119
14262	-1889.131	-2078.251	189.1206	0.2785832	2.135621	0.9963859
14268	-1886.104	-2074.99	188.8867	0.3064174	2.336203	0.9630124
14274	-1875.554	-2064.627	189.0737	0.2902955	2.192522	0.9572075
14280	-1882.373	-2071.382	189.0086	0.2505201	2.192522	1.116005
14286	-1870.221	-2059.316	189.0952	0.2667282	2.155244	1.030984
14292	-1884.303	-2073.464	189.1608	0.2667282	2.103991	1.016981
14298	-1882.691	-2071.826	189.136	0.2667282	1.991318	1.145046
14304	-1879.713	-2068.386	188.6728	0.3185907	1.740645	1.611329
14310	-1885.803	-2074.822	189.0185	0.2582722	1.988959	1.26578
14316	-1885.424	-2074.383	188.9591	0.264584	2.047658	1.253113
14322	-1887.019	-2076.085	189.0655	0.2003636	1.778159	1.518746
14328	-1900.674	-2089.722	189.0486	0.1887189	1.944274	1.432635
14334	-1892.84	-2081.608	188.7687	0.2863	1.944274	1.444263
14340	-1878.092	-2066.949	188.8572	0.2550279	1.979172	1.409197
14346	-1876.529	-2065.58	189.0512	0.1956447	1.934002	1.422203
14352	-1882.218	-2071.069	188.8507	0.1823996	1.888364	1.635648
14358	-1887.264	-2076.339	189.0749	0.2126082	1.888364	1.400464
14364	-1893.302	-2082.383	189.0809	0.2101227	1.878229	1.409186
14370	-1883.06	-2071.722	188.6623	0.1885004	1.795928	1.819957
14376	-1884.094	-2072.405	188.3108	0.1783163	1.750045	2.108101
14382	-1881.589	-2070.142	188.5524	0.1212901	1.511085	2.236743
14388	-1875.974	-2063.962	187.9883	0.1865042	1.492423	2.46309
14394	-1881.434	-2069.378	187.9439	0.2741669	1.641975	2.242565
14400	-1880.172	-2068.294	188.1228	0.2183384	1.610635	2.242565
14406	-1876.137	-2064.494	188.3565	0.2158189	1.762648	1.994742
14412	-1878.262	-2066.838	188.576	0.2158189	1.728428	1.86977
14418	-1873.494	-2061.113	187.6189	0.2480796	1.565842	2.538273
14424	-1877.746	-2065.783	188.0377	0.2590794	1.560833	2.258789
14430	-1880.165	-2068.848	188.6834	0.2573553	1.678083	1.752681
14436	-1877.954	-2065.61	187.6561	0.2483999	1.52692	2.538826
14442	-1878.738	-2065.994	187.2565	0.2232595	1.434493	2.88237
14448	-1880.58	-2068.205	187.6241	0.2324932	1.496586	2.603952
14454	-1881.833	-2068.633	186.7997	0.2291924	1.480961	3.118655
14460	-1887.297	-2074.05	186.7527	0.2780591	1.377461	3.132786
14466	-1888.964	-2076.642	187.6781	0.2282994	1.598888	2.513974
14472	-1881.389	-2068.596	187.2071	0.2162414	1.513684	2.876342
14478	-1886.698	-2073.784	187.0851	0.2704334	1.491415	2.876342
14484	-1873.989	-2061.191	187.2022	0.2378987	1.540697	2.826492
14490	-1868.434	-2055.842	187.4085	0.218209	1.523467	2.744476
14496	-1882.298	-2069.676	187.378	0.2304364	1.519798	2.744476
14502	-1891.577	-2078.947	187.3703	0.2304364	1.541985	2.735641
14508	-1883.213	-2071.173	187.9603	0.3417475	1.676678	2.10868
14514	-1865.073	-2053.159	188.0862	0.2680455	1.715305	2.112465
14520	-1868.032	-2056.213	188.181	0.2855361	1.719794	2.018713
14526	-1875.249	-2063.275	188.0265	0.3207008	1.82318	1.998483
14532	-1881.371	-2069.592	188.221	0.3587908	1.96778	1.710073
14538	-1883.647	-2072.246	188.5985	0.2676288	1.688411	1.786497
14544	-1873.185	-2061.842	188.6567	0.3072541	1.980544	1.464448
14550	-1884.882	-2073.561	188.6783	0.2489727	1.851833	1.648641
14556	-1878.96	-2067.637	188.677	0.3060735	1.969413	1.459567
14562	-1876.071	-2065.266	189.1951	0.2472792	2.158791	0.9777311
14568	-1878.821	-2067.598	188.7771	0.2689058	2.13469	1.321868
14574	-1874.46	-2063.153	188.6925	0.2158736	1.961038	1.624954
14580	-1883.006	-2071.856	188.85	0.2617632	1.939228	1.432227
14586	-1886.173	-2075.024	188.8511	0.2613339	1.939228	1.432227
14592	-1885.585	-2074.121	188.5352	0.2613339	1.892208	1.699108
14598	-1897.526	-2086.326	188.7999	0.2464681	2.00725	1.44881
14604	-1889.443	-2078.709	189.2669	0.1674548	1.865578	1.377005
14610	-1892.121	-2081.278	189.1569	0.1657508	1.955748	1.396915
14616	-1885.614	-2074.796	189.1816	0.194075	1.841076	1.396915
14622	-1878.985	-2067.992	189.0076	0.1857643	1.885654	1.514953
14628	-1877.869	-2067.043	189.1732	0.1815508	1.96288	1.33807
14634	-1880.153	-2069.061	188.9089	0.2271574	2.034992	1.3835
14640	-1878.948	-2067.965	189.0178	0.1525616	1.847492	1.615788
14646	-1887.57	-2076.644	189.0734	0.1481007	2.112186	1.387167
14652	-1885.938	-2074.999	189.0613	0.1894418	1.874066	1.474741
14658	-1878.138	-2065.545	187.407	0.2436224	1.639529	2.631224
14664	-1873.999	-2061.895	187.8961	0.2667035	1.728882	2.229379
14670	-1873.533	-2061.323	187.7899	0.2996724	1.7553	2.229379
14676	-1869.652	-2057.765	188.1129	0.2539515	1.616125	2.18308
14682	-1881.987	-2070.123	188.1358	0.2284828	1.6613	2.18308
14688	-1881.5	-2069.244	187.7444	0.1811809	1.553428	2.587537
14694	-1872.253	-2060.159	187.9065	0.279999	1.615568	2.274344
14700	-1873.222	-2060.441	187.2194	0.1869636	1.429653	2.972162
14706	-1876.585	-2064.743	188.1578	0.1869636	1.495744	2.353105
14712	-1874.668	-2062.294	187.6259	0.2332899	1.528496	2.581702
14718	-1868.42	-2056.093	187.673	0.2284927	1.724371	2.438211
14724	-1877.296	-2065.066	187.77	0.2040502	1.69715	2.438211
14730	-1863.685	-2052.666	188.9813	0.2097975	1.882562	1.482793
14736	-1875.1	-2063.916	188.8155	0.2475825	1.939098	1.486475
14742	-1882.588	-2071.527	188.939	0.2275909	1.864368	1.490363
14748	-1885.783	-2074.227	188.4438	0.2215789	1.763444	1.924621
14754	-1890.813	-2078.486	187.6735	0.2528011	1.754137	2.378063
14760	-1886.589	-2074.218	187.6291	0.2528011	1.599868	2.503
14766	-1870.43	-2057.912	187.4821	0.3069408	1.591376	2.517649
14772	-1885.285	-2072.296	187.0108	0.315497	1.49616	2.853827
14778	-1872.84	-2059.932	187.0918	0.2808825	1.49616	2.853827
14784	-1899.222	-2085.964	186.7417	0.1956461	1.371868	3.275138
14790	-1885.114	-2072.03	186.9164	0.1769023	1.606706	3.066665
14796	-1893.305	-2080.609	187.3037	0.2050125	1.612711	2.777268
14802	-1900.375	-2088.548	188.1734	0.2350054	1.908952	1.983652
14808	-1875.839	-2064.842	189.003	0.2210618	1.908952	1.421507
14814	-1875.093	-2064.352	189.259	0.2403582	2.130578	0.959904
14820	-1874.458	-2063.726	189.2676	0.2182659	2.27144	0.8615404
14826	-1882.432	-2071.752	189.3196	0.2239972	2.289645	0.7471233
14832	-1881.971	-2070.813	188.8423	0.2752247	2.091473	1.291388
14838	-1887.622	-2076.146	188.5241	0.2680296	1.895738	1.692503
14844	-1888.535	-2077.428	188.8933	0.2680296	1.899909	1.417006
14850	-1891.446	-2080.129	188.6827	0.2226354	1.868123	1.684863
14856	-1886.284	-2075.107	188.8235	0.2226354	1.859493	1.589684
14862	-1889.849	-2078.974	189.1252	0.2254363	1.98518	1.253172
14868	-1895.636	-2084.688	189.0522	0.2554099	1.995156	1.238711
14874	-1887.041	-2076.246	189.2047	0.2292949	2.008614	1.156003
14880	-1899.561	-2088.101	188.5401	0.1758993	1.86584	1.882965
14886	-1888.94	-2077.206	188.2659	0.2347698	1.690028	2.068001
14892	-1888.868	-2076.003	187.1348	0.2413483	1.690028	2.771004
14898	-1893.114	-2080.394	187.2803	0.2413483	1.606405	2.733218
14904	-1886.951	-2074.466	187.5146	0.2191292	1.688192	2.57613
14910	-1879.52	-2065.892	186.3722	0.2295926	1.327518	3.460604
14916	-1890.025	-2077.563	187.5377	0.221987	1.549441	2.642619
14922	-1875.828	-2064.17	188.3413	0.2169883	1.698872	2.045032
14928	-1879.737	-2067.822	188.0842	0.1927185	1.750612	2.225841
14934	-1878.39	-2066.73	188.3406	0.1928467	1.67724	2.106586
14940	-1896.573	-2085.185	188.6127	0.2794123	1.901095	1.604886
14946	-1887.26	-2076.283	189.0231	0.1882135	1.914908	1.475625
14952	-1888.878	-2078.027	189.1486	0.2198429	1.914908	1.30447
14958	-1881.57	-2070.225	188.6557	0.3591951	1.993431	1.367824
14964	-1888.8	-2077.678	188.8785	0.2381991	1.821899	1.545491
14970	-1900.653	-2089.479	188.8261	0.2493139	2.033281	1.402854
14976	-1895.674	-2083.957	188.2829	0.2359277	1.798923	1.982302
14982	-1893.104	-2081.917	188.8128	0.2359277	1.871909	1.561619
14988	-1893.587	-2082.021	188.4344	0.2237059	1.676052	1.985641
14994	-1882.514	-2070.976	188.4626	0.2009947	1.877016	1.875279
15000	-1883.495	-2072.12	188.6251	0.1842682	1.745415	1.889029
15006	-1891.296	-2080.114	188.8186	0.2017525	1.9063	1.603057
15012	-1894.429	-2083.32	188.8904	0.2042547	1.962118	1.503519
15018	-1907.096	-2095.57	188.4736	0.2865798	1.670762	1.852758
15024	-1908.51	-2095.925	187.4147	0.2865798	1.625472	2.568092
15030	-1900.611	-2087.039	186.4279	0.2864771	1.452694	3.268613
15036	-1891.645	-2078.179	186.5331	0.2520041	1.433534	3.268613
15042	-1895.063	-2081.524	186.4608	0.2520041	1.505878	3.268613
15048	-1897.544	-2083.897	186.3525	0.2249005	1.451604	3.40714
15054	-1901.051	-2087.773	186.7224	0.2324111	1.45022	3.177664
15060	-1895.453	-2081.732	186.2793	0.271482	1.438989	3.385666
15066	-1895.572	-2083.795	188.2224	0.275526	1.779055	1.96775
15072	-1893.612	-2081.058	187.4464	0.383279	1.683263	2.380118
15078	-1888.036	-2076.548	188.5118	0.2637926	1.795637	1.778956
15084	-1887.978	-2076.191	188.2132	0.2707357	1.727223	2.016408
15090	-1888.951	-2076.989	188.038	0.3337282	1.714173	2.04422
15096	-1890.532	-2078.747	188.2151	0.3421186	1.734124	1.900091
15102	-1896.629	-2085.142	188.513	0.2662402	1.611833	1.900091
15108	-1888.432	-2077.417	188.985	0.33025	1.971883	1.164102
15114	-1887.965	-2076.633	188.6684	0.3521538	2.028394	1.341713
15120	-1882.731	-2071.767	189.0358	0.2894461	1.966791	1.205178
15126	-1892.177	-2080.896	188.7182	0.3338178	2.023012	1.337517
15132	-1888.459	-2077.267	188.8079	0.298085	2.079309	1.284598
15138	-1882.76	-2071.721	188.9609	0.2444955	2.079309	1.268408
15144	-1881.206	-2069.928	188.7221	0.313612	2.01854	1.373439
15150	-1881.575	-2070.681	189.1062	0.2671337	1.979366	1.180756
15156	-1870.553	-2059.651	189.0975	0.2051811	1.993774	1.316228
15162	-1873.668	-2062.891	189.2232	0.236062	1.888054	1.22797
15168	-1879.388	-2068.511	189.1235	0.2557187	1.94795	1.217699
15174	-1882.303	-2071.461	189.158	0.2191926	2.012121	1.217699
15180	-1883.903	-2072.544	188.6413	0.2514284	1.949164	1.600446
15186	-1887.819	-2076.415	188.5962	0.2335074	1.841343	1.743581
15192	-1895.37	-2083.623	188.2535	0.2678776	1.789614	1.952498
15198	-1890.851	-2079.256	188.4053	0.2937801	1.946084	1.696673
15204	-1894.015	-2082.872	188.8572	0.2514429	2.019936	1.384646
15210	-1896.287	-2085.243	188.9562	0.2532305	1.992809	1.324036
15216	-1891.66	-2080.581	188.9209	0.2169474	2.022092	1.406501
15222	-1880.71	-2069.71	188.9995	0.2170115	2.098598	1.282856
15228	-1881.769	-2070.666	188.8977	0.2366821	2.084817	1.332291
15234	-1879.217	-2067.939	188.7216	0.2366821	1.984454	1.544349
15240	-1879.285	-2068.208	188.9224	0.2313482	2.11944	1.296126
15246	-1888.267	-2077.322	189.0551	0.2600848	2.232645	1.010893
15252	-1887.442	-2076.205	188.7628	0.2724	2.322767	1.169307
15258	-1879.118	-2068.055	188.9374	0.288797	2.423073	0.8558724
15264	-1889.48	-2078.596	189.1153	0.2573562	2.459455	0.6504659
15270	-1893.485	-2082.642	189.1571	0.2406599	2.459455	0.6544909
15276	-1896.033	-2085.162	189.1299	0.2538309	2.459455	0.6380302
15282	-1882.583	-2071.74	189.1576	0.2562306	2.34764	0.7728061
15288	-1885.722	-2074.847	189.1246	0.2219749	2.408868	0.8557161
15294	-1896.436	-2085.607	189.1711	0.2219749	2.415715	0.7874109
15300	-1883.696	-2073.039	189.3431	0.1585606	2.455081	0.7654666
15306	-1889.706	-2079.118	189.4123	0.1625014	2.347645	0.7999514
15312	-1886.114	-2075.072	188.9581	0.2612924	2.182883	1.145046
15318	-1893.266	-2082.487	189.2208	0.2000701	2.165677	1.07494
15324	-1896.888	-2085.947	189.0584	0.2000701	2.10499	1.269811
15330	-1896.986	-2086.014	189.0283	0.205793	1.976066	1.383867
15336	-1900.009	-2088.751	188.7416	0.2920916	1.957293	1.44446
15342	-1904.412	-2093.385	188.9725	0.2034637	1.960374	1.44446
15348	-1906.424	-2095.169	188.7453	0.2442644	1.921811	1.558148
15354	-1889.428	-2077.454	188.0264	0.3116765	1.859688	1.987789
15360	-1883.696	-2072.104	188.4084	0.2878629	1.740414	1.847588
15366	-1888.913	-2077.287	188.3744	0.2175359	1.783352	1.965662
15372	-1894.426	-2082.842	188.4159	0.2658687	1.784459	1.84928
15378	-1889.679	-2078.24	188.5604	0.2006391	1.784459	1.872436
15384	-1892.572	-2080.675	188.1024	0.233601	1.774419	2.122009
15390	-1902.446	-2090.945	188.4994	0.2183348	1.651632	1.968668
15396	-1892.701	-2081.154	188.4529	0.2705238	1.84634	1.772879
15402	-1886.984	-2075.527	188.5435	0.2719799	1.752212	1.772879
15408	-1888.411	-2076.466	188.0544	0.2537199	1.883785	2.046555
15414	-1890.28	-2079.072	188.7919	0.3594662	2.009506	1.243888
15420	-1896.4	-2084.492	188.0917	0.1307598	1.629339	2.431605
15426	-1906.442	-2093.394	186.9527	0.1307598	1.392569	3.267221
15432	-1891.53	-2079.422	187.8918	0.1433518	1.561907	2.56982
15438	-1895.71	-2083.075	187.365	0.2422596	1.78442	2.56982
15444	-1896.523	-2084.031	187.5072	0.1912196	1.570535	2.703979
15450	-1885.246	-2073.294	188.0481	0.2306854	1.662923	2.234831
15456	-1889.106	-2076.913	187.807	0.252992	1.662923	2.350911
15462	-1894.898	-2081.722	186.824	0.2598748	1.521393	3.031477
15468	-1903.993	-2091.426	187.433	0.1927789	1.499414	2.789889
15474	-1897.572	-2085.947	188.3757	0.2023367	1.714485	2.040079
15480	-1898.603	-2086.37	187.7672	0.2023367	1.563535	2.526808
15486	-1907.661	-2094.662	187.0004	0.2224182	1.467147	3.018323
15492	-1896.207	-2083.876	187.669	0.200588	1.467147	2.650616
15498	-1884.311	-2071.839	187.528	0.2080461	1.545055	2.67589
15504	-1895.05	-2083.114	188.0642	0.2009557	1.660627	2.280556
15510	-1892.842	-2080.975	188.1324	0.1946809	1.554125	2.317078
15516	-1886.538	-2074.669	188.1305	0.209442	1.611032	2.253769
15522	-1901.556	-2089.713	188.1573	0.2465425	1.481558	2.253769
15528	-1888.231	-2075.57	187.3392	0.2465425	1.454262	2.781705
15534	-1881.676	-2069.089	187.4125	0.3002435	1.454262	2.655347
15540	-1881.939	-2069.769	187.8294	0.2354	1.590026	2.412411
15546	-1892.397	-2080.363	187.9668	0.2493134	1.635497	2.272615
15552	-1897.967	-2086.417	188.4496	0.2378001	1.635497	1.976744
15558	-1891.771	-2080.01	188.2387	0.284997	1.730219	1.974091
15564	-1886.522	-2074.642	188.1195	0.2327659	1.731025	2.140688
15570	-1887.647	-2074.438	186.7913	0.2661929	1.377093	3.127591
15576	-1887.246	-2072.613	185.3674	0.2661929	1.238451	4.036368
15582	-1892.493	-2078.633	186.14	0.2661929	1.20114	3.613379
15588	-1893.444	-2079.665	186.2207	0.2108087	1.269754	3.613379
15594	-1898.973	-2085.027	186.0542	0.2108087	1.470666	3.593413
15600	-1885.138	-2072.345	187.2075	0.1931541	1.461757	2.948561
15606	-1884.565	-2072.039	187.4738	0.2442299	1.469107	2.694043
15612	-1884.182	-2071.883	187.7018	0.3045866	1.659084	2.340072
15618	-1887.661	-2075.842	188.1809	0.1869965	1.659084	2.233831
15624	-1882.51	-2070.737	188.2266	0.2288725	1.60716	2.1586
15630	-1886.745	-2073.314	186.5691	0.2343036	1.542218	3.210922
15636	-1889.703	-2074.639	184.9354	0.2242517	1.238456	4.344717
15642	-1904.886	-2090.977	186.091	0.2525588	1.190206	3.668324
15648	-1897.487	-2083.196	185.7098	0.2087459	1.37824	3.849174
15654	-1901.846	-2087.727	185.8818	0.2412004	1.201537	3.799823
15660	-1899.42	-2087.685	188.265	0.3092539	1.60238	2.003894
15666	-1899.465	-2086.149	186.6832	0.2106976	1.469629	3.225568
15672	-1898.441	-2085.632	187.1911	0.1955864	1.467512	2.950487
15678	-1899.484	-2087.28	187.7952	0.1840874	1.561779	2.545091
15684	-1888.786	-2076.622	187.8363	0.2428383	1.606432	2.385047
15690	-1897.139	-2085.117	187.9776	0.2399555	1.606432	2.300171
15696	-1905.398	-2093.308	187.9097	0.2567759	1.65568	2.283856
15702	-1899.15	-2087.596	188.4458	0.1365946	1.454831	2.304069
15708	-1899.21	-2087.447	188.2373	0.2058121	1.700412	2.133645
15714	-1897.579	-2085.417	187.8382	0.2918217	1.709169	2.239872
15720	-1890.948	-2078.916	187.9689	0.2337941	1.681156	2.268569
15726	-1893.538	-2081.84	188.3027	0.2469322	1.672121	2.033966
15732	-1890.337	-2078.609	188.272	0.2886547	1.869276	1.851459
15738	-1900.988	-2089.229	188.2411	0.2886547	1.83034	1.899116
15744	-1896.124	-2084.443	188.319	0.3592539	1.834897	1.733995
15750	-1888.397	-2077.112	188.7152	0.1937937	1.808079	1.763559
15756	-1897.22	-2085.32	188.0998	0.2738127	1.690584	2.110388
15762	-1882.328	-2070.065	187.7363	0.2164556	1.493912	2.563818
15768	-1894.419	-2081.441	187.0217	0.2623256	1.48517	2.930677
15774	-1908.919	-2096.227	187.3081	0.2262468	1.59002	2.751351
15780	-1901.997	-2088.541	186.5439	0.2706263	1.510987	3.188384
15786	-1898.393	-2086.295	187.902	0.2175572	1.722164	2.313971
15792	-1905.568	-2092.175	186.6076	0.2734365	1.45275	3.181057
15798	-1892.16	-2078.356	186.1958	0.3216878	1.483751	3.339089
15804	-1881.725	-2069.823	188.0978	0.2485686	1.505337	2.273287
15810	-1898.381	-2086.563	188.1822	0.2039718	1.72316	2.158269
15816	-1898.787	-2086.749	187.9615	0.2857752	1.808298	2.104766
15822	-1886.368	-2074.126	187.7573	0.2833869	1.575883	2.389398
15828	-1894.397	-2083.187	188.7898	0.2112324	1.649821	1.78575
15834	-1897.859	-2085.505	187.6463	0.2197648	1.680184	2.497979
15840	-1901.255	-2088.861	187.6055	0.2284356	1.696753	2.497979
15846	-1894.138	-2082.694	188.5555	0.2195263	1.810101	1.820553
15852	-1897.521	-2085.504	187.9835	0.242139	1.741295	2.205948
15858	-1896.132	-2084.21	188.0782	0.2859498	1.689504	2.105841
15864	-1894.389	-2083.33	188.9406	0.2198294	1.804961	1.549589
15870	-1887.848	-2076.85	189.0022	0.2688365	2.063342	1.194335
15876	-1883.177	-2072.169	188.992	0.2366979	1.95765	1.358355
15882	-1885.988	-2074.923	188.9343	0.1977336	2.126395	1.358355
15888	-1900.819	-2089.935	189.1157	0.2176387	2.140952	1.146529
15894	-1903.507	-2093.044	189.5369	0.1561961	2.140952	0.9235619
15900	-1899.719	-2089.106	189.387	0.154382	2.297049	0.9235619
15906	-1900.517	-2089.879	189.3619	0.1617528	2.185157	1.03786
15912	-1892.513	-2081.953	189.4393	0.1214712	2.104344	1.174069
15918	-1891.137	-2080.68	189.543	0.1208646	1.972791	1.200163
15924	-1899.245	-2088.67	189.4252	0.1206134	1.972791	1.299155
15930	-1906.178	-2095.524	189.3458	0.194347	1.98735	1.139383
15936	-1898.483	-2087.731	189.2482	0.179116	2.026798	1.230603
15942	-1887.023	-2075.917	188.8934	0.2372303	1.89139	1.484451
15948	-1898.152	-2086.643	188.4917	0.2570784	1.810996	1.794091
15954	-1900.39	-2088.982	188.5918	0.2320884	1.777171	1.794091
15960	-1905.526	-2094.367	188.8409	0.2128352	1.838251	1.612727
15966	-1907.373	-2096.306	188.9328	0.1755235	1.905256	1.5797
15972	-1920.112	-2109.031	188.9189	0.1451801	2.021888	1.5797
15978	-1908.938	-2097.684	188.7452	0.1902607	1.83134	1.733824
15984	-1916.025	-2104.848	188.8231	0.1658697	1.83134	1.733824
15990	-1899.165	-2087.786	188.6215	0.1764108	1.757406	1.900237
15996	-1900.023	-2088.755	188.7319	0.2861677	1.930886	1.48263
16002	-1897.009	-2085.833	188.8241	0.2429978	1.947702	1.48263
16008	-1899.994	-2088.89	188.8952	0.2171318	1.947702	1.48263
16014	-1895.21	-2084.412	189.2022	0.1523934	1.906765	1.434831
16020	-1904.185	-2092.797	188.612	0.2890327	2.129377	1.417404
16026	-1891.906	-2080.853	188.9476	0.2268921	1.806768	1.528393
16032	-1883.399	-2072.297	188.8974	0.2294884	2.050986	1.374872
16038	-1876.436	-2065.451	189.0152	0.2294884	1.933251	1.374872
16044	-1875.118	-2064.101	188.9834	0.226475	2.002267	1.352048
16050	-1878.71	-2067.479	188.7692	0.1810334	2.000895	1.616389
16056	-1884.129	-2072.959	188.8292	0.2580357	2.03144	1.38421
16062	-1882.602	-2071.651	189.049	0.1918074	2.041308	1.349174
16068	-1888.072	-2076.887	188.8156	0.2688534	1.99465	1.402173
16074	-1878.301	-2067.081	188.7802	0.2082117	1.99465	1.552613
16080	-1890.047	-2078.301	188.2543	0.338399	1.820662	1.819572
16086	-1879.382	-2067.549	188.1677	0.267033	1.689873	2.077316
16092	-1895.35	-2083.826	188.4764	0.1175945	1.7315	2.152634
16098	-1872.838	-2061.539	188.7015	0.173842	1.686403	1.899759
16104	-1884.47	-2072.336	187.8657	0.1753864	1.562008	2.51828
16110	-1899.467	-2087.123	187.6558	0.19533	1.545708	2.620017
16116	-1896.482	-2084.527	188.0451	0.19533	1.636982	2.318627
16122	-1898.751	-2086.595	187.8448	0.3348248	1.78415	2.123732
16128	-1902.256	-2090.402	188.1467	0.3348248	1.689265	1.986886
16134	-1890.849	-2079.791	188.9416	0.2429967	1.917976	1.415621
16140	-1900.191	-2088.98	188.7886	0.2583127	1.735059	1.635925
16146	-1896.37	-2085.084	188.7147	0.1746082	1.765097	1.835283
16152	-1912.799	-2101.385	188.5862	0.1425332	1.683947	2.050106
16158	-1897.934	-2086.437	188.5032	0.1665611	1.683947	2.050106
16164	-1891.483	-2080.018	188.5343	0.1350522	1.720688	2.078127
16170	-1895.548	-2084.05	188.5021	0.1890399	1.719286	1.979552
16176	-1880.978	-2069.277	188.2997	0.1780484	1.65778	2.176089
16182	-1896.039	-2084.064	188.0246	0.2880756	1.630412	2.176089
16188	-1882.587	-2070.488	187.9005	0.2070091	1.693032	2.352859
16194	-1881.953	-2069.826	187.8728	0.2112208	1.778972	2.307946
16200	-1876.252	-2064.531	188.2791	0.1958138	1.690083	2.132556
16206	-1891.542	-2079.826	188.284	0.1711712	1.712768	2.164982
16212	-1885.97	-2075.023	189.0532	0.1922559	1.969811	1.40092
16218	-1878.158	-2067.692	189.5341	0.1420712	2.114869	1.00517
16224	-1890.552	-2079.454	188.9018	0.280515	2.183733	1.151861
16230	-1888.875	-2077.427	188.5519	0.2961226	2.098993	1.473761
16236	-1885.578	-2074.199	188.6202	0.2414529	2.021462	1.582273
16242	-1897.456	-2086.351	188.8952	0.2481912	2.180067	1.231046
16248	-1894.209	-2082.888	188.6798	0.2437179	2.320852	1.302475
16254	-1881.575	-2070.454	188.879	0.2437179	2.183978	1.251258
16260	-1884.091	-2073.102	189.0108	0.2555254	2.373099	0.9234292
16266	-1884.969	-2074.329	189.3596	0.2205455	2.24785	0.7640665
16272	-1883.846	-2073.203	189.3571	0.1610281	2.450427	0.7390887
16278	-1884.505	-2073.833	189.3283	0.1949049	2.386821	0.7134674
16284	-1903.665	-2093.123	189.458	0.1444687	2.276175	0.9066847
16290	-1888.997	-2078.308	189.3109	0.2032721	2.171083	0.9722647
16296	-1885.496	-2074.685	189.1884	0.2331928	2.012802	1.157201
16302	-1884.987	-2073.912	188.9245	0.2795469	2.111189	1.197278
16308	-1878.51	-2067.692	189.1822	0.1785023	1.988234	1.318343
16314	-1887.84	-2076.762	188.9221	0.2702563	1.977806	1.328733
16320	-1871.301	-2060.436	189.1347	0.1911304	2.048381	1.275862
16326	-1877.927	-2067.033	189.1063	0.2041753	2.109021	1.216192
16332	-1882.633	-2071.952	189.3195	0.2041753	2.109021	1.023147
16338	-1894.11	-2082.919	188.8089	0.3323528	2.206274	1.107989
16344	-1885.615	-2074.645	189.0299	0.255105	2.214507	1.065086
16350	-1881.987	-2071.501	189.514	0.1771556	2.102301	0.9148885
16356	-1883.325	-2072.37	189.045	0.2697156	2.053327	1.16398
16362	-1869.169	-2058.505	189.3358	0.1971586	2.053327	1.080631
16368	-1880.494	-2069.826	189.3312	0.1905405	2.078047	1.080631
16374	-1879.534	-2068.736	189.2025	0.2212532	1.991849	1.19203
16380	-1888.411	-2077.563	189.152	0.2003819	2.039488	1.245742
16386	-1882.616	-2071.518	188.9021	0.2782438	1.936184	1.362024
16392	-1883.585	-2072.303	188.718	0.2902479	1.918066	1.495373
16398	-1883.907	-2072.453	188.5455	0.2357454	1.898713	1.734645
16404	-1878.076	-2066.419	188.3438	0.2373923	1.844137	1.908247
16410	-1873.579	-2061.353	187.7739	0.2889301	1.602549	2.3535
16416	-1879.56	-2067.684	188.1237	0.2853223	1.654919	2.099671
16422	-1878.339	-2066.863	188.5239	0.2073447	1.65927	1.968349
16428	-1889.345	-2076.683	187.338	0.2983133	1.63295	2.59378
16434	-1881.797	-2069.663	187.8663	0.2327611	1.655625	2.352091
16440	-1884.352	-2072.079	187.7268	0.2003244	1.635537	2.510816
16446	-1887.794	-2075.356	187.5615	0.2528571	1.654805	2.510816
16452	-1879.475	-2067.657	188.1819	0.2528571	1.648163	2.119121
16458	-1882.874	-2071.287	188.4133	0.2058082	1.679275	2.03171
16464	-1885.283	-2074.094	188.8115	0.2832162	1.817816	1.513066
16470	-1873.868	-2062.69	188.8226	0.2645351	1.822964	1.53529
16476	-1879.518	-2067.942	188.424	0.2004268	1.720453	2.007856
16482	-1879.157	-2067.452	188.2952	0.2216935	1.736092	2.042061
16488	-1873.494	-2062.629	189.135	0.2216935	1.91647	1.309998
16494	-1878.95	-2067.886	188.9362	0.2254279	1.91647	1.457574
16500	-1897.35	-2086.556	189.2062	0.1964083	2.130196	1.130849
16506	-1881.017	-2070.246	189.2288	0.2042437	2.212591	1.010323
16512	-1883.331	-2072.586	189.2557	0.1705939	2.156496	1.135636
16518	-1885.133	-2073.755	188.6221	0.2394113	2.00144	1.599488
16524	-1880.428	-2069.436	189.008	0.2213777	2.00144	1.344434
16530	-1887.289	-2076.267	188.9787	0.2213777	2.053417	1.326373
16536	-1881.592	-2070.548	188.9556	0.2626912	2.104409	1.212307
16542	-1875.822	-2064.969	189.1475	0.2067216	2.059119	1.217199
16548	-1887.031	-2076.265	189.2338	0.2067216	1.97277	1.217199
16554	-1887	-2075.929	188.929	0.2756037	2.15928	1.160019
16560	-1872.197	-2061.211	189.014	0.3162451	2.340888	0.7813174
16566	-1881.537	-2070.802	189.2654	0.2101998	2.293579	0.8653425
16572	-1902.403	-2091.728	189.325	0.2175055	2.293579	0.7604069
16578	-1889.704	-2078.782	189.0786	0.3058387	2.347562	0.708799
16584	-1891.303	-2080.535	189.2321	0.2548584	2.347562	0.6536045
16590	-1885.207	-2074.444	189.2362	0.2128367	2.413449	0.7335975
16596	-1881.034	-2070.121	189.0867	0.286273	2.259345	0.8800893
16602	-1881.891	-2070.846	188.9548	0.2459533	2.06682	1.280495
16608	-1893.927	-2082.431	188.5037	0.3323967	1.884577	1.607399
16614	-1881.77	-2070.409	188.6384	0.3323967	1.80639	1.566162
16620	-1886.099	-2074.807	188.7081	0.3062352	1.889557	1.496155
16626	-1880.901	-2069.361	188.4598	0.2797772	2.012852	1.634035
16632	-1885.623	-2074.489	188.8663	0.2926738	1.92044	1.375331
16638	-1878.996	-2067.967	188.9703	0.1919083	1.914643	1.506967
16644	-1889.782	-2078.306	188.5237	0.2612688	1.838456	1.745215
16650	-1875.193	-2063.895	188.7022	0.2246384	1.757459	1.745215
16656	-1888.51	-2076.032	187.5223	0.2804505	1.694186	2.467306
16662	-1894.541	-2082.407	187.8656	0.2328962	1.682364	2.335294
16668	-1879.185	-2067.048	187.8626	0.2427077	1.658964	2.335294
16674	-1892.082	-2079.338	187.2562	0.1921091	1.435935	2.936681
16680	-1892.014	-2080.026	188.012	0.1793765	1.537155	2.434199
16686	-1884.382	-2072.323	187.9414	0.1726831	1.631796	2.432597
16692	-1882.451	-2071.121	188.6698	0.2357089	1.659466	1.814702
16698	-1883.375	-2071.586	188.2109	0.2357089	1.68787	2.103888
16704	-1872.218	-2060.275	188.0565	0.2375837	1.68787	2.201167
16710	-1876.815	-2065.008	188.1925	0.1989684	1.74414	2.147542
16716	-1880.888	-2069.069	188.1816	0.2960136	1.803135	1.945919
16722	-1885.176	-2073.4	188.2245	0.2466269	1.757112	2.030027
16728	-1877.766	-2065.531	187.7643	0.1750152	1.591001	2.564076
16734	-1875.47	-2063.258	187.7878	0.2404166	1.622356	2.409722
16740	-1886.226	-2074.204	187.9775	0.2087853	1.529258	2.404528
16746	-1893.131	-2081.106	187.9752	0.2558565	1.5354	2.320323
16752	-1894.152	-2082.627	188.4758	0.1542665	1.624222	2.134681
16758	-1876.738	-2064.97	188.2313	0.1779491	1.764863	2.15114
16764	-1873.45	-2060.005	186.5546	0.2162276	1.426317	3.317637
16770	-1872.531	-2059.146	186.6154	0.2449689	1.388936	3.257284
16776	-1878.535	-2065.16	186.6254	0.2862103	1.534262	3.103462
16782	-1870.244	-2057.506	187.2623	0.257581	1.576575	2.736446
16788	-1874.179	-2061.43	187.2504	0.2830592	1.525019	2.736446
16794	-1874.21	-2062.43	188.2207	0.2585073	1.734986	2.026727
16800	-1883.388	-2071.968	188.5804	0.2003226	1.804907	1.845385
16806	-1879.977	-2068.878	188.9009	0.2003194	1.937587	1.522681
16812	-1881.807	-2069.878	188.0708	0.3067227	1.75594	2.034811
16818	-1884.505	-2072.331	187.8258	0.3152912	1.645342	2.254002
16824	-1869.514	-2058.123	188.6093	0.2420243	1.631792	1.863658
16830	-1877.591	-2066.045	188.4546	0.2290338	1.746971	1.914459
16836	-1882.346	-2070.745	188.3989	0.1959618	1.832067	1.958946
16842	-1879.251	-2067.704	188.4533	0.189439	1.832067	1.935781
16848	-1881.953	-2070.701	188.7483	0.2092125	1.829954	1.692593
16854	-1878.401	-2066.904	188.5029	0.1935975	1.724432	1.966253
16860	-1886.548	-2075.057	188.5089	0.1910371	1.9407	1.820471
16866	-1900.691	-2089.445	188.754	0.2449685	1.9407	1.536342
16872	-1891.913	-2080.77	188.8565	0.209759	1.935841	1.536342
16878	-1885.546	-2074.296	188.7504	0.2460033	1.964478	1.519299
16884	-1888.134	-2077.083	188.9491	0.1692602	1.756737	1.689607
16890	-1890.167	-2078.878	188.7106	0.3209615	1.770393	1.558051
16896	-1889.382	-2078.367	188.985	0.2842384	1.868763	1.338174
16902	-1893.323	-2082.424	189.101	0.2604682	2.098794	1.093859
16908	-1889.763	-2078.769	189.0065	0.2916848	2.040228	1.162358
16914	-1897.661	-2086.755	189.0937	0.2063595	2.153761	1.183132
16920	-1898.531	-2087.574	189.0428	0.2767094	2.153761	1.058935
16926	-1893.352	-2082.332	188.9799	0.2833714	2.119894	1.132974
16932	-1885.911	-2074.754	188.8426	0.3358349	1.836412	1.38322
16938	-1888.712	-2077.615	188.9033	0.2334743	1.946653	1.44275
16944	-1881.445	-2069.975	188.5307	0.2298992	1.755533	1.855215
16950	-1878.422	-2066.25	187.8278	0.2545273	1.617406	2.364106
16956	-1888.153	-2076.024	187.8703	0.2465473	1.595756	2.364106
16962	-1877.106	-2064.839	187.7337	0.2851499	1.660638	2.347894
16968	-1886.801	-2074.608	187.8062	0.291876	1.860282	2.162702
16974	-1885.221	-2073.939	188.7179	0.291876	1.670188	1.673791
16980	-1889.542	-2077.821	188.2785	0.3599345	1.714855	1.844403
16986	-1899.366	-2087.555	188.1891	0.2923642	1.64417	2.052605
16992	-1900.803	-2088.475	187.6713	0.2923775	1.419021	2.528314
16998	-1888.358	-2074.166	185.8079	0.2436317	1.22066	3.827625
17004	-1890.337	-2076.096	185.7591	0.3368161	1.304539	3.678961
17010	-1878.504	-2064.844	186.34	0.3029324	1.473859	3.285106
17016	-1881.463	-2068.285	186.8214	0.3128492	1.458188	2.994551
17022	-1887.311	-2074.42	187.1093	0.3576013	1.551438	2.704544
17028	-1886.675	-2073.807	187.132	0.2940653	1.669207	2.704544
17034	-1887.806	-2075.663	187.8569	0.2556716	1.623463	2.339922
17040	-1887.534	-2074.777	187.2432	0.2997025	1.668664	2.628327
17046	-1897.067	-2084.333	187.2657	0.4326687	1.718901	2.412398
17052	-1887.189	-2074.614	187.425	0.387997	1.566311	2.461405
17058	-1890.735	-2078.393	187.6576	0.2377086	1.612938	2.501958
17064	-1888.703	-2076.265	187.5625	0.3398358	1.630031	2.397072
17070	-1888.511	-2076.483	187.9723	0.3535286	1.736469	2.045003
17076	-1883.303	-2071.702	188.3988	0.1889634	1.577711	2.141438
17082	-1892.063	-2080.792	188.7286	0.2431697	1.666196	1.755337
17088	-1892.699	-2081.257	188.5579	0.2054464	1.605932	1.984995
17094	-1882.442	-2070.858	188.416	0.2942713	1.808022	1.785191
17100	-1877.858	-2066.446	188.5874	0.343294	1.781847	1.604135
17106	-1881.657	-2069.628	187.9708	0.277757	1.72574	2.165327
17112	-1892.327	-2079.317	186.99	0.2648578	1.634637	2.855621
17118	-1898.034	-2086.005	187.9704	0.2689748	1.793591	2.135523
17124	-1895.405	-2083.947	188.5417	0.2422605	1.808237	1.788236
17130	-1897.745	-2085.57	187.8248	0.3543651	1.641052	2.202688
17136	-1894.374	-2082.275	187.901	0.3245058	1.727447	2.138843
17142	-1893.94	-2082.415	188.4743	0.3307792	1.821037	1.676746
17148	-1887.6	-2075.862	188.2623	0.3516247	1.821037	1.794279
17154	-1884.396	-2073.101	188.7045	0.2552138	1.796098	1.658183
17160	-1888.82	-2077.381	188.5604	0.3584942	1.828766	1.566269
17166	-1888.917	-2075.948	187.0314	0.33427	1.403692	2.872171
17172	-1888.081	-2073.743	185.6622	0.1689951	1.128714	4.089493
17178	-1885.862	-2072.252	186.3902	0.1834571	1.389502	3.493042
17184	-1882.068	-2068.807	186.739	0.2022477	1.359529	3.272297
17190	-1885.869	-2071.827	185.9579	0.2189246	1.418491	3.666031
17196	-1884.48	-2069.706	185.2267	0.1935251	1.221468	4.240175
17202	-1883.143	-2068.923	185.7804	0.1701205	1.287993	3.928865
17208	-1888.328	-2074.323	185.995	0.1834067	1.39324	3.720404
17214	-1885.517	-2071.768	186.2505	0.2354077	1.528501	3.4049
17220	-1886.011	-2073.913	187.9019	0.1587578	1.798823	2.381287
17226	-1883.147	-2071.017	187.8707	0.2189187	1.643634	2.381287
17232	-1884.962	-2072.651	187.6894	0.1711794	1.701348	2.549768
17238	-1886.186	-2073.758	187.5723	0.2092121	1.701348	2.549768
17244	-1877.925	-2065.33	187.4054	0.2661305	1.707279	2.554256
17250	-1875.439	-2063.057	187.6183	0.2548199	1.572803	2.523386
17256	-1890.154	-2077.974	187.8204	0.1900301	1.577724	2.507946
17262	-1891.751	-2079.43	187.6785	0.2198405	1.51488	2.580675
17268	-1888.198	-2075.778	187.5802	0.2198405	1.530695	2.631706
17274	-1893.286	-2080.943	187.6576	0.1868272	1.639145	2.57724
17280	-1876.654	-2063.505	186.8511	0.1948247	1.520298	3.123818
17286	-1878.725	-2066.049	187.3236	0.2776942	1.560828	2.677612
17292	-1893.116	-2079.57	186.4543	0.2776942	1.497971	3.238839
17298	-1889.791	-2076.944	187.1535	0.2826026	1.52421	2.796792
17304	-1893.085	-2079.327	186.2423	0.159014	1.384478	3.628414
17310	-1885.548	-2073.266	187.7185	0.14227	1.469239	2.736107
17316	-1893.338	-2081.502	188.1643	0.1625771	1.731519	2.248652
17322	-1893.622	-2081.675	188.0527	0.1579764	1.577359	2.427577
17328	-1901.428	-2087.615	186.1875	0.2398328	1.472618	3.467483
17334	-1881.016	-2067.668	186.6518	0.2398328	1.572291	3.135106
17340	-1882.627	-2069.661	187.0344	0.2318901	1.457807	2.987773
17346	-1887.445	-2073.755	186.3102	0.2258164	1.351233	3.489073
17352	-1879.245	-2065.801	186.5567	0.2143228	1.439139	3.31205
17358	-1879.605	-2066.459	186.8536	0.2020433	1.366952	3.200517
17364	-1897.233	-2084.018	186.7847	0.2476408	1.308511	3.200517
17370	-1897.482	-2086.424	188.9422	0.2693909	2.078492	1.231336
17376	-1888.401	-2077.114	188.7131	0.3395835	2.064806	1.297872
17382	-1886.736	-2075.324	188.5872	0.3614631	2.144671	1.297872
17388	-1887.318	-2076.212	188.8941	0.3282025	2.160185	1.080277
17394	-1885.942	-2074.982	189.0401	0.2758934	2.144596	1.071999
17400	-1891.986	-2081.157	189.1706	0.2758934	2.147822	0.9387881
17406	-1892.593	-2081.231	188.6375	0.2758934	1.946694	1.559745
17412	-1886.808	-2075.479	188.671	0.2181783	1.896173	1.682137
17418	-1888.807	-2077.841	189.0345	0.1647258	2.066988	1.408188
17424	-1887.559	-2076.845	189.2857	0.1711293	2.019597	1.226813
17430	-1886.824	-2075.535	188.7116	0.194517	1.788623	1.77806
17436	-1889.189	-2078.248	189.0597	0.1365855	1.921812	1.572666
17442	-1881.244	-2070.396	189.1512	0.2049376	2.060375	1.217477
17448	-1902.123	-2091.542	189.419	0.1823713	2.060375	1.038336
17454	-1885.18	-2074.467	189.2873	0.1823713	2.120038	1.105843
17460	-1886.139	-2075.371	189.232	0.1823713	2.175366	1.105843
17466	-1883.181	-2072.292	189.1108	0.1991799	2.155524	1.185175
17472	-1874.978	-2064.163	189.1855	0.2133486	1.937507	1.271038
17478	-1883.042	-2071.971	188.929	0.2169645	1.94266	1.461252
17484	-1880.177	-2069.234	189.0564	0.162381	1.94266	1.492362
17490	-1890.168	-2078.889	188.7208	0.2324448	1.931676	1.592166
17496	-1894.524	-2083.375	188.8505	0.2071256	1.950173	1.535846
17502	-1886.432	-2075.257	188.8257	0.2414892	1.943781	1.487361
17508	-1890.8	-2079.649	188.8486	0.2050988	1.933804	1.55374
17514	-1888.656	-2077.591	188.9348	0.1792309	1.92672	1.55374
17520	-1874.227	-2063.094	188.8663	0.1886388	1.89972	1.602052
17526	-1871.859	-2060.911	189.0515	0.1704115	1.989039	1.440715
17532	-1886.916	-2075.932	189.0153	0.1772834	2.003227	1.440534
17538	-1884.104	-2073.172	189.0678	0.2487611	2.041513	1.200838
17544	-1878.57	-2067.146	188.5765	0.2250273	1.946702	1.699714
17550	-1874.792	-2063.661	188.8692	0.2191989	1.938444	1.504767
17556	-1880.085	-2069.382	189.2966	0.159605	1.962894	1.29653
17562	-1885.167	-2074.313	189.1461	0.215265	1.99656	1.250193
17568	-1885.621	-2074.308	188.6875	0.215265	1.837733	1.717783
17574	-1880.725	-2069.339	188.6133	0.2609401	1.915921	1.627079
17580	-1874.859	-2063.498	188.6395	0.236375	1.76559	1.76087
17586	-1872.649	-2061.656	189.0071	0.1981997	1.76559	1.57595
17592	-1878.466	-2066.764	188.2978	0.195724	1.601523	2.17821
17598	-1886.576	-2075.078	188.5017	0.2061997	1.647143	1.993509
17604	-1881.647	-2070.192	188.5453	0.1533592	1.771832	1.993509
17610	-1876.385	-2064.761	188.3755	0.2269798	1.714107	1.993509
17616	-1878.54	-2066.931	188.391	0.2430953	1.714107	1.953827
17622	-1876.395	-2064.699	188.3036	0.2654068	1.743802	1.953827
17628	-1879.421	-2067.214	187.7931	0.3184952	1.713404	2.226607
17634	-1886.199	-2074.308	188.1092	0.2364469	1.598864	2.226607
17640	-1886.865	-2074.893	188.028	0.1894119	1.613411	2.355999
17646	-1885.864	-2074.593	188.7288	0.1894119	1.82574	1.75106
17652	-1879.705	-2068.009	188.3042	0.1894119	1.809474	2.050408
17658	-1883.631	-2072.428	188.7971	0.1894119	1.798816	1.722019
17664	-1882.519	-2070.281	187.7618	0.2561642	1.67937	2.363951
17670	-1874.353	-2062.526	188.1726	0.2708475	1.842325	1.966468
17676	-1877.773	-2066.878	189.1051	0.1765219	1.855961	1.486073
17682	-1879.796	-2068.794	188.9986	0.1765219	1.847741	1.571321
17688	-1900.77	-2089.896	189.1257	0.1765219	1.751596	1.548517
17694	-1886.545	-2075.141	188.5958	0.321227	1.897595	1.548517
17700	-1884.121	-2072.687	188.5658	0.2823655	1.862058	1.661632
17706	-1897.536	-2086.245	188.7082	0.2085743	1.689098	1.82039
17712	-1897.654	-2085.849	188.1953	0.2754691	1.765074	1.995332
17718	-1889.941	-2077.678	187.7371	0.3068363	1.618518	2.340135
17724	-1882.026	-2069.847	187.8214	0.271974	1.664962	2.309829
17730	-1898.547	-2086.694	188.147	0.2405814	1.702823	2.127383
17736	-1899.608	-2088.442	188.8338	0.2405814	1.742766	1.631252
17742	-1901.498	-2089.203	187.7053	0.2363729	1.732952	2.398844
17748	-1886.04	-2074.359	188.3193	0.2363729	1.525762	2.137852
17754	-1880.405	-2068.748	188.3421	0.2032354	1.738908	2.044439
17760	-1876.205	-2064.173	187.9687	0.220233	1.645048	2.315828
17766	-1885.372	-2073.29	187.9177	0.2442372	1.630392	2.315828
17772	-1888.143	-2076.278	188.135	0.2229431	1.630392	2.213619
17778	-1876.991	-2065.2	188.2087	0.1997474	1.681135	2.176523
17784	-1883.355	-2071.474	188.119	0.2327029	1.596936	2.228092
17790	-1886.588	-2075.504	188.9164	0.1443904	1.786336	1.751862
17796	-1897.481	-2085.74	188.259	0.2094267	1.563433	2.201704
17802	-1902.553	-2089.335	186.7814	0.1961144	1.563433	3.137251
17808	-1902.469	-2089.704	187.2353	0.2538071	1.593678	2.748477
17814	-1883.277	-2070.579	187.3017	0.2516582	1.701591	2.644878
17820	-1879.022	-2066.526	187.5043	0.2628334	1.543458	2.599719
17826	-1879.289	-2067.433	188.1442	0.2588448	1.698863	2.100519
17832	-1883.095	-2071.474	188.3783	0.1986952	1.721119	2.041174
17838	-1892.572	-2081.249	188.6776	0.1986952	1.783809	1.796288
17844	-1897.549	-2085.967	188.4175	0.2434887	1.798245	1.878268
17850	-1899.766	-2087.924	188.1586	0.2828129	1.798245	1.985732
17856	-1901.456	-2090.45	188.9938	0.1884447	1.865401	1.534147
17862	-1907.553	-2093.906	186.3531	0.2813195	1.441277	3.326791
17868	-1904.137	-2090.885	186.7471	0.2546586	1.342626	3.191741
17874	-1895.04	-2084.132	189.0919	0.2103774	2.105101	1.216288
17880	-1892.907	-2082.039	189.1321	0.232635	2.126424	1.107272
17886	-1892.823	-2081.885	189.0613	0.232635	2.081583	1.209039
17892	-1878.79	-2067.878	189.0879	0.2223211	2.044094	1.242386
17898	-1895.071	-2084.373	189.302	0.1950615	2.044094	1.125772
17904	-1880.701	-2069.758	189.0569	0.2293946	2.05239	1.2449
17910	-1883.529	-2072.515	188.9858	0.2197556	1.974307	1.386957
17916	-1884.458	-2073.536	189.0784	0.1931441	1.959875	1.386957
17922	-1897.816	-2087.079	189.2631	0.1267904	1.900108	1.464597
17928	-1882.178	-2071.381	189.2033	0.1267904	1.959843	1.464597
17934	-1882.91	-2071.347	188.4366	0.1725087	1.876462	1.953229
17940	-1893.792	-2082.197	188.4053	0.2420499	1.908944	1.81334
17946	-1881.817	-2070.438	188.6217	0.1941068	1.749207	1.868074
17952	-1878.222	-2066.415	188.1929	0.2134894	1.676687	2.163468
17958	-1891.31	-2079.103	187.7929	0.2304973	1.615821	2.427616
17964	-1885.356	-2074.034	188.6777	0.269729	1.856573	1.607359
17970	-1886.604	-2075.286	188.6822	0.269729	1.901595	1.571251
17976	-1894.124	-2082.92	188.7962	0.2710111	1.784399	1.571251
17982	-1891.232	-2079.882	188.6497	0.2683678	1.945985	1.565
17988	-1898.551	-2087.244	188.6926	0.3543943	1.840061	1.465571
17994	-1899.173	-2087.816	188.6424	0.2996187	1.838698	1.593653
18000	-1889.055	-2077.816	188.7612	0.2538419	1.847696	1.582401
18006	-1891.012	-2079.542	188.5302	0.3074847	1.854956	1.649873
18012	-1886.092	-2074.712	188.6202	0.2219202	1.754339	1.809753
18018	-1882.837	-2071.215	188.3784	0.3049634	1.946432	1.697014
18024	-1884.969	-2073.706	188.7367	0.2717853	1.8824	1.541437
18030	-1887.595	-2076.598	189.0034	0.234605	1.800508	1.475434
18036	-1887.187	-2075.635	188.448	0.2991747	1.829485	1.739851
18042	-1890.78	-2079.198	188.4179	0.3085532	1.87454	1.714112
18048	-1885.557	-2074.353	188.796	0.3092536	1.951726	1.375692
18054	-1887.72	-2076.355	188.6348	0.3092536	1.951726	1.499291
18060	-1885.27	-2074.281	189.0108	0.2397822	1.932567	1.356771
18066	-1893.589	-2082.818	189.2289	0.1464165	1.886327	1.446126
18072	-1888.01	-2076.554	188.544	0.1780135	1.774283	1.93777
18078	-1882.168	-2070.537	188.3694	0.287062	1.648666	1.93777
18084	-1876.858	-2065.361	188.5025	0.2252257	1.675093	1.93777
18090	-1882.688	-2071.477	188.7887	0.1837135	1.899368	1.669242
18096	-1886.595	-2075.589	188.9948	0.2922218	1.953242	1.24568
18102	-1880.336	-2069.76	189.4246	0.1439062	1.927535	1.265384
18108	-1869.515	-2058.487	188.972	0.1877314	1.97223	1.472088
18114	-1867.838	-2056.969	189.1313	0.1687392	1.923522	1.43398
18120	-1889.519	-2078.453	188.9339	0.2080515	1.878531	1.525071
18126	-1882.718	-2071.081	188.3627	0.228283	1.729819	1.989123
18132	-1899.748	-2088.837	189.0887	0.1435542	1.833885	1.597239
18138	-1898.364	-2086.735	188.3713	0.1534766	1.797313	2.091569
18144	-1883.078	-2071.127	188.0497	0.2188275	1.706598	2.226956
18150	-1887.558	-2075.587	188.0293	0.2706377	1.667259	2.176681
18156	-1893.573	-2081.368	187.7941	0.2080965	1.698773	2.414549
18162	-1883.174	-2070.921	187.7477	0.189672	1.565158	2.561765
18168	-1880.656	-2069.239	188.5821	0.2479365	1.911659	1.676601
18174	-1886.857	-2075.475	188.6179	0.2572923	1.972485	1.589447
18180	-1893.051	-2080.985	187.934	0.2133613	1.590591	2.384855
18186	-1897.504	-2085.367	187.8632	0.173073	1.673094	2.454986
18192	-1901.947	-2090.618	188.6714	0.173073	1.638273	1.954216
18198	-1899.624	-2087.649	188.0255	0.2925429	1.744536	2.094027
18204	-1900.357	-2089.053	188.6962	0.155825	1.786918	1.875854
18210	-1898.537	-2087.373	188.8361	0.1333644	1.816958	1.814353
18216	-1899.054	-2088.234	189.1803	0.1952409	2.089308	1.192625
18222	-1897.464	-2086.648	189.1841	0.193788	2.060356	1.217881
18228	-1905.859	-2094.806	188.9473	0.217909	2.105427	1.317615
18234	-1902.647	-2091.163	188.5155	0.3614059	1.979522	1.483008
18240	-1887.418	-2076.387	188.9691	0.188122	1.648644	1.709437
18246	-1896.901	-2085.851	188.9503	0.2378751	1.744326	1.550428
18252	-1888.809	-2077.481	188.6722	0.2058343	1.804401	1.77103
18258	-1906.448	-2095.118	188.6702	0.2631116	1.60161	1.804855
18264	-1894.494	-2082.869	188.3743	0.2631116	1.76742	1.89403
18270	-1899.852	-2089.09	189.2385	0.1663823	1.865477	1.402055
18276	-1887.014	-2075.247	188.2326	0.310071	1.662795	1.983965
18282	-1888.23	-2076.375	188.1442	0.2895532	1.728926	2.030647
18288	-1889.28	-2077.423	188.143	0.2261175	1.834012	2.069738
18294	-1885.704	-2073.861	188.1569	0.2649937	1.760444	2.041245
18300	-1891.616	-2079.762	188.1461	0.2138584	1.908766	2.041245
18306	-1902.238	-2091.038	188.7997	0.1734221	1.99094	1.619118
18312	-1899.621	-2088.252	188.6313	0.2675596	1.924185	1.595909
18318	-1895.123	-2083.665	188.5416	0.2639901	1.857588	1.714333
18324	-1888.856	-2077.967	189.1114	0.2886843	2.044211	1.070169
18330	-1897.947	-2083.649	185.7019	0.3583796	1.292904	3.692341
18336	-1886.777	-2072.785	186.0086	0.2059674	1.359659	3.692341
18342	-1884.43	-2071.101	186.6704	0.2589487	1.319219	3.2445
18348	-1890.251	-2077.169	186.9179	0.3601731	1.531006	2.830551
18354	-1893.921	-2082.134	188.2132	0.229796	1.49475	2.238395
18360	-1886.545	-2074.322	187.7768	0.2424707	1.627312	2.410072
18366	-1899.611	-2087.598	187.9875	0.2218631	1.556656	2.357121
18372	-1895.247	-2083.315	188.0684	0.2552895	1.625244	2.203799
18378	-1892.104	-2080.709	188.6046	0.1973924	1.790344	1.844784
18384	-1883.679	-2072.377	188.6979	0.2442389	1.914561	1.598188
18390	-1889.405	-2078.386	188.9809	0.235308	1.795171	1.494921
18396	-1885.904	-2074.728	188.8243	0.1871349	1.801736	1.705774
18402	-1873.969	-2062.524	188.5549	0.1694413	1.868587	1.885319
18408	-1880.782	-2069.817	189.035	0.2097559	1.938731	1.398737
18414	-1876.056	-2064.83	188.7742	0.2122081	1.913009	1.608177
18420	-1890.853	-2079.783	188.931	0.1558435	1.802322	1.702113
18426	-1883.557	-2072.118	188.5618	0.2244287	1.814224	1.803844
18432	-1878.933	-2067.571	188.638	0.2229292	1.661634	1.859258
18438	-1877.689	-2066.32	188.6306	0.1929535	1.923878	1.74352
18444	-1879.365	-2068.005	188.6396	0.2250638	1.711964	1.819527
18450	-1875.23	-2063.664	188.4336	0.2744478	1.634432	1.924704
18456	-1877.731	-2065.959	188.2278	0.2584612	1.593048	2.115679
18462	-1888.483	-2076.229	187.7459	0.2590407	1.633311	2.398535
18468	-1893.619	-2081.665	188.0459	0.1786714	1.720521	2.297882
18474	-1883.98	-2072.81	188.8306	0.2141225	1.922297	1.556161
18480	-1890.408	-2079.098	188.6899	0.2199482	1.839251	1.705573
18486	-1904.942	-2093.393	188.4509	0.2462819	1.918649	1.767194
18492	-1880.617	-2069.543	188.9261	0.2307711	1.9523	1.426549
18498	-1878.82	-2067.889	189.0682	0.1849502	1.902722	1.458377
18504	-1881.027	-2070.065	189.0383	0.1406855	1.971803	1.540573
18510	-1882.394	-2071.306	188.9121	0.1971456	1.911861	1.540573
18516	-1877.833	-2066.776	188.9423	0.1971456	1.974571	1.470996
18522	-1880.244	-2068.908	188.6633	0.2653353	1.974571	1.539513
18528	-1871.146	-2059.366	188.2192	0.2140159	1.749062	2.098014
18534	-1868.93	-2057.559	188.6286	0.1722529	1.610919	2.002941
18540	-1866.565	-2054.891	188.3263	0.244751	1.731651	1.982456
18546	-1882.414	-2070.828	188.4142	0.2573793	1.789557	1.861685
18552	-1884.998	-2073.358	188.3597	0.2573793	1.761755	1.917628
18558	-1883.155	-2070.99	187.8349	0.2627604	1.722011	2.279487
18564	-1885.415	-2073.723	188.3088	0.3039491	1.832119	1.827077
18570	-1879.194	-2068.16	188.9662	0.1935364	1.872709	1.537554
18576	-1892.823	-2081.411	188.5883	0.2357127	1.901122	1.702804
18582	-1882.218	-2071.038	188.8197	0.2436352	1.889799	1.527968
18588	-1879.028	-2067.507	188.4796	0.3978817	1.88256	1.527968
18594	-1883.415	-2071.958	188.5434	0.3403259	2.023072	1.462492
18600	-1889.466	-2078.64	189.1737	0.2157587	2.023072	1.203331
18606	-1873.617	-2062.426	188.8093	0.2935023	1.833942	1.484156
18612	-1878.222	-2066.997	188.7748	0.2722249	1.720884	1.630832
18618	-1892.424	-2081.069	188.645	0.2356232	1.945451	1.630832
18624	-1893.876	-2082.937	189.0609	0.1895011	2.008408	1.371333
18630	-1885.253	-2074.371	189.1178	0.1821813	1.974392	1.371333
18636	-1883.474	-2072.679	189.2054	0.2272951	1.913427	1.241765
18642	-1877.544	-2066.437	188.8938	0.2033135	1.910356	1.541581
18648	-1882.808	-2071.447	188.6393	0.2305638	1.837628	1.721573
18654	-1891.864	-2080.001	188.1366	0.2260477	1.734793	2.139152
18660	-1878.269	-2066.571	188.3019	0.2260477	1.621963	2.10487
18666	-1881.358	-2069.226	187.8684	0.2481687	1.621963	2.34593
18672	-1895.953	-2083.811	187.8576	0.2583428	1.606356	2.34593
18678	-1889.102	-2077.012	187.9104	0.3271267	1.620827	2.198221
18684	-1896.88	-2083.829	186.9492	0.3183892	1.378798	2.95796
18690	-1894.325	-2082.274	187.9491	0.232591	1.58577	2.344142
18696	-1883.794	-2072.099	188.3053	0.216974	1.742712	2.039864
18702	-1871.107	-2059.433	188.3261	0.2179212	1.685622	2.062091
18708	-1871.3	-2059.819	188.5182	0.2259015	1.70058	1.908644
18714	-1870.646	-2059.394	188.7483	0.2259015	1.887328	1.617445
18720	-1890.759	-2078.923	188.1633	0.3014846	1.872418	1.902798
18726	-1892.755	-2081.33	188.5752	0.2786447	1.859352	1.663322
18732	-1874.614	-2062.512	187.8988	0.2082311	1.699987	2.347263
18738	-1900.516	-2089.142	188.626	0.2226518	1.693035	1.846529
18744	-1888.015	-2076.852	188.8372	0.2449027	1.869341	1.527694
18750	-1889.221	-2078.225	189.0039	0.2336816	2.022687	1.30334
18756	-1892.316	-2081.676	189.3597	0.1838826	1.98366	1.158872
18762	-1887.889	-2077.159	189.2704	0.155583	2.026307	1.277332
18768	-1892.563	-2081.318	188.755	0.2464174	1.989906	1.496045
18774	-1888.599	-2077.606	189.0069	0.2143297	1.854785	1.474524
18780	-1883.784	-2072.584	188.7998	0.2746071	1.927565	1.454987
18786	-1883.567	-2072.57	189.003	0.2250885	1.973455	1.362373
18792	-1891.272	-2080.437	189.1652	0.2323902	2.061436	1.136653
18798	-1893.604	-2082.445	188.8412	0.2639713	1.901534	1.463476
18804	-1868.742	-2057.683	188.9414	0.2117968	1.845586	1.535935
18810	-1887.953	-2076.667	188.7137	0.1772006	1.815198	1.795632
18816	-1887.555	-2075.349	187.7939	0.2558146	1.666558	2.352312
18822	-1889.084	-2076.919	187.8355	0.2558146	1.624803	2.35239
18828	-1887.416	-2074.731	187.3156	0.2433594	1.43643	2.812096
18834	-1877.804	-2065.629	187.8247	0.2274464	1.427252	2.531043
18840	-1875.383	-2063.08	187.6965	0.2619053	1.607391	2.44137
18846	-1897.349	-2084.26	186.9108	0.231855	1.50301	3.034812
18852	-1884.821	-2072.369	187.5486	0.2266415	1.45558	2.685739
18858	-1878.671	-2066.546	187.8749	0.1778161	1.526202	2.529981
18864	-1906.012	-2093.773	187.7611	0.2124387	1.535023	2.529981
18870	-1898.992	-2086.39	187.3981	0.2514775	1.450809	2.739949
18876	-1890.628	-2078.068	187.4405	0.2212813	1.490208	2.739949
18882	-1900.593	-2088.915	188.3217	0.3195172	1.811526	1.807938
18888	-1891.5	-2080.07	188.5702	0.2992246	1.704626	1.741633
18894	-1883.979	-2072.301	188.3216	0.3046108	1.940498	1.741819
18900	-1897.718	-2085.632	187.9142	0.2370736	1.5404	2.387314
18906	-1887.39	-2075.386	187.9957	0.2460232	1.605695	2.278728
18912	-1885.96	-2073.436	187.4768	0.2499652	1.576818	2.616556
18918	-1886.065	-2074.168	188.1033	0.2558868	1.55641	2.22472
18924	-1877.303	-2065.736	188.4329	0.2762553	1.87501	1.756986
18930	-1876.122	-2064.759	188.6372	0.2981613	1.899846	1.555163
18936	-1886.143	-2074.733	188.5903	0.359364	1.999929	1.413504
18942	-1890.041	-2078.658	188.617	0.2623756	1.722979	1.758751
18948	-1889.226	-2077.433	188.2071	0.3696461	1.80165	1.820135
18954	-1886.201	-2074.954	188.753	0.2369559	1.804491	1.651912
18960	-1899.302	-2088.029	188.7269	0.2447669	1.854442	1.619736
18966	-1885.718	-2074.386	188.6686	0.2692016	1.706506	1.722072
18972	-1877.048	-2065.283	188.2352	0.2854053	1.721814	1.981392
18978	-1873.282	-2061.68	188.3982	0.2601805	1.815554	1.849973
18984	-1881.082	-2069.449	188.3668	0.2789882	1.799954	1.849973
18990	-1887.986	-2075.396	187.4098	0.2865474	1.611385	2.579961
18996	-1899.145	-2087.391	188.2456	0.217115	1.554657	2.201683
19002	-1900.983	-2087.15	186.1673	0.2296482	1.366479	3.557303
19008	-1893.288	-2079.803	186.515	0.2065825	1.446256	3.345635
19014	-1900.431	-2087.808	187.3767	0.1331464	1.383457	3.01518
19020	-1892.807	-2081.235	188.4281	0.1779089	1.626494	2.113059
19026	-1890.588	-2077.98	187.3917	0.2034839	1.572236	2.75104
19032	-1898.748	-2086.966	188.2179	0.2232876	1.69054	2.119991
19038	-1888.064	-2076.785	188.7211	0.2095758	1.785855	1.742135
19044	-1879.901	-2068.576	188.6745	0.2131522	1.820279	1.74345
19050	-1882.944	-2071.604	188.6594	0.2175448	1.822792	1.74345
19056	-1885.958	-2074.538	188.5802	0.2934252	1.705659	1.74345
19062	-1879.089	-2067.231	188.1419	0.2544398	1.837974	2.017653
19068	-1881.142	-2069.073	187.9309	0.2126376	1.659576	2.34438
19074	-1884.812	-2072.681	187.8691	0.2285658	1.634729	2.370852
19080	-1884.849	-2072.639	187.7894	0.2492999	1.527675	2.453509
19086	-1874.976	-2062.847	187.8708	0.2490545	1.516371	2.409839
19092	-1885.131	-2072.853	187.7221	0.2302505	1.559485	2.50772
19098	-1881.212	-2068.926	187.7136	0.2125326	1.599828	2.518997
19104	-1882.89	-2069.891	187.001	0.2496501	1.466871	2.973831
19110	-1881.286	-2068.723	187.4365	0.1922695	1.49691	2.790204
19116	-1888.765	-2076.14	187.3746	0.2033961	1.532017	2.786147
19122	-1882.948	-2070.312	187.3642	0.2069383	1.532017	2.786147
19128	-1879.664	-2067.399	187.735	0.261544	1.532017	2.465128
19134	-1873.393	-2061.221	187.8284	0.227241	1.542783	2.456873
19140	-1870.127	-2058.299	188.1721	0.1844962	1.680421	2.230804
19146	-1867.461	-2056.081	188.6203	0.2062162	1.766837	1.83215
19152	-1868.782	-2056.653	187.8714	0.2710106	1.766837	2.21387
19158	-1875.235	-2063.026	187.7909	0.3486906	1.743314	2.166119
19164	-1868.075	-2056.442	188.3674	0.2141028	1.777811	1.980599
19170	-1878.939	-2066.789	187.8504	0.3263851	1.628603	2.233024
19176	-1884.26	-2071.985	187.7244	0.2990356	1.50294	2.432704
19182	-1876.376	-2063.971	187.5949	0.270469	1.533449	2.537726
19188	-1876.012	-2063.548	187.5353	0.2172416	1.461177	2.70668
19194	-1869.152	-2055.848	186.6959	0.2789494	1.461177	3.11548
19200	-1883.002	-2069.972	186.9697	0.2074388	1.37806	3.11548
19206	-1879.335	-2065.392	186.0565	0.1643391	1.224685	3.817675
19212	-1889.985	-2076.082	186.0969	0.2077916	1.278346	3.685221
19218	-1884.832	-2071.092	186.2603	0.2321524	1.278346	3.550448
19224	-1897.111	-2084.023	186.9117	0.1258581	1.214617	3.406894
19230	-1879.441	-2064.41	184.9687	0.1781864	1.167934	4.443207
19236	-1885.085	-2070.699	185.6142	0.1781864	1.106005	4.112825
19242	-1877.606	-2062.938	185.3319	0.2241799	1.251045	4.112825
19248	-1888.934	-2073.94	185.0064	0.2544887	1.269717	4.240853
19254	-1889.345	-2074.501	185.1556	0.2434105	1.229076	4.195773
19260	-1897.682	-2083.278	185.596	0.2285672	1.205928	3.980974
19266	-1894.722	-2080.143	185.4216	0.2671346	1.226695	4.010802
19272	-1888.844	-2074.132	185.2872	0.2710368	1.367123	4.001772
19278	-1882.99	-2069.378	186.3887	0.2968914	1.454956	3.275835
19284	-1888.764	-2075.473	186.7096	0.1923669	1.290894	3.347594
19290	-1881.017	-2067.87	186.8534	0.1923669	1.378921	3.210823
19296	-1879.175	-2064.836	185.661	0.2067247	1.191137	3.987782
19302	-1887.905	-2073.414	185.5091	0.2067247	1.219862	4.058096
19308	-1881.991	-2068.169	186.1778	0.2054852	1.298638	3.630531
19314	-1882.971	-2070.314	187.3428	0.2072562	1.391297	2.883997
19320	-1878.222	-2065.203	186.9813	0.2330565	1.568297	2.951348
19326	-1883.898	-2071.274	187.3756	0.2132499	1.651949	2.694605
19332	-1868.49	-2056.542	188.0514	0.184329	1.781383	2.243841
19338	-1873.433	-2061.536	188.1028	0.2600537	1.835044	2.035946
19344	-1868.628	-2056.893	188.2649	0.2292762	1.808593	2.000049
19350	-1870.367	-2058.011	187.6445	0.254975	1.685742	2.435997
19356	-1877.911	-2066.321	188.4105	0.2190938	1.715601	1.983895
19362	-1893.172	-2081.553	188.3809	0.2496935	1.805205	1.887332
19368	-1890.142	-2078.771	188.6297	0.2895179	1.889671	1.58307
19374	-1898.48	-2086.959	188.4789	0.2696816	1.898878	1.71936
19380	-1884.805	-2072.979	188.1745	0.2792012	1.71452	2.036697
19386	-1882.211	-2070.892	188.6809	0.2970482	1.760212	1.62699
19392	-1894.528	-2082.698	188.1699	0.3266967	1.72591	1.958722
19398	-1907.624	-2095.992	188.3673	0.3265349	1.782121	1.785937
19404	-1901.286	-2090.329	189.0434	0.2694415	1.727295	1.431589
19410	-1893.755	-2082.763	189.0084	0.248252	1.805142	1.440375
19416	-1890.461	-2079.638	189.1774	0.2386343	1.849546	1.292078
19422	-1879.615	-2068.816	189.2004	0.2386343	2.032534	1.115728
19428	-1886.067	-2075.087	189.0198	0.262954	2.127351	1.135827
19434	-1890.355	-2079.275	188.9208	0.294197	1.948797	1.306333
19440	-1870.922	-2059.948	189.026	0.189373	1.943913	1.448658
19446	-1888.694	-2076.924	188.23	0.3057957	1.826382	1.882001
19452	-1880.015	-2068.777	188.7622	0.205745	1.754261	1.743322
19458	-1879.629	-2068.162	188.5321	0.2496397	1.789625	1.794317
19464	-1904.685	-2092.831	188.1453	0.3553937	1.930139	1.794317
19470	-1904.044	-2092.443	188.3988	0.3289297	1.970793	1.626463
19476	-1895.618	-2084.2	188.5815	0.2344755	1.705368	1.84622
19482	-1879.429	-2067.693	188.264	0.2722373	1.661799	2.023629
19488	-1880.173	-2067.688	187.5154	0.2607971	1.55421	2.58936
19494	-1902.24	-2090.467	188.2267	0.3153474	1.575388	2.038121
19500	-1894.867	-2082.459	187.5924	0.285661	1.493301	2.541173
19506	-1889.758	-2076.689	186.9308	0.3089781	1.3819	2.979966
19512	-1903.829	-2090.628	186.7988	0.3089781	1.513955	2.979966
19518	-1888.025	-2075.388	187.3631	0.218954	1.371119	2.863492
19524	-1873.267	-2060.428	187.1605	0.1903613	1.51118	2.95225
19530	-1878.515	-2065.921	187.4062	0.2305228	1.455135	2.766624
19536	-1901.89	-2089.115	187.2243	0.2014626	1.434573	2.939693
19542	-1889.153	-2076.849	187.6962	0.23579	1.711621	2.419101
19548	-1893.467	-2081.847	188.3798	0.2189835	1.663434	2.039258
19554	-1882.93	-2071.215	188.2858	0.1625455	1.44527	2.353978
19560	-1892.175	-2079.892	187.7167	0.2723158	1.449829	2.511103
19566	-1887.142	-2075.37	188.2285	0.2173411	1.716157	2.107247
19572	-1884.05	-2071.595	187.5452	0.2214991	1.62996	2.58911
19578	-1888.961	-2076.458	187.4972	0.268009	1.554592	2.58911
19584	-1889.319	-2075.948	186.6286	0.2147186	1.393348	3.296019
19590	-1896.806	-2083.6	186.794	0.1876674	1.308604	3.296019
19596	-1883.501	-2070.164	186.6631	0.2189676	1.3597	3.288376
19602	-1891.469	-2077.008	185.5384	0.2455752	1.206454	3.987315
19608	-1881.439	-2068.197	186.7587	0.2601241	1.418719	3.131318
19614	-1896.354	-2084.51	188.1557	0.2220015	1.551394	2.252843
19620	-1892.133	-2080.198	188.0648	0.2220015	1.686027	2.224724
19626	-1890.992	-2079.752	188.7598	0.2488888	1.686027	1.708814
19632	-1886.519	-2074.663	188.1433	0.2584518	1.639242	2.140792
19638	-1884.786	-2072.951	188.165	0.2229883	1.569986	2.233136
19644	-1887.728	-2076.242	188.5141	0.2473605	1.85888	1.762781
19650	-1884.142	-2073.402	189.2606	0.1676493	1.838087	1.402859
19656	-1881.237	-2070.033	188.7954	0.1854523	1.760619	1.758635
19662	-1875.358	-2063.89	188.532	0.2331364	1.742471	1.857174
19668	-1886.809	-2075.692	188.883	0.2127655	1.747997	1.647629
19674	-1895.446	-2084.515	189.0688	0.2326729	1.866703	1.378183
19680	-1882.926	-2071.502	188.5759	0.2153653	1.725172	1.872905
19686	-1877.25	-2065.744	188.4936	0.2069563	1.831896	1.872905
19692	-1877.586	-2065.828	188.2419	0.2787396	1.702924	2.000336
19698	-1880.893	-2069.9	189.0061	0.1957027	1.96487	1.433023
19704	-1888.872	-2077.79	188.9181	0.2482894	1.90245	1.434856
19710	-1898.638	-2086.737	188.0981	0.2649343	1.905145	1.984198
19716	-1891.762	-2080.398	188.6362	0.2931203	1.83614	1.611085
19722	-1891.457	-2080.138	188.6813	0.2937836	1.794554	1.607403
19728	-1880.125	-2068.984	188.8598	0.2916956	1.794554	1.478998
19734	-1882.095	-2070.637	188.542	0.2207569	1.866734	1.788315
19740	-1885.846	-2074.625	188.7794	0.2093805	1.846827	1.658022
19746	-1884.448	-2073.05	188.6012	0.2390596	1.871618	1.70821
19752	-1890.688	-2079.169	188.4815	0.2783783	1.890589	1.70821
19758	-1879.268	-2068.328	189.0597	0.2008307	2.013305	1.341238
19764	-1878.302	-2067.269	188.9673	0.2607244	1.932382	1.348046
19770	-1879.885	-2069.271	189.3858	0.187779	2.051089	1.0628
19776	-1879.054	-2068.154	189.0999	0.187779	2.269915	1.124539
19782	-1877.034	-2066.238	189.2037	0.1958589	2.269915	1.003167
19788	-1876.919	-2066.302	189.383	0.1374826	2.178405	1.104295
19794	-1876.304	-2065.688	189.3844	0.1302456	2.175664	1.129818
19800	-1878.233	-2067.283	189.0507	0.2209298	2.039757	1.28005
19806	-1876.326	-2065.292	188.9665	0.2248461	2.112979	1.28005
19812	-1880.766	-2069.994	189.2286	0.1987558	2.033408	1.189977
19818	-1884.753	-2073.89	189.1367	0.2051883	2.193488	1.112849
19824	-1877.512	-2066.518	189.0059	0.2384163	2.102731	1.224796
19830	-1877.234	-2066.21	188.9762	0.2527122	2.107824	1.213677
19836	-1882.312	-2071.427	189.1151	0.2029981	2.107824	1.212671
19842	-1883.663	-2073.048	189.3851	0.1407236	2.107824	1.155153
19848	-1879.221	-2068.328	189.1072	0.201747	2.223305	1.121793
19854	-1883.596	-2072.635	189.0389	0.2448015	2.170874	1.121793
19860	-1894.032	-2083.156	189.1243	0.2022094	2.170874	1.152114
19866	-1883.317	-2072.162	188.8441	0.2945144	2.048291	1.287211
19872	-1886.499	-2075.67	189.1707	0.1944783	2.048291	1.237574
19878	-1873.693	-2062.962	189.2692	0.1593873	2.009946	1.281031
19884	-1878.787	-2067.957	189.1702	0.1990661	1.986302	1.277939
19890	-1887.449	-2076.321	188.8714	0.2054923	1.998087	1.488028
19896	-1882.111	-2071.291	189.1801	0.2092073	2.068677	1.174702
19902	-1881.351	-2070.315	188.9647	0.2150567	2.114359	1.3029
19908	-1888.474	-2077.525	189.0506	0.235387	2.101413	1.194846
19914	-1887.19	-2076.14	188.9506	0.1443574	1.953124	1.608818
19920	-1879.904	-2068.552	188.6482	0.1628241	1.817586	1.871441
19926	-1879.676	-2067.047	187.3707	0.1682743	1.566413	2.834239
19932	-1883.744	-2071.18	187.4357	0.2111748	1.522074	2.741001
19938	-1887.488	-2075.242	187.7533	0.2270754	1.635027	2.446343
19944	-1882.427	-2070.059	187.6321	0.2270754	1.608017	2.539042
19950	-1888.914	-2077.49	188.5756	0.1847099	1.707065	1.947505
19956	-1894.844	-2083.275	188.4314	0.265451	1.780597	1.841991
19962	-1885.28	-2073.89	188.61	0.265451	1.799576	1.704379
19968	-1874.386	-2063.359	188.9739	0.193393	1.775253	1.603754
19974	-1886.527	-2075.062	188.5352	0.1659216	1.762612	1.977921
19980	-1882.195	-2071.073	188.8787	0.2196444	2.007568	1.444289
19986	-1880.363	-2069.436	189.0731	0.1840598	2.177553	1.238003
19992	-1884.834	-2074.181	189.3465	0.1935567	2.17497	0.961578
19998	-1888.197	-2077.395	189.1972	0.2032019	2.299541	0.9571649
20004	-1899.195	-2088.363	189.1675	0.2257771	2.324563	0.8916702
20010	-1883.931	-2073.291	189.3602	0.178315	2.16063	1.010417
20016	-1895.458	-2084.711	189.2534	0.1637311	2.123017	1.186933
20022	-1889.312	-2078.638	189.3264	0.1733396	2.03074	1.176239
20028	-1889.992	-2079.018	189.0264	0.2011412	2.179647	1.231591
20034	-1891.805	-2081.045	189.2404	0.2110273	2.187531	1.003935
20040	-1905.134	-2094.143	189.009	0.2005079	2.038106	1.362512
20046	-1906.742	-2095.999	189.2574	0.1698895	2.036422	1.239864
20052	-1893.805	-2083.056	189.2512	0.2007897	1.982598	1.208993
20058	-1893.652	-2082.851	189.199	0.2109254	1.88288	1.310261
20064	-1891.109	-2079.819	188.7103	0.2109254	1.88288	1.678453
20070	-1895.353	-2083.854	188.5008	0.3045912	1.835687	1.689324
20076	-1883.774	-2071.906	188.1327	0.1787579	1.693089	2.25964
20082	-1881.201	-2068.987	187.786	0.2552814	1.674791	2.352961
20088	-1889.658	-2077.378	187.7198	0.2603216	1.720885	2.357534
20094	-1875.568	-2063.003	187.4347	0.2603216	1.586584	2.620018
20100	-1871.054	-2058.098	187.0433	0.2284609	1.496574	2.964763
20106	-1898.94	-2084.879	185.9389	0.28249	1.358229	3.615585
20112	-1889.833	-2077.379	187.5465	0.2763578	1.437857	2.618028
20118	-1884.609	-2070.996	186.3862	0.2304604	1.372998	3.424422
20124	-1898.536	-2084.304	185.7681	0.3004153	1.287023	3.731026
20130	-1891.619	-2077.37	185.7516	0.2832104	1.344384	3.731026
20136	-1893.964	-2078.56	184.5969	0.2322043	1.267148	4.506935
20142	-1881.268	-2066.663	185.3943	0.27402	1.187011	4.039266
20148	-1884.158	-2069.132	184.9737	0.2127294	1.290517	4.312089
20154	-1890.865	-2075.642	184.7774	0.2650326	1.346018	4.312089
20160	-1895.932	-2081.618	185.6855	0.1912648	1.302029	3.936845
20166	-1879.291	-2065.679	186.3874	0.1912648	1.428988	3.45747
20172	-1890.661	-2076.669	186.0086	0.181532	1.406051	3.708509
20178	-1885.619	-2071.692	186.0732	0.2363062	1.343437	3.614784
20184	-1882.919	-2069.076	186.1568	0.1599737	1.293065	3.728891
20190	-1892.36	-2078.753	186.3926	0.2153783	1.350165	3.458751
20196	-1885.604	-2070.232	184.6284	0.221449	1.288061	4.494242
20202	-1897.028	-2080.421	183.3925	0.1870904	1.220631	5.276927
20208	-1896.949	-2083.566	186.6167	0.1870904	1.441662	3.323111
20214	-1895.544	-2082.425	186.8812	0.2757723	1.382834	3.056342
20220	-1894.54	-2080.629	186.0894	0.2186863	1.389241	3.607116
20226	-1897.768	-2084.524	186.7565	0.2031628	1.461919	3.199827
20232	-1900.684	-2087.567	186.8834	0.1645936	1.453449	3.201417
20238	-1890.645	-2078.115	187.4697	0.1692018	1.625181	2.736278
20244	-1890.162	-2077.715	187.5533	0.1732462	1.487701	2.761104
20250	-1889.291	-2076.752	187.4608	0.1963379	1.508016	2.761104
20256	-1883.784	-2071.073	187.2892	0.2268029	1.559831	2.780394
20262	-1880.026	-2068.132	188.1066	0.1611756	1.559831	2.397811
20268	-1879.177	-2067.692	188.5147	0.1642435	1.768844	1.991184
20274	-1892.597	-2081.173	188.5763	0.1639908	1.773827	1.947173
20280	-1896.456	-2085.232	188.776	0.2610326	1.915745	1.50749
20286	-1897.253	-2086.106	188.8529	0.2114518	1.881243	1.575569
20292	-1882.584	-2071.457	188.8732	0.204514	1.881243	1.575569
20298	-1901.208	-2089.802	188.5934	0.2329518	1.677519	1.85996
20304	-1903.471	-2091.234	187.7632	0.3091033	1.658463	2.294711
20310	-1905.001	-2093.023	188.0222	0.2084273	1.658463	2.294711
20316	-1892.415	-2079.891	187.4767	0.2084273	1.770897	2.567398
20322	-1883.788	-2072.446	188.6574	0.18119	1.754963	1.867081
20328	-1887.937	-2076.122	188.1847	0.1857069	1.672578	2.225292
20334	-1890.357	-2078.583	188.226	0.1652668	1.672578	2.241105
20340	-1879.66	-2068.082	188.4217	0.1842992	1.772795	2.007324
20346	-1899.542	-2087.756	188.2139	0.182797	1.887511	2.072141
20352	-1880.231	-2068.774	188.5426	0.1879217	1.75486	1.930786
20358	-1878.771	-2066.886	188.1153	0.2216427	1.908351	2.047233
20364	-1876.971	-2064.852	187.8808	0.1957692	1.631148	2.425584
20370	-1888.381	-2075.4	187.0185	0.2714052	1.658641	2.813812
20376	-1891.853	-2080.125	188.2719	0.2751079	1.748015	1.956078
20382	-1890.521	-2079.022	188.5003	0.2162781	1.820477	1.857698
20388	-1894.013	-2082.532	188.5183	0.2255159	1.93011	1.751395
20394	-1875.48	-2064.399	188.9185	0.1736818	1.807043	1.665338
20400	-1886.7	-2075.674	188.9741	0.16404	1.779534	1.667896
20406	-1887.402	-2076.019	188.6168	0.1453198	1.880987	1.890867
20412	-1875.563	-2064	188.4368	0.1611586	1.791344	2.034966
20418	-1872.4	-2058.941	186.5414	0.3085385	1.369109	3.220355
20424	-1878.971	-2065.531	186.5607	0.2672589	1.41196	3.242075
20430	-1891.829	-2078.911	187.0814	0.3362519	1.417787	2.830704
20436	-1880.014	-2066.948	186.9341	0.244123	1.496134	3.005173
20442	-1883.972	-2071.164	187.1917	0.1738766	1.44086	3.006954
20448	-1884.455	-2072.083	187.6277	0.1983338	1.557616	2.624438
20454	-1888.287	-2075.996	187.7087	0.1710017	1.557616	2.627292
20460	-1891.139	-2078.692	187.5538	0.2052894	1.606187	2.627292
20466	-1882.272	-2070.245	187.9736	0.2660005	1.722035	2.184815
20472	-1884.291	-2072.616	188.3249	0.2411436	1.784294	1.954562
20478	-1884.924	-2072.19	187.2659	0.2647817	1.531241	2.750788
20484	-1880.101	-2067.674	187.5729	0.1844204	1.449366	2.750788
20490	-1880.607	-2068.173	187.5662	0.2289462	1.427168	2.688411
20496	-1876.984	-2063.628	186.6441	0.2193383	1.410121	3.269258
20502	-1885.866	-2072.626	186.7604	0.2211537	1.529576	3.12646
20508	-1889.978	-2077.531	187.5528	0.2979331	1.684239	2.428201
20514	-1893.086	-2080.846	187.7599	0.2355617	1.555193	2.477728
20520	-1892.276	-2079.6	187.324	0.1534317	1.400664	2.992751
20526	-1899.471	-2086.11	186.6393	0.1716796	1.392197	3.367702
20532	-1885.863	-2073.209	187.3456	0.2107831	1.427908	2.853888
20538	-1877.211	-2064.811	187.6009	0.2446559	1.547147	2.566719
20544	-1885.859	-2073.265	187.4061	0.2177611	1.565988	2.720721
20550	-1884.781	-2072.086	187.3056	0.2177611	1.552016	2.790593
20556	-1897.466	-2084.489	187.0233	0.2555764	1.43942	2.967652
20562	-1898.426	-2086.423	187.9961	0.1875983	1.600171	2.388208
20568	-1911.017	-2099.474	188.4561	0.1875983	1.670691	2.045459
20574	-1913.145	-2101.099	187.9536	0.3194442	1.577689	2.209192
20580	-1896.677	-2085.384	188.7069	0.1734425	1.674117	1.905262
20586	-1897.821	-2086.363	188.5423	0.2233531	1.885556	1.769962
20592	-1894.123	-2082.514	188.3911	0.1837844	1.933133	1.921425
20598	-1871.909	-2060.01	188.1017	0.2687359	1.824185	2.029372
20604	-1888.405	-2076.43	188.0249	0.2641142	1.770684	2.122828
20610	-1885.354	-2071.076	185.7222	0.281605	1.370728	3.735011
20616	-1894.716	-2082.054	187.338	0.2827753	1.491582	2.703685
20622	-1880.874	-2068.496	187.623	0.2567925	1.583152	2.510833
20628	-1875.765	-2063.832	188.0666	0.1876538	1.710059	2.273215
20634	-1880.668	-2068.483	187.8151	0.2734077	1.72494	2.273215
20640	-1892.468	-2080.283	187.8142	0.2162529	1.658795	2.41224
20646	-1889.339	-2076.866	187.5267	0.2334335	1.644332	2.571135
20652	-1896.027	-2083.638	187.6105	0.2743949	1.58797	2.487912
20658	-1890.658	-2078.183	187.5248	0.2769818	1.667289	2.487912
20664	-1895.647	-2083.13	187.4827	0.3001679	1.525864	2.567794
20670	-1887.741	-2075.399	187.6577	0.2346478	1.545506	2.549105
20676	-1897.633	-2084.675	187.0418	0.2302042	1.514094	2.952261
20682	-1891.57	-2079.032	187.4616	0.2068213	1.612677	2.67736
20688	-1878.834	-2066.388	187.5545	0.2695064	1.505792	2.581507
20694	-1887.403	-2074.942	187.5396	0.2499429	1.570669	2.581507
20700	-1895.798	-2083.211	187.412	0.3441999	1.629975	2.485835
20706	-1878.3	-2066.44	188.1401	0.305971	1.75813	1.988372
20712	-1897.691	-2085.408	187.7174	0.2917531	1.75813	2.286107
20718	-1888.76	-2076.511	187.7504	0.2314921	1.678699	2.413043
20724	-1887.419	-2074.697	187.278	0.2677277	1.594826	2.699901
20730	-1885.927	-2073.961	188.0338	0.2694177	1.861081	2.04877
20736	-1883.41	-2071.765	188.3544	0.2033762	1.734805	2.038679
20742	-1882.284	-2070.627	188.3432	0.1846853	1.626674	2.154382
20748	-1887.803	-2076.268	188.4641	0.2614078	1.72314	1.865917
20754	-1889.016	-2077.357	188.3408	0.243089	1.815928	1.919064
20760	-1891.603	-2080.732	189.1295	0.2436649	1.815928	1.346952
20766	-1876.315	-2065.289	188.9747	0.2436649	1.787484	1.488534
20772	-1873.644	-2062.238	188.594	0.2085245	1.830594	1.801656
20778	-1880.67	-2069.369	188.6989	0.2180626	1.688853	1.808111
20784	-1891.472	-2079.996	188.524	0.1872927	1.929341	1.825874
20790	-1882.636	-2071.221	188.5848	0.3011221	1.838964	1.632647
20796	-1894.689	-2083.451	188.7618	0.2021012	1.694731	1.792612
20802	-1887.869	-2076.389	188.5196	0.2728176	1.771654	1.774515
20808	-1884.25	-2072.757	188.5067	0.239627	1.76277	1.848623
20814	-1878.379	-2067.1	188.7214	0.1891912	1.806392	1.770227
20820	-1886.715	-2075.158	188.4433	0.2878314	1.817518	1.770227
20826	-1872.521	-2061.189	188.6683	0.2867613	1.909713	1.544855
20832	-1871.65	-2060.463	188.8127	0.2302082	2.019264	1.463271
20838	-1888.338	-2077.292	188.9541	0.2807407	1.994437	1.268179
20844	-1878.305	-2067.235	188.9305	0.198661	1.994437	1.461413
20850	-1881.883	-2070.338	188.4543	0.198661	1.775691	1.954136
20856	-1895.761	-2084.703	188.9414	0.198661	1.81286	1.588426
20862	-1892.572	-2081.573	189.0013	0.2109883	1.939269	1.421667
20868	-1892.535	-2080.779	188.2434	0.2139277	1.728535	2.095768
20874	-1884.568	-2072.865	188.2972	0.2016607	1.728535	2.083994
20880	-1882.216	-2070.492	188.2759	0.2916054	1.727648	1.940218
20886	-1898.237	-2086.736	188.4989	0.1513534	1.695188	2.079687
20892	-1890.292	-2078.563	188.2711	0.1921582	1.646299	2.173496
20898	-1891.601	-2078.955	187.3542	0.270226	1.524556	2.692431
20904	-1895.545	-2082.543	186.9976	0.266465	1.500614	2.929614
20910	-1887.43	-2074.409	186.9797	0.2756276	1.449227	2.957633
20916	-1883.32	-2070.73	187.4103	0.2006986	1.654374	2.694354
20922	-1888.86	-2076.999	188.1397	0.1759319	1.563785	2.343563
20928	-1904.627	-2093.289	188.6623	0.1759319	1.710991	1.90505
20934	-1902.014	-2088.736	186.7215	0.221957	1.442575	3.199864
20940	-1897.477	-2085.4	187.9229	0.2364288	1.522805	2.394068
20946	-1894.326	-2082.63	188.3031	0.1768548	1.672484	2.166799
20952	-1901.625	-2089.869	188.2444	0.2233423	1.467997	2.24705
20958	-1894.094	-2082.276	188.1817	0.2193058	1.567926	2.230385
20964	-1894.386	-2082.241	187.8549	0.3416926	1.802638	2.095273
20970	-1899.191	-2088.052	188.8612	0.2052608	1.826306	1.622669
20976	-1897.058	-2085.864	188.8062	0.2080781	1.81349	1.665473
20982	-1892.069	-2081.151	189.0819	0.226798	1.816505	1.419619
20988	-1895.139	-2084.123	188.9848	0.239357	1.924143	1.384809
20994	-1881.443	-2070.451	189.0089	0.239357	1.941231	1.352322
21000	-1884.784	-2073.379	188.5947	0.239357	1.87554	1.709415
21006	-1892.104	-2080.692	188.5884	0.2723992	1.796664	1.709415
21012	-1884.398	-2073.134	188.7365	0.2374582	1.872057	1.614128
21018	-1890.807	-2079.374	188.5664	0.2205603	1.785674	1.82786
21024	-1882.327	-2070.941	188.6137	0.2205603	1.795136	1.788675
21030	-1879.445	-2068.525	189.0804	0.2799315	2.108996	1.058227
21036	-1881.707	-2070.672	188.9657	0.2290416	1.981965	1.376447
21042	-1877.574	-2066.538	188.9635	0.2170207	2.12723	1.288887
21048	-1878.27	-2067.378	189.1075	0.2098066	2.216863	1.105899
21054	-1876.653	-2065.853	189.2003	0.2249311	2.080963	1.105899
21060	-1880.465	-2069.698	189.2334	0.195728	2.361491	0.8735873
21066	-1874.378	-2063.709	189.3309	0.1776308	2.3526	0.834599
21072	-1882.113	-2071.575	189.4612	0.1605541	2.320047	0.7797948
21078	-1876.247	-2065.511	189.2644	0.2142618	2.294039	0.8520194
21084	-1872.578	-2061.763	189.1845	0.1728323	2.216361	1.139203
21090	-1868.726	-2057.663	188.937	0.2578796	2.036486	1.294515
21096	-1881.716	-2070.72	189.0038	0.2884101	2.027999	1.182229
21102	-1880.65	-2069.722	189.0718	0.2387425	2.085722	1.182229
21108	-1900.591	-2089.565	188.9741	0.2627968	2.013901	1.272352
21114	-1891.646	-2080.46	188.8138	0.2815393	1.895839	1.455571
21120	-1892.455	-2081.348	188.8928	0.3159968	1.937998	1.297088
21126	-1884.162	-2072.808	188.646	0.3159968	1.863075	1.545588
21132	-1889.243	-2077.326	188.0831	0.2211155	1.381091	2.409067
21138	-1873.587	-2061.011	187.4238	0.3334999	1.459511	2.59894
21144	-1885.816	-2072.412	186.5958	0.2499459	1.245132	3.34582
21150	-1887.925	-2074.182	186.2571	0.2378251	1.407146	3.468239
21156	-1881.928	-2069.149	187.2206	0.2605561	1.561972	2.766206
21162	-1884.516	-2072.846	188.33	0.2404564	1.705364	2.005197
21168	-1896.045	-2083.812	187.7666	0.2929703	1.601679	2.352605
21174	-1883.131	-2070.944	187.8133	0.2209993	1.44836	2.536248
21180	-1884.908	-2072.598	187.6901	0.2504593	1.491654	2.536248
21186	-1890.762	-2079.178	188.4166	0.1522738	1.727403	2.110462
21192	-1874.229	-2061.93	187.7014	0.2391924	1.656025	2.445016
21198	-1881.168	-2069.387	188.2186	0.2391924	1.83463	1.995531
21204	-1877.604	-2065.915	188.3104	0.2391924	1.759327	1.984549
21210	-1882.402	-2071.161	188.7591	0.2023757	1.868877	1.671499
21216	-1891.756	-2080.768	189.0121	0.2339015	1.956611	1.349279
21222	-1883.605	-2072.476	188.8711	0.2456571	2.090674	1.329632
21228	-1873.78	-2062.776	188.9961	0.2226023	2.110949	1.262506
21234	-1872.788	-2061.765	188.9773	0.2304917	2.054912	1.305859
21240	-1876.814	-2065.838	189.0236	0.2380876	2.054912	1.250808
21246	-1879.639	-2068.848	189.2087	0.223579	2.078233	1.104149
21252	-1885.215	-2074.069	188.8532	0.2281937	2.021998	1.434463
21258	-1879.159	-2068.004	188.8449	0.2026721	2.031835	1.488827
21264	-1879.579	-2068.382	188.8034	0.2398178	1.727159	1.665714
21270	-1877.327	-2066.093	188.7661	0.2398178	1.753024	1.673835
21276	-1887.918	-2076.218	188.3001	0.2398178	1.625708	2.078869
21282	-1877.942	-2065.747	187.8048	0.3538917	1.603773	2.240299
21288	-1883.061	-2071.112	188.051	0.2396225	1.627294	2.240299
21294	-1898.077	-2086.403	188.3259	0.2127243	1.692832	2.067273
21300	-1890.46	-2078.566	188.1061	0.1930508	1.647604	2.27729
21306	-1883.474	-2071.364	187.8905	0.2092541	1.525309	2.460859
21312	-1884.193	-2070.34	186.1469	0.2354822	1.442723	3.515479
21318	-1887.326	-2074.535	187.2091	0.181814	1.609723	2.879509
21324	-1888.47	-2076.313	187.8425	0.2461906	1.757869	2.279094
21330	-1895.894	-2084.712	188.8185	0.1340073	1.713122	1.895831
21336	-1882.874	-2071.65	188.7755	0.2393708	1.934747	1.535877
21342	-1886.106	-2074.577	188.4716	0.1619174	1.690715	2.076739
21348	-1879.353	-2067.4	188.0468	0.1864206	1.685113	2.30431
21354	-1890.957	-2078.377	187.4195	0.2054691	1.638594	2.689715
21360	-1885.419	-2073.914	188.4946	0.1647761	1.675952	2.065016
21366	-1870.797	-2058.909	188.112	0.2113261	1.590925	2.275097
21372	-1881.324	-2069.191	187.8672	0.2831755	1.583796	2.314859
21378	-1886	-2074.08	188.0801	0.2546599	1.684469	2.158856
21384	-1894.77	-2082.725	187.9545	0.2546599	1.73597	2.206902
21390	-1896.039	-2083.518	187.4799	0.2762484	1.542148	2.594872
21396	-1886.462	-2074.845	188.3826	0.2161575	1.551535	2.116361
21402	-1894.323	-2082.686	188.3627	0.2853114	1.705601	1.906676
21408	-1876.174	-2064.707	188.533	0.2554289	1.752398	1.809035
21414	-1879.378	-2067.59	188.2122	0.2554289	1.752398	2.02607
21420	-1882.861	-2070.667	187.8059	0.2383947	1.649511	2.384577
21426	-1889.032	-2076.424	187.3917	0.1889054	1.407239	2.878118
21432	-1888.296	-2076.341	188.0456	0.1832609	1.509651	2.422621
21438	-1889.727	-2077.627	187.9008	0.2122067	1.617014	2.391271
21444	-1907.518	-2095.223	187.705	0.3014644	1.644276	2.352027
21450	-1900.431	-2088.002	187.5715	0.3821964	1.604615	2.352027
21456	-1903.779	-2090.604	186.8251	0.3076525	1.541201	2.94958
21462	-1893.529	-2080.601	187.0715	0.3174108	1.515753	2.802469
21468	-1884.333	-2071.732	187.3985	0.2592768	1.545249	2.669434
21474	-1909.923	-2096.391	186.4683	0.2302898	1.239245	3.454946
21480	-1891.159	-2077.981	186.8222	0.3045471	1.321266	3.087427
21486	-1882.635	-2068.128	185.4932	0.2485272	1.200361	4.012222
21492	-1880.604	-2067.406	186.8022	0.2913586	1.511674	3.003923
21498	-1880.882	-2067.946	187.0636	0.2237315	1.424223	3.003923
21504	-1875.244	-2062.307	187.0634	0.2476837	1.384684	2.988815
21510	-1876.979	-2063.788	186.8095	0.2682145	1.472078	3.057038
21516	-1877.186	-2064.399	187.2129	0.1390621	1.541074	3.005823
21522	-1885.253	-2072.773	187.5193	0.2377413	1.558264	2.621785
21528	-1872.929	-2060.558	187.6283	0.1965959	1.712667	2.531115
21534	-1879.206	-2066.821	187.6152	0.2034729	1.705291	2.531115
21540	-1876.854	-2064.538	187.6836	0.2106338	1.615934	2.531115
21546	-1876.615	-2064.324	187.7093	0.3536374	1.611181	2.297181
21552	-1875.978	-2063.344	187.366	0.3040636	1.603952	2.586118
21558	-1874.88	-2063.215	188.3345	0.2198675	1.814107	1.967335
21564	-1884.639	-2073.632	188.9929	0.2198675	1.865727	1.464901
21570	-1880.527	-2069.186	188.659	0.2518942	1.865727	1.647037
21576	-1890.274	-2079.159	188.8851	0.2437071	1.978923	1.410725
21582	-1886.634	-2075.191	188.5572	0.2865333	1.874468	1.651709
21588	-1886.63	-2075.37	188.7404	0.2612094	1.951744	1.506893
21594	-1892.623	-2081.509	188.8866	0.2187886	1.919384	1.506893
21600	-1891.277	-2079.215	187.9381	0.2187886	1.725409	2.286608
21606	-1884.119	-2071.931	187.8121	0.2395299	1.611053	2.403039
21612	-1888.731	-2076.914	188.183	0.2269089	1.762456	2.089079
21618	-1878.432	-2066.871	188.4387	0.2269089	1.800859	1.892704
21624	-1879.084	-2067.311	188.2262	0.3048211	1.791667	1.909696
21630	-1880.707	-2069.078	188.3706	0.246206	1.791667	1.909696
21636	-1888.898	-2076.522	187.6234	0.2527186	1.728405	2.426076
21642	-1890.988	-2079.323	188.3355	0.233464	1.740492	1.990666
21648	-1885.405	-2074.001	188.5962	0.2810076	1.748614	1.722913
21654	-1885.533	-2073.744	188.2108	0.2702656	1.731854	2.015677
21660	-1887.718	-2075.083	187.3646	0.2950072	1.560025	2.627217
21666	-1887.072	-2074.851	187.7793	0.2069198	1.628909	2.46991
21672	-1876.96	-2064.321	187.3612	0.2744444	1.628137	2.617891
21678	-1883.356	-2071.268	187.912	0.2656953	1.652443	2.269894
21684	-1886.092	-2073.465	187.373	0.3218428	1.599085	2.559764
21690	-1882.943	-2070.694	187.7507	0.2083735	1.509284	2.559764
21696	-1890.629	-2077.925	187.2955	0.2552178	1.486338	2.77499
21702	-1887.735	-2075.182	187.4467	0.2158416	1.442081	2.77499
21708	-1885.913	-2071.997	186.0834	0.2268099	1.26096	3.671738
21714	-1883.841	-2069.586	185.7457	0.1911225	1.235537	3.940685
21720	-1899.587	-2086.304	186.7168	0.2800671	1.151942	3.284739
21726	-1899.781	-2086.376	186.5957	0.2395083	1.407866	3.266346
21732	-1886.008	-2072.837	186.8288	0.2395083	1.425424	3.117723
21738	-1890.311	-2078.079	187.7675	0.2289725	1.454466	2.547125
21744	-1886.043	-2073.478	187.435	0.2123257	1.47658	2.767218
21750	-1890.636	-2077.84	187.204	0.2584477	1.556267	2.783085
21756	-1894.288	-2082.138	187.8494	0.2781534	1.504999	2.383994
21762	-1895.127	-2082.743	187.6155	0.2495464	1.56993	2.535472
21768	-1893.068	-2079.036	185.9675	0.2399274	1.296534	3.697541
21774	-1899.625	-2085.92	186.295	0.2399274	1.390947	3.452229
21780	-1896.846	-2083.048	186.202	0.3820997	1.502498	3.24954
21786	-1900.461	-2087.66	187.1992	0.2942447	1.374404	2.843164
21792	-1891.005	-2077.673	186.6684	0.2942447	1.488661	3.093652
21798	-1888.092	-2076.465	188.3732	0.2307835	1.688693	2.005014
21804	-1895.535	-2083.838	188.3035	0.2882809	1.692189	1.950884
21810	-1888.95	-2076.983	188.0333	0.2775011	1.651845	2.173144
21816	-1887.85	-2075.807	187.9565	0.3169725	1.651845	2.16286
21822	-1888.42	-2077.448	189.0281	0.2930803	1.891959	1.267284
21828	-1884.253	-2072.878	188.6252	0.2992858	1.753108	1.668343
21834	-1883.024	-2071.624	188.6007	0.2438462	1.775089	1.767294
21840	-1883.158	-2071.475	188.3172	0.3014654	1.84282	1.817857
21846	-1885.662	-2073.766	188.1048	0.3897575	1.95569	1.756327
21852	-1892.531	-2080.882	188.3512	0.3897575	2.136297	1.445454
21858	-1901.486	-2089.468	187.9818	0.2654082	1.436198	2.363761
21864	-1889.111	-2077.132	188.0205	0.3310606	1.756382	2.031696
21870	-1882.481	-2069.949	187.4682	0.3209888	1.588505	2.508281
21876	-1877.077	-2065.264	188.1872	0.2414124	1.63858	2.141624
21882	-1884.992	-2072.783	187.7911	0.296685	1.717173	2.257664
21888	-1870.765	-2059.442	188.6772	0.2051699	1.858093	1.731302
21894	-1871.966	-2060.356	188.3905	0.2662939	1.893092	1.791163
21900	-1891.256	-2080.305	189.0494	0.3289472	1.994688	1.088286
21906	-1882.284	-2070.954	188.6702	0.3306816	1.934392	1.449395
21912	-1879.271	-2068.054	188.7835	0.2730952	1.929606	1.468672
21918	-1884.255	-2072.48	188.2254	0.3885884	1.639583	1.892638
21924	-1883.358	-2071.221	187.8626	0.2674149	1.614905	2.322739
21930	-1878.502	-2066.816	188.3144	0.3226684	1.598645	1.953119
21936	-1882.891	-2071.3	188.4085	0.2125784	1.610367	2.067437
21942	-1877.904	-2065.771	187.8667	0.2679911	1.615658	2.318696
21948	-1882.637	-2071.15	188.5132	0.2291852	1.885099	1.779286
21954	-1894.158	-2081.555	187.3972	0.2044675	1.718229	2.656267
21960	-1890.779	-2078.138	187.3593	0.2316213	1.539289	2.741999
21966	-1895.756	-2082.995	187.2387	0.2095158	1.478654	2.890145
21972	-1899.535	-2086.298	186.7622	0.2743066	1.361781	3.141955
21978	-1891.091	-2077.324	186.2326	0.2099455	1.37082	3.549178
21984	-1896.795	-2081.22	184.425	0.2418786	1.039521	4.716362
21990	-1899.478	-2083.52	184.042	0.2654944	1.136395	4.841962
21996	-1888.101	-2074.851	186.75	0.2654944	1.461407	3.102962
22002	-1881.762	-2068.439	186.6776	0.3065331	1.435161	3.102962
22008	-1877.485	-2064.69	187.205	0.2352982	1.383832	2.924019
22014	-1885.375	-2072.794	187.4191	0.2860403	1.348099	2.737072
22020	-1890.12	-2077.776	187.6565	0.1897826	1.428419	2.702266
22026	-1894.888	-2081.647	186.759	0.2000889	1.422116	3.22731
22032	-1892.841	-2078.324	185.483	0.2792319	1.14344	4.006209
22038	-1886.861	-2072.306	185.4449	0.2468621	1.147523	4.072389
22044	-1894.509	-2079.815	185.3062	0.2685885	1.176557	4.103152
22050	-1901.533	-2087.205	185.6717	0.3162719	1.203075	3.814056
22056	-1885.581	-2073.061	187.4797	0.2431062	1.464426	2.695154
22062	-1888.525	-2074.731	186.2059	0.3718754	1.464426	3.281847
22068	-1893.236	-2080.007	186.7706	0.3629482	1.507023	2.93073
22074	-1888.534	-2075.559	187.0242	0.2747481	1.451596	2.93073
22080	-1894.006	-2081.375	187.3697	0.2959858	1.4317	2.70165
22086	-1894.657	-2081.474	186.8173	0.2625379	1.473892	3.0598
22092	-1890.757	-2077.247	186.4909	0.2625379	1.438939	3.274411
22098	-1898.712	-2085.68	186.9681	0.2871348	1.345231	3.010305
22104	-1890.8	-2077.662	186.8622	0.2771649	1.475224	3.010305
22110	-1899.821	-2087.451	187.6305	0.2244158	1.617949	2.538489
22116	-1882.989	-2070.565	187.5756	0.2244158	1.672817	2.538489
22122	-1889.231	-2076.916	187.6849	0.2514453	1.490694	2.538489
22128	-1889.408	-2075.589	186.1807	0.1915462	1.388373	3.601064
22134	-1883.3	-2070.816	187.5163	0.2170045	1.610384	2.626973
22140	-1886.133	-2073.326	187.1929	0.1718856	1.403012	3.032774
22146	-1895.324	-2082.277	186.9538	0.1902507	1.587146	3.030925
22152	-1912.209	-2100.084	187.8749	0.1402284	1.587146	2.571656
22158	-1907.03	-2094.372	187.3421	0.1666518	1.519898	2.88302
22164	-1894.696	-2082.625	187.9294	0.2099512	1.666109	2.346122
22170	-1901.119	-2089.461	188.3425	0.2989399	1.810172	1.82696
22176	-1881.343	-2069.727	188.3839	0.1856836	1.776681	2.027032
22182	-1889.755	-2078.422	188.6671	0.2416252	1.766634	1.730893
22188	-1885.126	-2073.968	188.8414	0.1899569	1.74154	1.730003
22194	-1895.273	-2084.063	188.7896	0.1956409	1.787366	1.721978
22200	-1892.502	-2080.83	188.3276	0.3019777	1.792112	1.844766
22206	-1899.322	-2088.033	188.7107	0.2065479	1.939803	1.646568
22212	-1892.432	-2081.11	188.6781	0.2097828	1.940784	1.662496
22218	-1884.462	-2073.585	189.1233	0.2201313	1.898106	1.337719
22224	-1882.738	-2071.921	189.1828	0.1711178	1.916	1.393933
22230	-1884.356	-2073.368	189.0123	0.2235779	1.928165	1.393933
22236	-1887.969	-2077.145	189.176	0.2479925	1.921885	1.212355
22242	-1890.494	-2079.604	189.1096	0.1938967	2.078229	1.264955
22248	-1893.002	-2082.28	189.278	0.1938967	2.124981	1.076907
22254	-1902.49	-2091.663	189.1735	0.2279593	2.080345	1.12317
22260	-1888.997	-2078.196	189.1992	0.2036687	2.112392	1.133644
22266	-1881.244	-2070.519	189.2751	0.1975949	2.165515	1.030463
22272	-1885.387	-2074.604	189.2168	0.2566391	2.219177	0.860899
22278	-1886.835	-2075.835	189.0001	0.2566391	2.079081	1.209114
22284	-1874.388	-2063.556	189.1683	0.2296062	2.170386	1.040028
22290	-1892.159	-2081.242	189.0838	0.2276894	2.143271	1.147719
22296	-1895.661	-2084.777	189.1162	0.2311067	2.159527	1.095334
22302	-1879.647	-2068.935	189.2876	0.1850936	2.043475	1.166346
22308	-1870.873	-2059.88	189.0061	0.1918141	1.964033	1.442782
22314	-1882.762	-2071.714	188.9518	0.2332885	2.034406	1.336687
22320	-1887.697	-2076.881	189.1838	0.1793624	2.131518	1.195684
22326	-1892.676	-2081.613	188.9375	0.1677026	1.916032	1.587035
22332	-1871.598	-2060.483	188.8843	0.1677026	1.969248	1.587035
22338	-1880.56	-2069.508	188.9476	0.1677026	1.969389	1.540406
22344	-1879.207	-2068.42	189.2127	0.1601863	2.026883	1.311029
22350	-1874.715	-2063.875	189.1598	0.172211	2.039911	1.311029
22356	-1885.083	-2074.476	189.393	0.1248078	2.025528	1.269057
22362	-1883.146	-2072.503	189.357	0.1495253	2.05332	1.199654
22368	-1884.328	-2073.3	188.971	0.2712183	2.05332	1.224414
22374	-1886.556	-2075.155	188.5986	0.1457874	1.846748	1.925237
22380	-1879.825	-2068.689	188.8639	0.1721945	1.836856	1.686436
22386	-1879.194	-2067.878	188.6842	0.1721945	1.96098	1.725757
22392	-1879.706	-2068.564	188.8578	0.1837933	1.96098	1.574568
22398	-1888.977	-2077.865	188.8876	0.1417046	2.040546	1.598059
22404	-1879.545	-2068.817	189.2726	0.1420947	1.803194	1.487726
22410	-1876.553	-2064.833	188.2797	0.2539191	1.803194	1.949685
22416	-1873.836	-2062.833	188.9969	0.1927777	1.864479	1.522615
22422	-1884.043	-2073.065	189.0224	0.1853563	1.842362	1.537078
22428	-1883.877	-2072.551	188.6739	0.3178917	1.842362	1.537078
22434	-1891.784	-2080.275	188.491	0.2213534	1.969321	1.751191
22440	-1882.804	-2071.584	188.7802	0.2400704	1.903877	1.553847
22446	-1884.493	-2073.16	188.6668	0.2400704	1.897393	1.641128
22452	-1884.808	-2073.578	188.7703	0.2400704	1.834123	1.612075
22458	-1880.226	-2068.772	188.5462	0.2963379	1.983808	1.563448
22464	-1878.197	-2066.714	188.5168	0.2168546	1.776195	1.875505
22470	-1871.581	-2060.43	188.8486	0.2177031	1.772789	1.644393
22476	-1875.961	-2064.933	188.972	0.2177031	1.845471	1.500579
22482	-1880.733	-2069.3	188.5674	0.232509	1.834116	1.770639
22488	-1885.308	-2074.052	188.7441	0.2731098	1.910426	1.512721
22494	-1881.209	-2070.24	189.0314	0.2404733	1.923201	1.346361
22500	-1890.336	-2079.145	188.8094	0.2169774	1.895558	1.585343
22506	-1883.236	-2071.972	188.7357	0.2169774	1.969213	1.585343
22512	-1883.418	-2072.596	189.178	0.1912179	1.864621	1.388147
22518	-1889.045	-2077.9	188.8546	0.1692744	1.89441	1.658794
22524	-1887.922	-2076.483	188.5609	0.1487389	1.732409	2.020112
22530	-1890.037	-2078.339	188.3019	0.2380991	1.732409	2.010099
22536	-1886.317	-2074.334	188.0169	0.3079414	1.750819	2.071928
22542	-1881.397	-2069.593	188.1953	0.2216416	1.740611	2.105018
22548	-1894.046	-2082.607	188.5606	0.2169747	1.731317	1.876056
22554	-1906.12	-2091.945	185.8251	0.2166998	1.19043	3.877662
22560	-1903.936	-2093.143	189.207	0.1577741	1.758517	1.529078
22566	-1884.208	-2072.749	188.5412	0.2274076	1.805921	1.818138
22572	-1889.718	-2078.265	188.5464	0.1898772	1.807729	1.888297
22578	-1889.587	-2077.716	188.1294	0.1898772	1.873672	2.122209
22584	-1890.442	-2078.559	188.1167	0.291006	1.818912	1.986791
22590	-1890.903	-2079.224	188.3207	0.2705573	1.691133	1.969007
22596	-1891.9	-2079.806	187.9056	0.2624863	1.706721	2.244347
22602	-1887.415	-2075.808	188.3931	0.2105919	1.781694	1.967615
22608	-1883.496	-2071.502	188.0059	0.23682	1.638037	2.267183
22614	-1879.518	-2067.356	187.8385	0.2138694	1.580893	2.450269
22620	-1893.135	-2080.558	187.4222	0.2087327	1.56194	2.729206
22626	-1886.711	-2073.824	187.1126	0.2953309	1.600378	2.756764
22632	-1882.405	-2069.637	187.2327	0.3064328	1.499018	2.729479
22638	-1882.136	-2068.682	186.546	0.2802126	1.407935	3.234231
22644	-1873.91	-2061.527	187.6169	0.2761774	1.544012	2.508656
22650	-1872.609	-2060.981	188.3726	0.2455137	1.571525	2.056786
22656	-1880.119	-2068.814	188.695	0.2455137	1.639536	1.792969
22662	-1875.445	-2064.173	188.728	0.2463233	1.782794	1.667432
22668	-1887.417	-2075.544	188.1276	0.3351586	1.839605	1.898056
22674	-1912.612	-2099.845	187.2333	0.2724226	1.555276	2.744325
22680	-1893.518	-2082.205	188.6874	0.2856144	1.929372	1.518106
22686	-1886.644	-2075.615	188.9709	0.2614045	1.987715	1.299269
22692	-1884.857	-2073.808	188.9517	0.2614045	2.006898	1.299269
22698	-1880.417	-2069.512	189.0954	0.1940545	2.022279	1.321814
22704	-1886.922	-2075.885	188.9628	0.2833552	1.991343	1.258259
22710	-1887.287	-2076.285	188.9982	0.2790615	2.042958	1.193614
22716	-1897.074	-2086.172	189.0979	0.221557	2.14049	1.152831
22722	-1881.981	-2071.147	189.1654	0.2484858	2.179595	0.9835789
22728	-1892.492	-2081.518	189.0262	0.2484858	2.186106	1.110709
22734	-1892.027	-2081.223	189.1955	0.2373752	2.172881	0.9899078
22740	-1903.715	-2092.663	188.9486	0.2207532	1.866523	1.495866
22746	-1882.94	-2071.7	188.76	0.2443754	1.866523	1.587688
22752	-1884.768	-2073.477	188.7089	0.251425	1.845336	1.62664
22758	-1874.231	-2063.025	188.7936	0.251425	1.867658	1.548541
22764	-1878.45	-2067.633	189.1828	0.1950922	1.977983	1.284234
22770	-1881.765	-2071.019	189.2542	0.1950922	2.020425	1.18867
22776	-1891.452	-2080.39	188.9372	0.2099092	1.82724	1.556641
22782	-1889.856	-2077.81	187.9542	0.2632531	1.546773	2.314408
22788	-1889.948	-2077.751	187.8028	0.174241	1.483374	2.608482
22794	-1895.879	-2084.055	188.1758	0.1772043	1.564913	2.317267
22800	-1883.046	-2071.379	188.3329	0.2321227	1.64521	2.0581
22806	-1894.498	-2082.176	187.6788	0.2321227	1.699415	2.443979
22812	-1903.184	-2091.5	188.3159	0.2321227	1.699415	2.033503
22818	-1893.745	-2082.794	189.0489	0.228327	1.846159	1.418887
22824	-1889.407	-2078.144	188.7368	0.2850556	2.012209	1.418887
22830	-1894.845	-2083.146	188.3006	0.268137	1.839513	1.886491
22836	-1881.861	-2070.462	188.6009	0.2719495	1.73888	1.742112
22842	-1891.698	-2079.642	187.9433	0.2490231	1.669239	2.266492
22848	-1893.006	-2081.575	188.5694	0.2407204	1.700461	1.84632
22854	-1891.962	-2080.683	188.7215	0.2180532	1.825807	1.696493
22860	-1901.414	-2089.122	187.7085	0.3063606	1.810115	2.236503
22866	-1897.522	-2086.259	188.7372	0.1915223	1.882957	1.700324
22872	-1884.114	-2072.946	188.8323	0.2528868	2.02254	1.39916
22878	-1889.963	-2079.043	189.0801	0.220015	1.883798	1.383465
22884	-1897.403	-2086.36	188.9566	0.2638948	1.890145	1.383465
22890	-1896.45	-2084.556	188.1062	0.3483287	1.867128	1.874668
22896	-1899.156	-2087.318	188.1618	0.2601565	1.742572	2.057951
22902	-1890.642	-2078.359	187.7175	0.3470953	1.702266	2.242337
22908	-1900.253	-2088.458	188.2048	0.2143285	1.702266	2.137459
22914	-1886.669	-2074.849	188.1803	0.2609489	1.702266	2.070984
22920	-1875.243	-2063.543	188.2996	0.2609489	1.750375	1.959682
22926	-1884.803	-2073.041	188.2383	0.2678909	1.74403	1.993215
22932	-1888.901	-2077.099	188.1988	0.2512658	1.826015	1.993215
22938	-1891.296	-2078.393	187.0972	0.3028558	1.573075	2.772093
22944	-1898.777	-2085.623	186.8462	0.3781317	1.674791	2.764441
22950	-1887.331	-2075.044	187.7123	0.2818408	1.578386	2.418579
22956	-1886.953	-2074.464	187.5115	0.3332436	1.661162	2.418579
22962	-1897.243	-2084.791	187.5485	0.2163059	1.612213	2.607167
22968	-1893.044	-2080.54	187.4961	0.2931387	1.754033	2.42705
22974	-1887.661	-2076.103	188.442	0.2176029	1.660554	2.002432
22980	-1886.942	-2075.011	188.0687	0.2949663	1.75986	2.051684
22986	-1879.11	-2066.998	187.8879	0.2072623	1.740593	2.330188
22992	-1883.642	-2071.848	188.2051	0.1999697	1.740593	2.139728
22998	-1885.794	-2074.34	188.5461	0.1999697	1.739145	1.914292
23004	-1889.285	-2077.317	188.0321	0.2412251	1.966388	2.028357
23010	-1888.823	-2077.154	188.3309	0.293537	1.619831	1.972626
23016	-1885.396	-2073.624	188.2275	0.293537	1.836881	1.896011
23022	-1889.363	-2077.837	188.4749	0.22314	1.91815	1.794549
23028	-1886.672	-2074.863	188.1913	0.2953045	1.858033	1.903402
23034	-1888.465	-2076.324	187.8588	0.2224233	1.768492	2.303223
23040	-1881.349	-2069.99	188.6417	0.2224233	1.946427	1.65865
23046	-1875.299	-2063.813	188.5139	0.2409109	2.035331	1.650228
23052	-1880.077	-2069.248	189.1707	0.1749123	2.14114	1.210839
23058	-1879.07	-2068.306	189.2358	0.200771	2.130562	1.091751
23064	-1890.022	-2079.221	189.1989	0.1665208	2.110202	1.236382
23070	-1896.483	-2084.837	188.3536	0.2267471	1.872942	1.90179
23076	-1897.067	-2085.338	188.2712	0.1886258	1.730006	2.12594
23082	-1896.748	-2084.681	187.9324	0.1987719	1.730006	2.324588
23088	-1890.903	-2078.895	187.9917	0.2014145	1.662831	2.324588
23094	-1883.76	-2072.428	188.6686	0.1942469	1.697447	1.871082
23100	-1886.9	-2074.39	187.4902	0.2257717	1.569641	2.652952
23106	-1885.086	-2072.726	187.64	0.192765	1.515969	2.652952
23112	-1887.372	-2074.578	187.2064	0.2766906	1.477835	2.801566
23118	-1880.555	-2067.728	187.1727	0.2653132	1.537167	2.803156
23124	-1882.839	-2070.791	187.9526	0.3281602	1.576812	2.197903
23130	-1884.431	-2071.548	187.1168	0.2789841	1.532021	2.819723
23136	-1899.194	-2085.836	186.6414	0.204914	1.457882	3.26724
23142	-1886.457	-2074.134	187.6773	0.1943103	1.457882	2.662841
23148	-1887.247	-2073.753	186.5058	0.2513424	1.462168	3.268869
23154	-1894.826	-2082.672	187.8459	0.1883976	1.45311	2.572832
23160	-1886.807	-2074.684	187.8766	0.1783104	1.454021	2.572832
23166	-1884.727	-2072.804	188.0769	0.2820042	1.668762	2.12652
23172	-1895.42	-2083.244	187.8242	0.3177154	1.720753	2.202878
23178	-1889.122	-2077.949	188.8272	0.2162931	1.721907	1.698793
23184	-1898.212	-2086.104	187.8918	0.269475	1.67729	2.260835
23190	-1889.775	-2078.007	188.2318	0.2176264	1.768088	2.070413
23196	-1888.622	-2076.786	188.1646	0.2176264	1.759081	2.120449
23202	-1879.589	-2067.961	188.3718	0.1565613	1.678974	2.161625
23208	-1882.756	-2071.547	188.7908	0.1557904	1.702996	1.868617
23214	-1885.241	-2072.984	187.7434	0.2763133	1.5991	2.394382
23220	-1882.129	-2070.392	188.2628	0.190632	1.680223	2.159875
23226	-1887.75	-2076.53	188.7807	0.1490799	1.852115	1.789013
23232	-1891.696	-2080.14	188.4432	0.2497086	1.906642	1.774634
23238	-1896.898	-2085.534	188.6358	0.218234	1.908036	1.698586
23244	-1886.933	-2074.951	188.0178	0.2317488	1.908036	2.093204
23250	-1898.512	-2087.591	189.0798	0.2474745	2.252749	0.9988425
23256	-1894.412	-2083.53	189.1181	0.2386077	2.206468	1.029936
23262	-1888.818	-2077.927	189.1093	0.2294914	2.153815	1.110973
23268	-1880.51	-2069.678	189.1676	0.2366304	2.175419	1.017146
23274	-1893.493	-2082.513	189.0199	0.2160577	2.286476	1.105831
23280	-1893.608	-2081.492	187.8835	0.2505591	1.452709	2.43942
23286	-1902.29	-2090.577	188.287	0.2257774	1.837645	1.972297
23292	-1883.305	-2072.133	188.8272	0.2171514	1.849268	1.605683
23298	-1884.853	-2073.147	188.2931	0.189704	1.694675	2.132544
23304	-1888.834	-2076.715	187.8814	0.1261684	1.565769	2.613299
23310	-1879.093	-2066.862	187.7682	0.1539455	1.569712	2.61842
23316	-1875.005	-2063.516	188.5103	0.1476401	1.550663	2.175167
23322	-1895.382	-2083.782	188.3996	0.1472625	1.637365	2.191642
23328	-1887.566	-2075.405	187.8392	0.1781171	1.600436	2.505332
23334	-1889.865	-2078.235	188.3693	0.118908	1.595815	2.305812
23340	-1886.194	-2073.894	187.6997	0.1999249	1.48947	2.619119
23346	-1881.85	-2070.469	188.6194	0.1398864	1.627305	2.071873
23352	-1884.495	-2073.422	188.9264	0.1518911	1.772206	1.73624
23358	-1884.069	-2072.644	188.5749	0.1326924	1.750707	2.037235
23364	-1881.374	-2069.899	188.5252	0.1435087	1.643939	2.114224
23370	-1884.06	-2071.67	187.6095	0.1084278	1.494645	2.866082
23376	-1881.271	-2069.394	188.1235	0.1648196	1.619866	2.341314
23382	-1889.455	-2076.967	187.5115	0.1659593	1.568396	2.751969
23388	-1886.414	-2074.755	188.341	0.1407325	1.715242	2.194287
23394	-1883.485	-2071.828	188.3434	0.1928231	1.665566	2.112478
23400	-1884.903	-2073.793	188.8895	0.1856336	1.663688	1.760223
23406	-1894.625	-2083.555	188.9297	0.1560573	1.846982	1.670778
23412	-1897.182	-2086.119	188.9375	0.1041525	1.825884	1.817609
23418	-1884.047	-2072.281	188.2342	0.1722996	1.689969	2.209682
23424	-1882.735	-2071.528	188.793	0.1241268	1.741324	1.919289
23430	-1887.485	-2075.832	188.3472	0.1364281	1.608027	2.269522
23436	-1876.98	-2065.5	188.5193	0.152464	1.625516	2.109457
23442	-1878.928	-2067.141	188.2127	0.1978223	1.704237	2.162619
23448	-1878.504	-2066.728	188.2238	0.1908369	1.714364	2.162619
23454	-1881.512	-2069.019	187.5069	0.2196555	1.518979	2.684373
23460	-1885.913	-2073.5	187.5864	0.1884223	1.531831	2.684373
23466	-1872.222	-2059.892	187.6695	0.1690918	1.510394	2.684373
23472	-1883.313	-2070.755	187.4417	0.2248953	1.569511	2.684373
23478	-1888.016	-2075.175	187.159	0.2656448	1.566594	2.793099
23484	-1892.778	-2080.835	188.0563	0.2543741	1.749904	2.132164
23490	-1893.896	-2082.382	188.4859	0.1606712	1.858914	1.958213
23496	-1900.279	-2088.703	188.4236	0.2041938	1.674359	2.031307
23502	-1880.068	-2068.513	188.4447	0.1485602	1.646522	2.153403
23508	-1878.117	-2065.959	187.842	0.185355	1.621239	2.476325
23514	-1888.297	-2075.899	187.6022	0.2229158	1.616229	2.55975
23520	-1881.712	-2070.528	188.8166	0.1911857	1.871102	1.652944
23526	-1892.278	-2081.343	189.0652	0.1895749	1.927291	1.43086
23532	-1880.554	-2069.527	188.9727	0.1895749	1.903346	1.519023
23538	-1891.04	-2080.072	189.0318	0.2132016	1.862427	1.452265
23544	-1883.599	-2072.31	188.7109	0.176918	1.762938	1.834322
23550	-1883.596	-2072.343	188.7467	0.23112	1.893779	1.603546
23556	-1884.359	-2073.44	189.0814	0.1850934	1.823201	1.508063
23562	-1877.663	-2066.892	189.2289	0.214368	1.921135	1.246119
23568	-1882.113	-2071.111	188.9981	0.2055575	1.921135	1.450182
23574	-1882.245	-2070.625	188.3798	0.2045018	1.864556	1.932773
23580	-1870.367	-2059.224	188.8576	0.2362157	1.948879	1.470186
23586	-1872.303	-2061.147	188.8439	0.2761648	2.044661	1.326111
23592	-1870.224	-2059.246	189.0223	0.211289	1.932527	1.40993
23598	-1884.95	-2073.739	188.7892	0.2496001	1.82906	1.583608
23604	-1869.915	-2058.656	188.7406	0.2221046	2.2349	1.369716
23610	-1878.312	-2067.179	188.8675	0.2168385	2.122905	1.369716
23616	-1871.397	-2060.565	189.1681	0.1984089	2.193422	1.102686
23622	-1883.973	-2072.931	188.9577	0.2636591	2.230616	1.09692
23628	-1880.945	-2069.574	188.6295	0.2636591	2.088776	1.482573
23634	-1879.249	-2067.835	188.5863	0.2636591	2.03311	1.556249
23640	-1875.312	-2063.772	188.4594	0.2436649	1.913197	1.76989
23646	-1866.128	-2054.586	188.4575	0.2440737	1.913197	1.770483
23652	-1878.901	-2067.583	188.682	0.192618	1.909905	1.717944
23658	-1872.112	-2060.853	188.7413	0.2616141	1.836058	1.590873
23664	-1886.758	-2075.386	188.6284	0.2459538	1.985348	1.593892
23670	-1876.913	-2064.846	187.9333	0.2625941	1.658423	2.257401
23676	-1892.597	-2080.416	187.8188	0.3244134	1.493091	2.342727
23682	-1885.158	-2072.225	187.0674	0.3186699	1.648691	2.722078
23688	-1889.801	-2077.193	187.3925	0.2275027	1.550018	2.722078
23694	-1887.47	-2074.904	187.4338	0.3301421	1.550018	2.541071
23700	-1892.003	-2079.958	187.9553	0.2175991	1.561313	2.382222
23706	-1891.63	-2079.589	187.9593	0.2018093	1.571369	2.402361
23712	-1883.449	-2071.266	187.8167	0.166216	1.524068	2.590938
23718	-1887.107	-2074.856	187.7491	0.2743202	1.575388	2.408822
23724	-1889.391	-2077.244	187.8532	0.1944695	1.588255	2.472358
23730	-1891.064	-2078.842	187.7779	0.2458807	1.518107	2.472358
23736	-1902.667	-2090.024	187.3567	0.2508705	1.579183	2.687607
23742	-1891.527	-2079.552	188.0252	0.2361251	1.672747	2.233691
23748	-1901.079	-2089.015	187.9362	0.2377553	1.642292	2.307445
23754	-1890.658	-2077.908	187.2498	0.2253445	1.640309	2.757786
23760	-1887.222	-2075.579	188.3578	0.2535746	1.650981	1.999898
23766	-1889.786	-2077.442	187.656	0.2535746	1.639383	2.460173
23772	-1881.794	-2068.591	186.7973	0.252656	1.417193	3.120731
23778	-1885.665	-2073.937	188.2713	0.2596981	1.70854	2.008666
23784	-1881.926	-2069.391	187.4653	0.3343681	1.580823	2.496452
23790	-1892.883	-2080.697	187.8144	0.2581907	1.643669	2.349959
23796	-1884.823	-2072.699	187.8761	0.3247311	1.581953	2.248851
23802	-1896.578	-2085.104	188.5256	0.3297507	1.805377	1.652937
23808	-1901.24	-2089.509	188.2694	0.2313716	1.765257	2.022044
23814	-1891.643	-2079.791	188.1481	0.3213763	1.664702	2.022044
23820	-1903.708	-2091.681	187.9735	0.230674	1.698593	2.259887
23826	-1902.393	-2089.682	187.2886	0.2913088	1.668518	2.61255
23832	-1901.246	-2089.918	188.6717	0.2555009	1.829781	1.657
23838	-1897.604	-2086.343	188.7392	0.2218453	1.870062	1.644651
23844	-1904.441	-2092.544	188.1024	0.2977392	1.870062	1.951443
23850	-1904.333	-2092.661	188.3286	0.237973	1.769334	1.967848
23856	-1895.794	-2084.309	188.5143	0.2559203	1.759114	1.816414
23862	-1888.509	-2077.322	188.8136	0.1995884	1.833236	1.664013
23868	-1890.904	-2079.482	188.5779	0.2043994	1.842861	1.81268
23874	-1890.359	-2078.61	188.2507	0.3336007	1.70891	1.905503
23880	-1876.814	-2065.505	188.6915	0.2196913	1.837981	1.705884
23886	-1901.588	-2090.187	188.5987	0.2368455	1.860884	1.721754
23892	-1889.88	-2078.893	189.0131	0.2296098	1.854698	1.437136
23898	-1889.726	-2078.181	188.4555	0.2046634	1.854698	1.887916
23904	-1890.721	-2079.576	188.8553	0.1974226	1.909712	1.583308
23910	-1899.052	-2088.021	188.969	0.1769583	1.859909	1.583056
23916	-1897.853	-2086.666	188.8129	0.2131394	1.906187	1.583056
23922	-1886.746	-2075.543	188.7969	0.2028592	1.811954	1.684123
23928	-1892.874	-2081.722	188.8487	0.1955277	1.892923	1.604519
23934	-1876.898	-2065.855	188.957	0.2879927	2.028702	1.222493
23940	-1883.46	-2072.384	188.9236	0.2249486	2.00066	1.403536
23946	-1896.923	-2086.052	189.1293	0.1914246	1.917541	1.384379
23952	-1904.15	-2093.116	188.966	0.2007261	1.914468	1.490339
23958	-1903.833	-2092.651	188.8178	0.2226791	1.949114	1.52784
23964	-1905.7	-2095.144	189.4434	0.1732672	2.138808	0.9646956
23970	-1899.705	-2089.104	189.3996	0.1652745	2.346138	0.8065354
23976	-1898.661	-2087.939	189.278	0.2051407	2.370945	0.7682677
23982	-1884.46	-2073.607	189.1466	0.212718	2.324049	0.9553328
23988	-1878.301	-2067.293	188.9925	0.2669485	2.35361	0.9329286
23994	-1877.931	-2067.352	189.421	0.1606113	2.368571	0.7677594
24000	-1891.951	-2081.368	189.4175	0.1479827	2.296308	0.9154093
24006	-1896.24	-2085.602	189.3621	0.1559825	2.231446	1.011614
24012	-1887.655	-2077.191	189.5358	0.1173241	2.20003	1.011614
24018	-1887.756	-2077.307	189.5509	0.1179592	2.090033	1.099496
24024	-1886.935	-2076.405	189.4695	0.1394362	2.090033	1.099496
24030	-1889.482	-2078.782	189.2999	0.1799137	2.329421	0.8904223
24036	-1880.581	-2069.9	189.3193	0.1769603	2.353986	0.8498113
24042	-1886.399	-2075.731	189.3323	0.143541	2.417031	0.893416
24048	-1887.191	-2076.519	189.3281	0.1508651	2.395235	0.893416
24054	-1888.306	-2077.753	189.4467	0.1469574	2.395235	0.76039
24060	-1876.864	-2065.697	188.834	0.2326766	2.14105	1.346927
24066	-1873.295	-2062.321	189.0258	0.2133284	2.038593	1.318807
24072	-1887.4	-2076.548	189.1481	0.1952232	2.057035	1.247295
24078	-1893.037	-2081.895	188.8573	0.2269234	2.062259	1.402949
24084	-1897.806	-2086.984	189.1786	0.180914	2.062259	1.254395
24090	-1889.783	-2079.147	189.3632	0.1846963	2.130441	1.017296
24096	-1885.322	-2074.38	189.0584	0.2370025	1.985049	1.2822
24102	-1891.782	-2080.706	188.9238	0.2416838	2.107137	1.2822
24108	-1883.376	-2072.408	189.0323	0.2271633	1.952171	1.351438
24114	-1874.771	-2063.812	189.0406	0.2098774	1.910086	1.416322
24120	-1886.875	-2075.49	188.6151	0.3228882	1.787098	1.612462
24126	-1887.217	-2076.054	188.8371	0.2764883	2.000367	1.366126
24132	-1889.301	-2078.167	188.866	0.2764883	1.944944	1.386947
24138	-1898.574	-2087.518	188.9442	0.1874693	1.930289	1.524973
24144	-1893.705	-2082.473	188.768	0.2863732	2.011334	1.392886
24150	-1873.127	-2061.757	188.6304	0.2490649	2.023572	1.558455
24156	-1884.133	-2072.852	188.7188	0.3304027	2.041553	1.328124
24162	-1899.918	-2088.624	188.7067	0.3304027	2.079285	1.307478
24168	-1889.861	-2078.712	188.8503	0.2517873	1.974879	1.424295
24174	-1885.897	-2074.845	188.9476	0.2517873	2.117961	1.231277
24180	-1877.221	-2066.379	189.1586	0.2707501	2.005552	1.102733
24186	-1878.086	-2067.081	188.9945	0.3364281	2.139901	0.9851967
24192	-1872.844	-2061.787	188.9428	0.2966254	2.153196	1.107965
24198	-1881.348	-2070.498	189.1499	0.2694209	2.167776	0.9565
24204	-1888.997	-2078.065	189.0676	0.2551803	2.078502	1.15437
24210	-1883.748	-2072.579	188.8305	0.2446759	2.016353	1.421991
24216	-1883.29	-2072.291	189.0017	0.2135923	1.896432	1.44844
24222	-1889.368	-2078.321	188.9533	0.2504742	1.957684	1.360014
24228	-1886.193	-2075.096	188.9034	0.2504742	2.016397	1.353064
24234	-1873.09	-2061.573	188.4833	0.3016915	1.806711	1.726957
24240	-1877.551	-2065.97	188.4191	0.1720989	1.84399	1.987578
24246	-1881.725	-2070	188.275	0.3094484	1.815698	1.852885
24252	-1873.33	-2061.4	188.0702	0.298013	1.822589	2.004301
24258	-1889.808	-2078.341	188.5328	0.188416	1.760902	1.932274
24264	-1882.361	-2070.012	187.651	0.3073618	1.650291	2.373842
24270	-1875.586	-2063.619	188.0325	0.2359018	1.591938	2.281278
24276	-1884.683	-2073.308	188.6248	0.1908824	1.705709	1.902244
24282	-1898.458	-2086.875	188.4161	0.2831551	1.920626	1.725002
24288	-1889.261	-2078.002	188.7417	0.2782708	1.903175	1.510452
24294	-1882.138	-2071.101	188.9635	0.1973551	2.011761	1.425919
24300	-1887.688	-2076.687	188.9994	0.2067946	2.067454	1.332067
24306	-1870.648	-2059.547	188.8989	0.2067946	2.041758	1.430931
24312	-1868.133	-2056.929	188.7965	0.2325535	2.071341	1.430931
24318	-1874.979	-2063.432	188.453	0.2159509	1.985947	1.776847
24324	-1873.902	-2062.958	189.0556	0.1739941	1.892028	1.502279
24330	-1877.416	-2065.788	188.3721	0.1626841	1.821503	2.054391
24336	-1881.273	-2070.121	188.8478	0.2101748	1.90126	1.567392
24342	-1885.073	-2073.191	188.118	0.2156835	1.920516	2.048551
24348	-1889.876	-2077.993	188.1173	0.2693467	1.922014	1.952591
24354	-1881.187	-2069.151	187.9639	0.2925915	1.79117	2.103737
24360	-1899.42	-2087.075	187.655	0.2925915	1.727569	2.344094
24366	-1890.776	-2078.738	187.9629	0.3789533	1.684299	2.051285
24372	-1898.525	-2086.471	187.9459	0.3225759	1.560653	2.220708
24378	-1894.61	-2081.826	187.2161	0.2621161	1.449148	2.835191
24384	-1882.774	-2070.853	188.0791	0.2621161	1.61169	2.194292
24390	-1904.012	-2092.317	188.3049	0.2499608	1.828859	1.922299
24396	-1888.574	-2076.645	188.0701	0.2695423	1.860228	2.025087
24402	-1885.77	-2073.979	188.2088	0.2846959	1.823806	1.93181
24408	-1884.483	-2073.152	188.6692	0.2433682	1.756482	1.733315
24414	-1883.074	-2071.29	188.2165	0.2617244	1.683668	2.058108
24420	-1896.866	-2085.438	188.5727	0.271319	1.756829	1.750382
24426	-1899.27	-2088.112	188.8424	0.271319	1.806599	1.520133
24432	-1879.827	-2068.371	188.5446	0.271319	1.801516	1.738788
24438	-1883.577	-2071.573	187.9961	0.2797973	1.761606	2.122186
24444	-1886.48	-2074.996	188.5152	0.1734923	1.627243	2.064667
24450	-1893.931	-2082.127	188.1965	0.2278781	1.847737	2.022053
24456	-1886.368	-2074.488	188.1201	0.2565195	1.847737	2.022053
24462	-1877.982	-2065.891	187.9091	0.2392986	1.686593	2.293851
24468	-1880.754	-2068.849	188.0951	0.2526758	1.686593	2.151028
24474	-1893.578	-2082.203	188.6251	0.1551384	1.594257	2.054355
24480	-1885.367	-2072.538	187.1716	0.24307	1.37785	2.93519
24486	-1887.005	-2072.781	185.7767	0.2313522	1.370513	3.778367
24492	-1896.821	-2084.173	187.3513	0.2248418	1.458525	2.80756
24498	-1892.24	-2078.799	186.5587	0.2522163	1.386094	3.281182
24504	-1893.724	-2080.502	186.7784	0.1811758	1.369691	3.281182
24510	-1893.648	-2081.62	187.9728	0.1905267	1.555447	2.42539
24516	-1900.98	-2089.396	188.4161	0.1713175	1.720106	2.073439
24522	-1891.596	-2079.754	188.1573	0.2516764	1.537889	2.208863
24528	-1891.566	-2078.567	187.001	0.1918437	1.332977	3.151448
24534	-1883.551	-2071.606	188.0548	0.2231715	1.691894	2.225259
24540	-1899.86	-2087.832	187.9725	0.2231715	1.592435	2.341627
24546	-1907.595	-2095.342	187.7467	0.2178946	1.561508	2.512658
24552	-1889.785	-2077.508	187.7232	0.2389076	1.513073	2.521341
24558	-1886.83	-2074.849	188.0194	0.1624626	1.461371	2.511699
24564	-1886.642	-2074.685	188.043	0.2048152	1.549004	2.357907
24570	-1875.231	-2063.774	188.5427	0.199066	1.745083	1.914383
24576	-1895.113	-2082.904	187.7911	0.205876	1.445553	2.57883
24582	-1898.685	-2086.473	187.7883	0.2400062	1.458834	2.512705
24588	-1901.735	-2089.419	187.6834	0.2245012	1.606154	2.512705
24594	-1903.703	-2092.687	188.9846	0.1872325	1.830712	1.56927
24600	-1902.909	-2090.97	188.0614	0.2961934	1.74098	2.067079
24606	-1891.643	-2079.454	187.8111	0.2975102	1.571257	2.336879
24612	-1897.647	-2085.315	187.6675	0.2644926	1.761693	2.358109
24618	-1891.033	-2078.776	187.743	0.2022085	1.524375	2.566454
24624	-1884.976	-2072.582	187.6063	0.2147363	1.624596	2.566454
24630	-1894.623	-2082.328	187.7055	0.2139146	1.583842	2.531542
24636	-1876.308	-2063.827	187.5194	0.2334502	1.583842	2.613091
24642	-1893.927	-2081.742	187.8151	0.1834048	1.732092	2.427396
24648	-1891.303	-2079.421	188.1177	0.1614527	1.60683	2.360453
24654	-1900.652	-2089.645	188.9922	0.1504718	1.777415	1.689579
24660	-1886.289	-2075.387	189.0975	0.134592	1.893027	1.571463
24666	-1886.486	-2075.179	188.6932	0.2140937	1.847799	1.70898
24672	-1898.553	-2087.052	188.4994	0.2304027	1.995822	1.70898
24678	-1899.414	-2088.297	188.8828	0.1966686	1.898661	1.572899
24684	-1902.657	-2091.658	189.0011	0.1958362	1.932762	1.461094
24690	-1891.204	-2080.297	189.0923	0.1958362	1.931768	1.391606
24696	-1900.323	-2088.667	188.3439	0.2121186	1.931768	1.896555
24702	-1890.075	-2078.742	188.6672	0.2845348	2.02448	1.463673
24708	-1905.599	-2094.523	188.9246	0.2090835	2.054006	1.396442
24714	-1899.543	-2088.334	188.7909	0.2367198	1.943624	1.523161
24720	-1898.181	-2087.07	188.8897	0.238369	1.882603	1.49156
24726	-1887.869	-2076.707	188.838	0.2544751	1.748244	1.597775
24732	-1893.322	-2082.07	188.7475	0.2544751	1.838648	1.597775
24738	-1895.471	-2083.398	187.9264	0.3037632	1.783864	2.115987
24744	-1894.296	-2082.43	188.1341	0.255209	1.694723	2.115987
24750	-1889.353	-2077.52	188.1662	0.1791632	1.711713	2.225262
24756	-1887.847	-2076.01	188.1625	0.2117712	1.772878	2.123809
24762	-1888.016	-2076.203	188.187	0.2218585	1.719641	2.123809
24768	-1895.147	-2083.248	188.1017	0.2806346	1.745474	2.062023
24774	-1892.779	-2080.711	187.9324	0.2615258	1.616634	2.286523
24780	-1890.872	-2078.028	187.1568	0.2750775	1.513684	2.812348
24786	-1893.16	-2081.41	188.2499	0.1798286	1.639151	2.216726
24792	-1901.971	-2089.572	187.6011	0.2977248	1.606427	2.447079
24798	-1895.399	-2082.975	187.5765	0.2536035	1.522652	2.582492
24804	-1886.352	-2074.211	187.859	0.2286877	1.550399	2.43029
24810	-1895.072	-2082.915	187.8427	0.3012313	1.550399	2.324486
24816	-1887.803	-2074.898	187.095	0.2455107	1.51912	2.892233
24822	-1887.971	-2075.069	187.0987	0.175492	1.391621	3.088948
24828	-1890.028	-2077.31	187.2821	0.210823	1.377235	2.922873
24834	-1892.912	-2081.532	188.6202	0.2462217	1.854429	1.69337
24840	-1903.345	-2092.661	189.3161	0.1602503	1.874523	1.350078
24846	-1887.968	-2076.935	188.9665	0.1717114	1.908238	1.561879
24852	-1883.745	-2072.475	188.7299	0.2218886	1.904391	1.626572
24858	-1888.11	-2077.316	189.2052	0.2196486	1.955371	1.224641
24864	-1877.395	-2066.456	189.0614	0.2254201	2.074578	1.231753
24870	-1882.543	-2071.276	188.7335	0.2826402	2.009693	1.42783
24876	-1891.223	-2080.204	188.9809	0.2807487	2.071121	1.180704
24882	-1890.113	-2079.276	189.1628	0.2147188	2.057652	1.18553
24888	-1894.889	-2083.617	188.7275	0.2909172	2.023831	1.406217
24894	-1894.402	-2083.119	188.7176	0.2917293	1.855775	1.539506
24900	-1897.382	-2085.709	188.3273	0.344487	1.914966	1.693481
24906	-1894.592	-2083.206	188.6141	0.344487	2.147428	1.30263
24912	-1898.044	-2087.51	189.4659	0.2046114	2.030386	0.9531973
24918	-1889.659	-2078.254	188.595	0.2785353	1.959151	1.577028
24924	-1891.498	-2079.86	188.3626	0.2719262	1.752007	1.897425
24930	-1890.819	-2079.333	188.5142	0.2746841	1.883141	1.696743
24936	-1891.215	-2080.021	188.8066	0.2381824	1.922436	1.524331
24942	-1892.05	-2081.338	189.2882	0.2097425	2.050403	1.092938
24948	-1888.468	-2077.556	189.0876	0.2560332	2.040566	1.168194
24954	-1900.208	-2089.27	189.0622	0.2618725	2.058964	1.16128
24960	-1893.876	-2082.797	188.921	0.2618725	2.037728	1.298224
24966	-1897.544	-2086.194	188.6497	0.338083	1.867548	1.503284
24972	-1896.284	-2084.655	188.371	0.3168028	1.815647	1.775132
24978	-1882.987	-2071.413	188.4262	0.2638122	1.721125	1.888976
24984	-1884.72	-2073.396	188.6754	0.3293335	1.860638	1.503484
24990	-1880.627	-2069.28	188.6523	0.2822783	1.881434	1.585282
24996	-1878.101	-2067.08	188.9791	0.2664373	1.928032	1.330583
25002	-1889.952	-2078.962	189.0096	0.2142117	1.832221	1.489748
25008	-1892.444	-2080.98	188.5361	0.2054686	1.824027	1.852179
25014	-1886.329	-2074.853	188.5242	0.2138666	1.815403	1.849552
25020	-1882.988	-2071.677	188.6891	0.2953588	1.894763	1.525325
25026	-1886.64	-2075.448	188.8073	0.1880601	1.823369	1.700459
25032	-1917.708	-2106.535	188.8273	0.1819602	2.041084	1.542341
25038	-1888.557	-2077.564	189.0075	0.152302	1.882854	1.598204
25044	-1885.37	-2073.557	188.1876	0.1727499	1.693057	2.236818
25050	-1880.628	-2067.727	187.0983	0.2089165	1.531981	2.943707
25056	-1878.603	-2065.497	186.8941	0.1770332	1.397848	3.203896
25062	-1891.809	-2077.834	186.0246	0.2199439	1.360359	3.659391
25068	-1881.287	-2067.8	186.513	0.1323598	1.31278	3.567997
25074	-1884.751	-2071.815	187.0641	0.166703	1.443166	3.095953
25080	-1884.334	-2071.62	187.2861	0.1662712	1.369778	3.007931
25086	-1884.912	-2072.044	187.1321	0.1771553	1.408211	3.055862
25092	-1875.899	-2063.047	187.1485	0.1895906	1.352763	3.055862
25098	-1880.896	-2067.999	187.103	0.2583496	1.436432	2.917184
25104	-1881.828	-2068.931	187.1033	0.2582301	1.436432	2.917184
25110	-1883.648	-2071.114	187.4661	0.1676724	1.667622	2.715576
25116	-1884.521	-2072.282	187.7614	0.1885704	1.589576	2.540163
25122	-1891.872	-2080.135	188.263	0.1778481	1.584076	2.247854
25128	-1883.679	-2072.064	188.3846	0.1614135	1.743094	2.10062
25134	-1872.632	-2060.599	187.9666	0.2374782	1.597217	2.317278
25140	-1873.133	-2061.345	188.212	0.145012	1.594079	2.344869
25146	-1885.391	-2073.865	188.4736	0.1914312	1.726309	1.989025
25152	-1889.318	-2077.676	188.3581	0.2155136	1.763311	1.993818
25158	-1893.527	-2081.98	188.4533	0.2595468	1.930008	1.733433
25164	-1889.5	-2078.151	188.6511	0.2289006	1.899501	1.672558
25170	-1890.449	-2079.034	188.5853	0.2289006	1.838284	1.762192
25176	-1881.979	-2070.294	188.3154	0.3360889	1.764744	1.819405
25182	-1882.995	-2070.751	187.7563	0.2831397	1.719633	2.299023
25188	-1877.081	-2065.773	188.6917	0.3314484	1.836845	1.505614
25194	-1870.608	-2059.146	188.5374	0.2972217	1.778542	1.716018
25200	-1888.546	-2076.267	187.7211	0.3465028	1.67576	2.257837
25206	-1884.793	-2073.017	188.2236	0.308872	1.67576	1.983195
25212	-1886.815	-2074.995	188.1801	0.2316778	1.67576	2.139156
25218	-1895.948	-2084.282	188.3341	0.1504403	1.701731	2.185091
25224	-1888.324	-2075.419	187.0952	0.2484082	1.439131	2.93579
25230	-1884.278	-2072.755	188.4769	0.2017795	1.543539	2.087213
25236	-1889.981	-2077.968	187.9875	0.2169185	1.554914	2.367152
25242	-1889.292	-2077.092	187.7996	0.2562228	1.636453	2.367152
25248	-1894.691	-2083.092	188.4008	0.3277089	1.878074	1.693243
25254	-1896.176	-2084.664	188.4881	0.2510737	1.736604	1.858534
25260	-1908.306	-2096.706	188.4	0.2505625	1.811711	1.868333
25266	-1896.161	-2085.066	188.9052	0.218497	1.757718	1.612748
25272	-1878.837	-2067.512	188.6751	0.2297629	1.911668	1.645028
25278	-1882.246	-2071.134	188.8886	0.2402253	1.911668	1.466658
25284	-1885.63	-2074.334	188.7046	0.2402253	1.911668	1.603178
25290	-1888.4	-2076.601	188.2017	0.2642629	1.56237	2.143182
25296	-1883.818	-2072.187	188.3689	0.246817	1.757093	1.933166
25302	-1879.561	-2068.28	188.719	0.2686487	1.897734	1.548955
25308	-1879.222	-2068.028	188.8052	0.2334905	1.912592	1.542109
25314	-1888.256	-2077.122	188.8659	0.2315018	1.994603	1.438743
25320	-1888.491	-2077.289	188.798	0.3612474	2.172443	1.092767
25326	-1881.503	-2070.448	188.945	0.2737084	2.212919	1.101791
25332	-1882.865	-2071.863	188.9982	0.1979814	1.954165	1.442055
25338	-1882.76	-2071.645	188.8849	0.2449888	1.886428	1.478963
25344	-1892.922	-2081.941	189.0192	0.1826176	1.931826	1.478963
25350	-1892.318	-2081.298	188.9803	0.2277663	2.062732	1.303179
25356	-1884.081	-2073.163	189.0821	0.2121205	1.978794	1.324386
25362	-1886.952	-2076.029	189.0761	0.2123364	2.046302	1.273924
25368	-1883.808	-2072.803	188.995	0.2293804	2.079297	1.273924
25374	-1907.152	-2096.302	189.1497	0.2191271	1.953254	1.273924
25380	-1910.074	-2099.503	189.4286	0.1848806	1.894587	1.173847
25386	-1896.493	-2085.18	188.6871	0.1563948	1.912518	1.794447
25392	-1899.317	-2088.289	188.9719	0.1453314	1.845776	1.668241
25398	-1890.404	-2079.166	188.762	0.2060378	1.782109	1.723295
25404	-1888.714	-2076.842	188.1278	0.3184074	1.599911	2.082657
25410	-1884.128	-2071.898	187.7695	0.2029918	1.616583	2.491023
25416	-1898.253	-2086.295	188.0425	0.2387973	1.653967	2.230024
25422	-1901.02	-2088.919	187.8988	0.1454924	1.529029	2.581144
25428	-1907.232	-2094.467	187.235	0.1439003	1.529029	2.989263
25434	-1910.422	-2097.556	187.1334	0.1634513	1.286787	3.154236
25440	-1918.726	-2106.827	188.1013	0.2344035	1.541047	2.272416
25446	-1899.873	-2087.808	187.9346	0.2019858	1.527816	2.445035
25452	-1898.513	-2086.244	187.7311	0.3511085	1.6425	2.266547
25458	-1894.551	-2082.764	188.2124	0.2376221	1.467588	2.242617
25464	-1896.17	-2083.336	187.1658	0.2376221	1.471781	2.890777
25470	-1891.848	-2080.772	188.9234	0.1964738	1.937151	1.514847
25476	-1891.378	-2080.534	189.156	0.1332119	1.995452	1.455135
25482	-1887.576	-2076.456	188.8797	0.2338992	1.904283	1.49192
25488	-1895.615	-2084.318	188.7035	0.1787358	1.761576	1.83634
25494	-1897.225	-2085.3	188.0742	0.2241821	1.685317	2.215188
25500	-1888.402	-2076.53	188.1281	0.2241821	1.631357	2.215188
25506	-1887.511	-2076.426	188.9157	0.1272445	1.811286	1.779061
25512	-1878.575	-2067.037	188.4624	0.248629	1.875375	1.784966
25518	-1883.678	-2071.799	188.1212	0.2452716	1.938971	1.980085
25524	-1881.955	-2070.749	188.7936	0.2277702	1.993092	1.502514
25530	-1883.358	-2072.503	189.145	0.2206608	2.10483	1.14498
25536	-1885.069	-2074.021	188.9522	0.2206608	1.886815	1.478012
25542	-1884.501	-2073.165	188.6631	0.2206608	1.979331	1.623187
25548	-1884.362	-2072.48	188.118	0.2534085	1.788595	2.067934
25554	-1878.546	-2067.068	188.522	0.2893624	1.896783	1.656138
25560	-1880.584	-2069.272	188.6876	0.2875333	1.926277	1.516844
25566	-1878.794	-2067.539	188.7449	0.2440126	1.990783	1.507746
25572	-1882.351	-2071.436	189.0843	0.2147477	1.990783	1.306906
25578	-1880.675	-2069.976	189.3009	0.177623	2.02128	1.194508
25584	-1890.168	-2079.028	188.8592	0.2406091	2.073607	1.3634
25590	-1888.467	-2076.424	187.9568	0.2305863	1.828689	2.186885
25596	-1887.984	-2076.826	188.8427	0.1648943	1.83689	1.718461
25602	-1881.93	-2070.588	188.6581	0.212736	1.804192	1.766997
25608	-1891.627	-2080.175	188.548	0.2193442	1.784879	1.843421
25614	-1879.567	-2067.114	187.547	0.1983029	1.733677	2.565428
25620	-1873.411	-2061.035	187.6235	0.2037433	1.617118	2.580274
25626	-1890.058	-2076.762	186.7042	0.2343303	1.587583	3.103689
25632	-1892.618	-2079.179	186.5605	0.2343303	1.273064	3.374623
25638	-1876.758	-2063.025	186.2674	0.2139672	1.333582	3.543854
25644	-1878.828	-2065.17	186.3418	0.1613609	1.328529	3.598548
25650	-1874.253	-2059.688	185.4356	0.2632262	1.249818	3.995229
25656	-1874.94	-2060.647	185.7069	0.2784401	1.323702	3.775389
25662	-1881.875	-2067.773	185.8985	0.2333311	1.280025	3.75723
25668	-1881.348	-2068.556	187.2087	0.1873693	1.421403	2.982798
25674	-1886.95	-2074.974	188.0249	0.2234022	1.792141	2.179345
25680	-1887.719	-2076.415	188.6954	0.1570783	1.768592	1.8859
25686	-1892.337	-2080.973	188.6352	0.1681954	1.791504	1.8859
25692	-1894.272	-2082.804	188.5316	0.2450391	1.655557	1.8949
25698	-1903.925	-2092.485	188.5598	0.2140127	1.788723	1.843121
25704	-1898.151	-2085.723	187.5722	0.2192951	1.755433	2.498037
25710	-1893.102	-2081.663	188.5611	0.251442	1.827457	1.744426
25716	-1892.917	-2081.283	188.3655	0.2898057	1.863833	1.788851
25722	-1889.884	-2078.58	188.6959	0.1945298	1.894556	1.714846
25728	-1896.239	-2083.859	187.6202	0.2785643	1.722186	2.390934
25734	-1886.671	-2075.025	188.3534	0.1733121	1.809621	2.051441
25740	-1879.398	-2067.499	188.1008	0.1286363	1.702463	2.384802
25746	-1885.02	-2073.401	188.3814	0.1588224	1.691405	2.142255
25752	-1891.857	-2080.31	188.4524	0.1676657	1.711659	2.062983
25758	-1906.609	-2094.944	188.3349	0.2387923	1.936506	1.848789
25764	-1892.102	-2080.903	188.8003	0.1791568	1.718962	1.797987
25770	-1889.066	-2077.762	188.6964	0.2310191	1.716611	1.765504
25776	-1889.791	-2078.414	188.6232	0.2567448	1.721463	1.765504
25782	-1887.373	-2076.011	188.6381	0.2088327	1.837642	1.765504
25788	-1893.375	-2082.291	188.9156	0.2731011	1.990054	1.318414
25794	-1906.611	-2095.359	188.748	0.2634734	1.953119	1.495856
25800	-1889.242	-2078.197	188.9547	0.191815	1.970204	1.47718
25806	-1885.983	-2074.949	188.966	0.2145827	1.885008	1.482033
25812	-1905.213	-2093.982	188.7684	0.2593427	1.869409	1.55082
25818	-1897.375	-2086.02	188.6452	0.1779083	1.828627	1.832148
25824	-1894.229	-2083.328	189.099	0.3272962	1.958958	1.078718
25830	-1883.349	-2072.465	189.116	0.2612241	2.021331	1.148418
25836	-1878.38	-2067.461	189.0812	0.2438997	2.101349	1.14829
25842	-1884.231	-2073.281	189.0496	0.2771011	2.078087	1.12169
25848	-1880.397	-2069.256	188.8597	0.3253591	2.162979	1.11511
25854	-1890.012	-2078.953	188.941	0.2503751	2.154557	1.209028
25860	-1891.432	-2080.174	188.7419	0.2975237	1.936126	1.450625
25866	-1899.376	-2088.361	188.985	0.1909005	1.826256	1.563947
25872	-1890.638	-2079.272	188.6346	0.238211	1.961659	1.621585
25878	-1888.295	-2077.318	189.0235	0.238211	1.955998	1.33137
25884	-1887.993	-2076.496	188.5023	0.2572672	1.797367	1.795855
25890	-1899.49	-2088.14	188.65	0.2232176	1.69456	1.827924
25896	-1899.503	-2087.096	187.5925	0.2232176	1.703056	2.511174
25902	-1906.232	-2094.376	188.1443	0.2869422	1.830364	1.967119
25908	-1904.255	-2092.561	188.3062	0.3462293	1.830364	1.765243
25914	-1897.399	-2086.478	189.0789	0.1796877	1.854274	1.499376
25920	-1898.445	-2087.017	188.5719	0.3585989	1.907211	1.499376
25926	-1893.96	-2082.363	188.4031	0.1981366	1.739881	2.013373
25932	-1895.383	-2082.678	187.2956	0.1742533	1.71984	2.77472
25938	-1896.106	-2084.225	188.1192	0.1975525	1.809762	2.155336
25944	-1889.462	-2078.32	188.8579	0.2392136	1.756887	1.606236
25950	-1881.929	-2069.64	187.7108	0.2491853	1.564146	2.480149
25956	-1883.216	-2070.9	187.684	0.2567796	1.571262	2.480149
25962	-1892.735	-2080.936	188.2004	0.2368664	1.627293	2.148329
25968	-1887.368	-2076.064	188.696	0.2335819	1.837302	1.675801
25974	-1878.395	-2067.344	188.9496	0.2420676	1.977226	1.365007
25980	-1884.118	-2072.838	188.7198	0.2461239	2.002801	1.513306
25986	-1894.089	-2083.063	188.9742	0.2132925	1.950562	1.428713
25992	-1890.677	-2079.186	188.5093	0.2482857	1.913425	1.726255
25998	-1888.444	-2077.071	188.6268	0.2001846	1.89848	1.74866
26004	-1882.305	-2070.771	188.4665	0.2328921	1.89848	1.795367
26010	-1889.089	-2077.509	188.4204	0.2206718	1.973233	1.798965
26016	-1884.454	-2072.838	188.3835	0.1892453	1.710291	2.063895
26022	-1901.198	-2089.442	188.244	0.1809797	1.818223	2.101646
26028	-1911.153	-2099.423	188.2705	0.230065	1.811163	1.993108
26034	-1909.722	-2097.969	188.2471	0.2459909	1.736078	2.0301
26040	-1910.371	-2099.093	188.7214	0.2190974	1.879504	1.656252
26046	-1896.369	-2085.148	188.7783	0.235941	1.775926	1.656252
26052	-1888.768	-2077.39	188.6219	0.2485928	1.763844	1.751638
26058	-1888.184	-2076.405	188.2205	0.2982411	1.716985	1.974092
26064	-1890.313	-2078.687	188.3739	0.2982411	1.820648	1.799202
26070	-1901.721	-2090.141	188.4196	0.2929028	1.946939	1.687372
26076	-1896.789	-2085.315	188.5264	0.3634223	1.910396	1.523528
26082	-1910.21	-2098.737	188.5267	0.3943337	1.811857	1.550553
26088	-1916.011	-2104.055	188.0445	0.4920675	1.7924	1.783233
26094	-1898.244	-2086.097	187.8528	0.2599329	1.683167	2.297451
26100	-1902.527	-2089.276	186.7483	0.2551057	1.358597	3.1809
26106	-1881.696	-2068.693	186.9975	0.2242751	1.382508	3.06756
26112	-1883.158	-2069.711	186.5531	0.2358167	1.283237	3.370614
26118	-1879.857	-2067.35	187.4933	0.1659592	1.472576	2.821456
26124	-1878.832	-2065.929	187.097	0.2589081	1.47528	2.896447
26130	-1892.896	-2080.959	188.0634	0.279503	1.574586	2.200532
26136	-1891.226	-2078.815	187.5885	0.3125906	1.448667	2.532257
26142	-1885.226	-2071.816	186.5899	0.338469	1.372674	3.150111
26148	-1892.731	-2079.701	186.9698	0.3190784	1.388895	2.938559
26154	-1881.925	-2069.141	187.216	0.2231373	1.475978	2.88194
26160	-1888.327	-2075.879	187.5517	0.1916777	1.52995	2.700704
26166	-1900.104	-2088.708	188.6048	0.2385329	1.585129	1.904786
26172	-1887.874	-2076.727	188.8525	0.2313053	1.8146	1.58373
26178	-1891.882	-2081.042	189.1606	0.1948135	1.97976	1.301621
26184	-1897.276	-2086.336	189.0603	0.2429987	1.960266	1.287776
26190	-1893.464	-2082.541	189.077	0.276878	1.959624	1.202112
26196	-1884.895	-2073.818	188.9228	0.3125457	2.143167	1.101779
26202	-1894.727	-2083.531	188.8044	0.3333245	2.167713	1.144785
26208	-1876.612	-2065.61	188.9979	0.3108788	2.016691	1.151414
26214	-1884.987	-2073.842	188.8546	0.3108788	1.95615	1.322642
26220	-1880.396	-2069.797	189.401	0.1804465	2.02047	1.098516
26226	-1880.201	-2069.254	189.053	0.2339647	2.02047	1.264272
26232	-1876.824	-2065.824	189.0006	0.1903688	2.02047	1.406916
26238	-1879.26	-2068.131	188.8714	0.2191109	1.876493	1.549362
26244	-1898.125	-2086.401	188.2759	0.2766202	1.78995	1.922604
26250	-1890.249	-2079.227	188.9777	0.2119548	1.835176	1.51629
26256	-1885.836	-2074.387	188.551	0.2055756	1.827583	1.839284
26262	-1881.703	-2070.597	188.8938	0.241147	1.825466	1.525679
26268	-1879.729	-2068.678	188.9491	0.2300248	2.044432	1.337933
26274	-1875.454	-2064.259	188.8058	0.2299281	1.991186	1.490314
26280	-1876.354	-2065.199	188.8449	0.2237028	1.958594	1.498359
26286	-1880.86	-2069.859	188.9984	0.2534697	1.896969	1.366211
26292	-1890.893	-2079.739	188.846	0.2646716	1.978879	1.398966
26298	-1884.371	-2073.213	188.8422	0.2646716	1.982718	1.398966
26304	-1887.385	-2076.11	188.7246	0.2969186	1.970563	1.438601
26310	-1895.279	-2084.006	188.7272	0.3699821	2.10332	1.20103
26316	-1897.569	-2086.816	189.2469	0.2421476	2.063408	1.034567
26322	-1901.341	-2090.518	189.1775	0.2534123	2.151247	0.9870624
26328	-1887.372	-2076.542	189.1699	0.2670703	2.123982	0.9870624
26334	-1898.115	-2087.208	189.0933	0.2613282	2.215392	0.9867357
26340	-1882.494	-2071.715	189.221	0.2635195	2.116209	0.9516045
26346	-1898.916	-2087.884	188.9677	0.2884808	2.118735	1.133966
26352	-1884.224	-2073.092	188.868	0.3511637	2.138925	1.07846
26358	-1882.848	-2071.927	189.0794	0.2820679	2.063859	1.096496
26364	-1883.342	-2072.491	189.1493	0.1987852	2.025224	1.263823
26370	-1892.34	-2081.294	188.954	0.2784087	2.111808	1.173649
26376	-1893.663	-2082.554	188.8917	0.3493849	2.169142	1.030789
26382	-1889.009	-2078.094	189.0852	0.2783115	2.169142	0.9989042
26388	-1898.139	-2087.19	189.0503	0.323223	2.099419	0.9989042
26394	-1901.262	-2090.423	189.161	0.2847157	2.163756	0.9084279
26400	-1904.297	-2093.57	189.273	0.2405754	2.163756	0.9084279
26406	-1899.917	-2088.998	189.081	0.3703377	2.104559	0.8507679
26412	-1899.268	-2088.438	189.17	0.2038415	1.966214	1.282943
26418	-1901.282	-2090.103	188.8213	0.3621627	2.185614	1.056959
26424	-1891.277	-2080.331	189.0546	0.3621627	2.110207	0.8946316
26430	-1892.631	-2081.574	188.9427	0.3621627	2.087522	1.034605
26436	-1885.232	-2074.116	188.8847	0.3655385	1.930283	1.221981
26442	-1891.891	-2081.004	189.114	0.2688252	2.216063	0.9450507
26448	-1890.044	-2079.123	189.0794	0.2459295	2.214644	1.04064
26454	-1880.517	-2069.507	188.9903	0.2600937	2.266952	1.04064
26460	-1891.438	-2080.719	189.281	0.168051	2.099135	1.17123
26466	-1879.934	-2068.949	189.0151	0.2142888	2.064983	1.303856
26472	-1885.239	-2074.291	189.0518	0.1761984	2.07823	1.356483
26478	-1879.917	-2068.947	189.0297	0.1599485	1.924476	1.53208
26484	-1886.464	-2075.308	188.8442	0.2515395	1.947577	1.450441
26490	-1887.44	-2075.849	188.4086	0.1944938	1.712592	2.035136
26496	-1886.043	-2074.447	188.4039	0.207613	1.737684	1.995619
26502	-1880.206	-2069.101	188.8946	0.2765186	1.854559	1.434681
26508	-1884.093	-2073.089	188.9955	0.1801472	1.87308	1.546439
26514	-1890.393	-2079	188.6074	0.2769547	1.87308	1.633324
26520	-1889.593	-2078.025	188.4323	0.155135	1.75696	2.074191
26526	-1898.854	-2087.096	188.2417	0.262368	1.741902	2.001669
26532	-1888.239	-2076.625	188.386	0.1940749	1.715513	2.049057
26538	-1901.009	-2088.885	187.8765	0.1937151	1.638726	2.427488
26544	-1900.66	-2087.543	186.8827	0.1760505	1.534502	3.131436
26550	-1893.661	-2081.279	187.6179	0.2149714	1.534999	2.614358
26556	-1896.1	-2083.319	187.2193	0.2253802	1.617	2.790529
26562	-1893.682	-2080.277	186.5955	0.2289993	1.656906	3.135784
26568	-1881.941	-2068.956	187.0155	0.1953349	1.646583	2.948844
26574	-1895.548	-2083.627	188.0789	0.1943771	1.685238	2.268036
26580	-1896.52	-2084.066	187.5465	0.2306548	1.657651	2.555314
26586	-1887.884	-2075.19	187.3063	0.2306548	1.584745	2.748251
26592	-1887.616	-2075.05	187.4336	0.2425	1.456125	2.729481
26598	-1900.257	-2087.478	187.2202	0.2688457	1.46569	2.81236
26604	-1887.839	-2074.968	187.1289	0.3198479	1.459341	2.798499
26610	-1893.351	-2079.924	186.5735	0.2957375	1.508469	3.136255
26616	-1897.85	-2084.53	186.6796	0.2739996	1.419306	3.157291
26622	-1902.93	-2090.025	187.0953	0.3139573	1.684502	2.689515
26628	-1911.629	-2099.519	187.8899	0.2562104	1.803839	2.202165
26634	-1899.529	-2088.297	188.768	0.1890107	1.803839	1.739857
26640	-1902.082	-2090.764	188.6821	0.2745252	2.012178	1.480196
26646	-1910.39	-2099.534	189.1436	0.1542544	2.055819	1.359328
26652	-1910.057	-2098.991	188.9343	0.2537169	1.96913	1.359328
26658	-1900.108	-2088.586	188.4781	0.2434717	1.83895	1.808798
26664	-1901.583	-2090.457	188.8742	0.2045683	1.917683	1.547916
26670	-1883.396	-2071.158	187.7618	0.3710658	1.747043	2.152524
26676	-1887.978	-2075.733	187.7548	0.2871693	1.591039	2.375577
26682	-1899.792	-2087.09	187.2976	0.248227	1.600579	2.714988
26688	-1904.044	-2091.488	187.4437	0.248227	1.665989	2.584644
26694	-1884.975	-2071.855	186.8802	0.248227	1.434168	3.06806
26700	-1892.463	-2076.678	184.2154	0.2172531	1.318451	4.715552
26706	-1898.737	-2084.153	185.4155	0.2137202	1.291212	4.059215
26712	-1899.047	-2082.107	183.0608	0.2457807	1.043536	5.464936
26718	-1890.758	-2074.526	183.7679	0.2583128	1.096949	5.026576
26724	-1899.229	-2084.888	185.6592	0.1535875	1.257019	4.047674
26730	-1891.893	-2078.626	186.7327	0.2591378	1.45172	3.12868
26736	-1888.803	-2075.931	187.1275	0.2035132	1.376306	3.029191
26742	-1893.764	-2080.62	186.8561	0.2325198	1.35722	3.153281
26748	-1898.232	-2084.314	186.0817	0.2057877	1.409829	3.621255
26754	-1903.581	-2090.281	186.7001	0.1743304	1.445947	3.295266
26760	-1902.458	-2090.53	188.0718	0.1247831	1.489636	2.545706
26766	-1894.686	-2082.624	187.9376	0.1552076	1.452109	2.583677
26772	-1891.751	-2080.373	188.6214	0.1543959	1.754731	1.951607
26778	-1914.022	-2101.682	187.6605	0.1610081	1.704251	2.586887
26784	-1888.469	-2076.964	188.495	0.116316	1.683275	2.175211
26790	-1891.25	-2079.836	188.5854	0.1865841	1.761129	1.900374
26796	-1897.352	-2085.18	187.8282	0.2140373	1.601746	2.443325
26802	-1895.26	-2082.77	187.5104	0.1824649	1.563085	2.723225
26808	-1895.435	-2082.552	187.1165	0.2259159	1.550031	2.89268
26814	-1895.888	-2083.543	187.6547	0.2376842	1.488298	2.581397
26820	-1884.311	-2071.533	187.2225	0.3053084	1.534333	2.715675
26826	-1882.564	-2070.607	188.0422	0.2844347	1.501547	2.253577
26832	-1880.242	-2067.774	187.532	0.2220494	1.501547	2.675521
26838	-1884.428	-2071.608	187.1795	0.2642012	1.399637	2.884174
26844	-1871.093	-2059.987	188.8938	0.1873832	1.830328	1.635202
26850	-1886.189	-2074.575	188.3856	0.1589764	1.696346	2.135965
26856	-1891.825	-2080.06	188.2348	0.2094718	1.81843	2.050659
26862	-1879.354	-2067.761	188.4068	0.1539622	1.624277	2.180275
26868	-1878.294	-2066.639	188.345	0.1539622	1.686047	2.180275
26874	-1896.375	-2085.002	188.6279	0.2793982	1.854393	1.627739
26880	-1889.336	-2078.068	188.7318	0.2548155	2.015638	1.477603
26886	-1892.876	-2081.666	188.7905	0.198287	2.049255	1.526256
26892	-1879.492	-2067.238	187.7457	0.239644	1.734604	2.366705
26898	-1883.076	-2070.339	187.2632	0.256803	1.626063	2.706797
26904	-1873.35	-2061.127	187.7774	0.3867116	1.668658	2.173013
26910	-1889.088	-2077.144	188.0558	0.2233173	1.755877	2.182987
26916	-1894.494	-2082.546	188.0518	0.2645813	1.68245	2.162055
26922	-1887.587	-2075.69	188.1025	0.2149648	1.76498	2.162055
26928	-1888.933	-2077.436	188.5027	0.2149648	1.837127	1.847241
26934	-1872.305	-2060.72	188.4141	0.2322083	1.734105	1.944587
26940	-1886.703	-2074.506	187.8031	0.2044382	1.76256	2.375292
26946	-1878.066	-2065.862	187.7956	0.2162849	1.735714	2.375292
26952	-1857.381	-2045.358	187.9771	0.2476669	1.658215	2.254184
26958	-1865.982	-2054.022	188.0401	0.2103045	1.658215	2.279889
26964	-1885.191	-2070.974	185.7824	0.1741034	1.346841	3.886557
26970	-1892.848	-2077.986	185.1387	0.2511829	1.230294	4.193042
26976	-1886.9	-2072.15	185.2507	0.1843877	1.308778	4.193042
26982	-1880.292	-2066.307	186.0145	0.2579399	1.321371	3.628587
26988	-1893.391	-2079.993	186.6022	0.1950979	1.361823	3.364148
26994	-1878.542	-2064.968	186.4257	0.2384605	1.414536	3.364148
27000	-1883.641	-2069.507	185.8652	0.2363855	1.426764	3.686889
27006	-1874.588	-2061.485	186.8962	0.2375648	1.453964	3.063616
27012	-1885.7	-2073.223	187.5235	0.2233253	1.457318	2.705742
27018	-1887.04	-2073.033	185.993	0.2396172	1.361606	3.64561
27024	-1886.568	-2073.146	186.5771	0.2689129	1.443732	3.211098
27030	-1884.89	-2070.671	185.7808	0.2752188	1.366212	3.712802
27036	-1877.628	-2064.606	186.9785	0.2013108	1.558304	3.013366
27042	-1889.504	-2076.621	187.1174	0.1924127	1.446158	3.013366
27048	-1889.636	-2076.49	186.8539	0.2260552	1.458032	3.105211
27054	-1881.323	-2067.554	186.2311	0.2669507	1.383391	3.453062
27060	-1892.88	-2081.394	188.514	0.2242301	1.715517	1.904529
27066	-1888.067	-2075.941	187.8737	0.2683683	1.495057	2.390232
27072	-1888.161	-2076.056	187.8949	0.2187704	1.573111	2.410827
27078	-1880.846	-2067.269	186.4235	0.2863794	1.422897	3.288915
27084	-1872.777	-2060.211	187.434	0.2415439	1.406777	2.760937
27090	-1883.24	-2070.632	187.3912	0.3424492	1.496252	2.584432
27096	-1883.816	-2070.762	186.9462	0.3112557	1.492016	2.901213
27102	-1883.065	-2070.804	187.7386	0.2054792	1.580153	2.528496
27108	-1878.831	-2066.93	188.0987	0.2677947	1.662017	2.139559
27114	-1881.032	-2069.812	188.78	0.2108888	1.925104	1.597997
27120	-1866.096	-2055.023	188.927	0.2108888	1.909426	1.501028
27126	-1866.679	-2055.557	188.8778	0.1915677	1.921705	1.57105
27132	-1874.362	-2062.539	188.1773	0.2400846	1.816776	2.033285
27138	-1898.324	-2086.753	188.429	0.1808413	1.753634	2.022486
27144	-1903.08	-2091.521	188.4412	0.1808413	1.741374	2.022486
27150	-1880.16	-2068.914	188.7536	0.1882216	1.921639	1.668397
27156	-1892.458	-2081.03	188.5713	0.1782409	2.097897	1.694985
27162	-1879.158	-2068.322	189.1641	0.1440335	2.097897	1.338231
27168	-1885.05	-2074.068	189.0176	0.1115921	2.115306	1.532109
27174	-1880.002	-2069.142	189.1404	0.1084618	2.005259	1.532109
27180	-1889.672	-2078.35	188.6778	0.1476266	1.898145	1.831844
27186	-1878.599	-2067.26	188.661	0.1670615	1.848525	1.831844
27192	-1888.875	-2077.361	188.4863	0.1682586	2.019253	1.831844
27198	-1885.557	-2074.751	189.194	0.1422432	2.007377	1.391087
27204	-1877.693	-2066.875	189.182	0.1341799	1.866305	1.529967
27210	-1877.083	-2065.893	188.8097	0.1505553	1.805099	1.79789
27216	-1875.182	-2063.819	188.6372	0.2089292	1.791596	1.79789
27222	-1890.542	-2079.128	188.5857	0.2154199	1.746165	1.851777
27228	-1902.616	-2090.332	187.7153	0.176572	1.627638	2.568651
27234	-1897.805	-2085.253	187.4477	0.2908515	1.581369	2.568651
27240	-1894.54	-2082.647	188.1074	0.3352009	1.685647	2.01499
27246	-1904.597	-2092.955	188.3577	0.2599814	1.702352	1.954535
27252	-1910.526	-2099.377	188.8507	0.2179373	2.02307	1.457508
27258	-1914.444	-2103.312	188.8687	0.2325452	1.964426	1.457508
27264	-1897.076	-2085.884	188.8081	0.236911	1.76256	1.642554
27270	-1904.278	-2092.943	188.665	0.2519994	1.891444	1.624013
27276	-1909.286	-2098.506	189.22	0.1829876	2.005165	1.262059
27282	-1903.946	-2092.79	188.8444	0.3127995	1.958942	1.32511
27288	-1887.337	-2076.267	188.9293	0.2767999	1.958942	1.32511
27294	-1904.748	-2093.768	189.0196	0.2700912	1.885146	1.32511
27300	-1900.549	-2089.458	188.9091	0.2478268	1.885146	1.45591
27306	-1904.797	-2093.561	188.7636	0.3638369	1.919971	1.332856
27312	-1886.935	-2075.748	188.813	0.3270824	1.907446	1.365635
27318	-1889.182	-2077.908	188.7254	0.3364087	1.95662	1.379841
27324	-1881.642	-2070.266	188.6236	0.3011641	2.074533	1.428665
27330	-1891.91	-2080.693	188.7831	0.2737437	1.98076	1.428665
27336	-1881.77	-2070.704	188.9335	0.1862445	2.072241	1.428665
27342	-1891.07	-2080.042	188.9716	0.1696177	2.087248	1.428665
27348	-1884.73	-2073.072	188.3416	0.2943771	1.857402	1.802415
27354	-1894.431	-2083.201	188.7699	0.3316186	1.908171	1.391115
27360	-1887.804	-2077.079	189.2745	0.1929334	1.908171	1.271715
27366	-1891.724	-2080.831	189.1074	0.1959706	1.950981	1.364407
27372	-1886.329	-2075.213	188.8833	0.2801401	1.947346	1.364407
27378	-1881.94	-2071.21	189.2706	0.1912251	2.084641	1.128083
27384	-1889.897	-2078.848	188.9511	0.2010323	2.043981	1.402103
27390	-1883.246	-2072.183	188.9369	0.2245325	2.197038	1.23554
27396	-1875.498	-2064.628	189.1298	0.2598193	2.197038	0.972131
27402	-1882.141	-2071.411	189.2705	0.2248151	2.084835	1.036698
27408	-1891.396	-2080.255	188.8586	0.2434303	2.059915	1.368699
27414	-1881.226	-2069.552	188.3254	0.1903502	1.686713	2.115371
27420	-1877.419	-2065.59	188.1708	0.1903502	1.810902	2.135215
27426	-1883.012	-2070.954	187.9419	0.1617983	1.62183	2.461144
27432	-1888.495	-2075.873	187.3775	0.2724582	1.662597	2.589475
27438	-1889.217	-2076.384	187.1671	0.2623036	1.792254	2.655092
27444	-1887.718	-2075.479	187.7605	0.2302433	1.76835	2.352053
27450	-1880.773	-2069.328	188.5555	0.1762616	1.76835	1.937759
27456	-1887.773	-2075.964	188.1913	0.1951103	1.675504	2.200439
27462	-1896.232	-2084.968	188.7362	0.1813738	2.029233	1.619002
27468	-1898.337	-2087.21	188.8724	0.1994593	1.930997	1.550603
27474	-1903.574	-2092.72	189.1461	0.1917454	2.006548	1.299235
27480	-1903.09	-2092.117	189.0266	0.1788035	2.166419	1.299235
27486	-1898.636	-2087.609	188.9729	0.2103098	2.137911	1.288216
27492	-1902.378	-2091.475	189.0965	0.2377565	2.084848	1.163777
27498	-1901.417	-2090.069	188.6518	0.3377968	1.768021	1.575914
27504	-1896.72	-2085.396	188.6763	0.2696115	2.028421	1.481555
27510	-1877.52	-2066.125	188.6044	0.275566	1.909544	1.611646
27516	-1865.828	-2054.623	188.7954	0.2288028	1.840239	1.611646
27522	-1884.238	-2072.865	188.6264	0.2164098	1.93823	1.687545
27528	-1884.875	-2073.51	188.6341	0.3247221	1.768967	1.608911
27534	-1885.296	-2073.657	188.3607	0.3239735	1.935246	1.686996
27540	-1879.921	-2069.066	189.1442	0.2286157	2.093599	1.135941
27546	-1890.973	-2080.053	189.08	0.2286157	2.012691	1.260472
27552	-1893.326	-2082.405	189.0789	0.219401	2.102173	1.207881
27558	-1899.977	-2089.111	189.1339	0.2275391	2.124575	1.120062
27564	-1895.743	-2084.476	188.7336	0.2764272	2.019212	1.432103
27570	-1901.976	-2090.453	188.4771	0.2644963	1.989787	1.665344
27576	-1905.475	-2094.631	189.1559	0.2015491	2.064295	1.218665
27582	-1901.332	-2090.241	188.9083	0.2900639	2.077053	1.218665
27588	-1901.596	-2090.523	188.9265	0.2231376	1.783207	1.569085
27594	-1908.137	-2097.147	189.0102	0.2231376	1.918947	1.403729
27600	-1897.851	-2086.437	188.5863	0.2717561	1.918947	1.624736
27606	-1894.616	-2083.317	188.7008	0.2717561	1.99733	1.482483
27612	-1889.313	-2077.712	188.3986	0.2185638	1.711875	1.995324
27618	-1895.641	-2084.25	188.6084	0.2731178	1.755213	1.723308
27624	-1892.085	-2080.329	188.2443	0.2731178	1.822687	1.927673
27630	-1887.99	-2076.54	188.5496	0.214357	1.860911	1.799715
27636	-1891.684	-2080.712	189.0274	0.2276802	1.853293	1.431366
27642	-1898.865	-2087.517	188.6515	0.2742762	1.854074	1.619983
27648	-1888.688	-2077.62	188.9319	0.240867	1.864796	1.468058
27654	-1896.03	-2084.869	188.8395	0.240867	1.661274	1.684961
27660	-1882.574	-2070.861	188.2871	0.3103174	1.583437	2.00021
27666	-1888.018	-2075.565	187.5467	0.247349	1.521024	2.612095
27672	-1889.494	-2077.152	187.6579	0.219981	1.570162	2.558921
27678	-1890.583	-2077.47	186.8871	0.2628293	1.474677	3.017148
27684	-1882.497	-2068.454	185.9569	0.228801	1.292287	3.72359
27690	-1890.898	-2077.144	186.2464	0.250802	1.379119	3.470774
27696	-1888.869	-2075.389	186.5193	0.2763144	1.256574	3.344836
27702	-1891.217	-2078.994	187.7773	0.2022217	1.69908	2.435843
27708	-1887.691	-2075.906	188.2149	0.2007941	1.678749	2.171983
27714	-1899.264	-2087.229	187.9647	0.1894082	1.620569	2.391608
27720	-1883.732	-2071.503	187.7708	0.231836	1.643024	2.422083
27726	-1880.581	-2068.445	187.864	0.2409291	1.675391	2.326988
27732	-1881.992	-2069.313	187.3206	0.2584176	1.55019	2.71563
27738	-1887.491	-2075.003	187.5115	0.2677065	1.567128	2.572936
27744	-1902.89	-2091.268	188.3775	0.3181041	1.797568	1.781135
27750	-1893.646	-2082.009	188.3633	0.3181041	1.744791	1.827483
27756	-1879.35	-2067.747	188.3973	0.2392686	1.750058	1.932254
27762	-1880.669	-2069.473	188.8039	0.2321581	1.969848	1.503167
27768	-1883.878	-2072.87	188.9921	0.2152106	2.030226	1.348137
27774	-1879.107	-2068.304	189.1968	0.2340472	1.841822	1.29274
27780	-1892.179	-2081.361	189.1819	0.3058972	1.942315	1.061774
27786	-1883.173	-2072.149	188.9757	0.1902255	1.982399	1.455701
27792	-1896.133	-2084.853	188.7195	0.2470743	1.987358	1.52322
27798	-1899.711	-2088.367	188.6556	0.2282121	1.949905	1.63462
27804	-1885.125	-2073.423	188.298	0.2417437	1.847683	1.928918
27810	-1885.774	-2074.66	188.8867	0.1234622	1.881538	1.760453
27816	-1883.054	-2071.807	188.7526	0.1793291	1.826375	1.756117
27822	-1871.54	-2060.404	188.8639	0.157013	1.78861	1.756117
27828	-1879.748	-2068.003	188.255	0.2396648	1.782035	2.005518
27834	-1890.503	-2078.709	188.206	0.2248295	1.795303	2.056077
27840	-1888.16	-2076.337	188.1774	0.2212957	1.820545	2.064851
27846	-1886.637	-2075.252	188.6146	0.2057635	1.795459	1.81727
27852	-1882.507	-2070.602	188.0948	0.1908082	1.802692	2.189113
27858	-1889.655	-2078.069	188.4145	0.1983269	1.853739	1.929091
27864	-1889.197	-2078.351	189.1545	0.1502819	1.889672	1.489636
27870	-1896.651	-2085.89	189.2397	0.1127119	1.951108	1.485442
27876	-1885.991	-2074.919	188.9283	0.1936238	1.873303	1.564904
27882	-1898.991	-2088.317	189.3252	0.1565514	1.873303	1.353841
27888	-1911.176	-2100.119	188.9434	0.1364413	1.979382	1.615841
27894	-1901.609	-2090.866	189.2571	0.1211716	1.979382	1.425109
27900	-1894.792	-2083.953	189.1618	0.1696359	1.988432	1.357297
27906	-1898.288	-2087.119	188.8313	0.2627518	1.999564	1.398076
27912	-1896.357	-2085.178	188.8206	0.3321239	1.847431	1.398076
27918	-1883.88	-2072.017	188.1374	0.3579558	1.814756	1.875388
27924	-1895.389	-2083.631	188.2417	0.3784228	1.802745	1.783201
27930	-1883.99	-2072.826	188.8358	0.2453444	1.743795	1.619906
27936	-1891.342	-2080.097	188.7545	0.2973616	1.97125	1.41422
27942	-1877.509	-2066.315	188.8057	0.2054205	2.071572	1.482293
27948	-1880.108	-2069.108	188.9997	0.1848229	1.96736	1.461582
27954	-1872.017	-2061.204	189.1875	0.1848229	1.906724	1.36313
27960	-1886.638	-2074.484	187.8463	0.3154939	1.785694	2.149651
27966	-1894.226	-2082.412	188.1866	0.2285822	1.661694	2.149651
27972	-1881.233	-2069.564	188.3314	0.2353713	1.84968	1.916609
27978	-1884.935	-2073.711	188.7761	0.2190463	1.807977	1.668382
27984	-1884.868	-2073.58	188.7124	0.2715706	1.966842	1.497065
27990	-1901.42	-2090.426	189.006	0.2407004	2.141015	1.186794
27996	-1892.057	-2081.183	189.1259	0.2500572	1.920821	1.250897
28002	-1887.922	-2076.981	189.0587	0.1754882	1.891176	1.496919
28008	-1878.453	-2067.625	189.1729	0.186307	1.973631	1.317786
28014	-1892.843	-2081.771	188.928	0.2492065	1.87707	1.444913
28020	-1892.928	-2081.92	188.9919	0.2368443	1.977488	1.342361
28026	-1886.108	-2075.17	189.0618	0.2229295	1.861589	1.408621
28032	-1893.613	-2082.612	188.9987	0.2084125	1.861589	1.488459
28038	-1895.173	-2084.369	189.1955	0.2084125	1.951248	1.263215
28044	-1893.548	-2082.644	189.0964	0.2218583	2.054933	1.227175
28050	-1886.338	-2075.656	189.3175	0.1818685	2.000583	1.186466
28056	-1889.194	-2078.414	189.2208	0.2107602	2.009918	1.186466
28062	-1890.191	-2079.466	189.2747	0.1859069	2.030714	1.186466
28068	-1883.352	-2072.316	188.9639	0.2323252	2.044098	1.3213
28074	-1879.401	-2067.966	188.565	0.2603442	2.019534	1.587994
28080	-1874.767	-2063.408	188.641	0.2618711	1.762681	1.714953
28086	-1882.245	-2070.22	187.9748	0.247875	1.659789	2.254312
28092	-1867.686	-2055.706	188.0208	0.2023209	1.612815	2.336169
28098	-1874.838	-2062.675	187.8373	0.2399119	1.644837	2.36505
28104	-1880.966	-2068.409	187.4427	0.2257043	1.667041	2.622295
28110	-1877.823	-2065.5	187.6764	0.2490169	1.667041	2.437445
28116	-1872.013	-2059.955	187.942	0.2624101	1.581729	2.301258
28122	-1884.388	-2072.432	188.0441	0.2624101	1.479647	2.301258
28128	-1879.94	-2067.343	187.4026	0.2488932	1.45759	2.737187
28134	-1883.502	-2072.153	188.6513	0.2070454	1.685537	1.864939
28140	-1891.296	-2079.171	187.8749	0.2886962	1.694989	2.230139
28146	-1889.125	-2077.612	188.4871	0.280361	1.722851	1.818028
28152	-1882.481	-2070.291	187.8098	0.4101347	1.720254	2.088516
28158	-1880.929	-2069.069	188.1397	0.3390476	1.752096	1.943318
28164	-1904.671	-2091.193	186.5213	0.1889436	1.455719	3.367523
28170	-1887.16	-2074.544	187.3845	0.1781857	1.442405	2.881586
28176	-1884.01	-2071.79	187.7797	0.2458888	1.633695	2.398495
28182	-1879.493	-2068.073	188.5802	0.1393857	1.56565	2.139211
28188	-1879.331	-2067.118	187.7865	0.1393857	1.511788	2.674699
28194	-1887.832	-2075.41	187.5782	0.1984934	1.343144	2.78608
28200	-1889.658	-2076.253	186.5947	0.1984934	1.2896	3.404881
28206	-1898.02	-2082.356	184.3363	0.229955	1.235922	4.67416
28212	-1891.678	-2075.13	183.4517	0.2883571	1.148586	5.132099
28218	-1892.459	-2079.052	186.5929	0.274353	1.56862	3.119569
28224	-1886.469	-2073.267	186.7977	0.1916039	1.590573	3.119569
28230	-1897.567	-2084.341	186.7738	0.2883346	1.58572	2.980854
28236	-1894.523	-2082.206	187.6838	0.2109702	1.754282	2.443792
28242	-1888.621	-2076.511	187.8902	0.2955215	1.72119	2.192873
28248	-1897.381	-2084.691	187.3103	0.3124111	1.632849	2.590917
28254	-1883.825	-2072.063	188.2381	0.2099838	1.790793	2.065766
28260	-1892.39	-2080.839	188.4492	0.2143652	1.61264	2.035647
28266	-1878.845	-2066.717	187.8722	0.2131904	1.749436	2.323562
28272	-1884.833	-2072.81	187.977	0.2462893	1.749436	2.197731
28278	-1882.838	-2071.638	188.8004	0.2810278	1.803802	1.535662
28284	-1886.883	-2075.638	188.7546	0.2098409	1.792121	1.713617
28290	-1902.217	-2090.636	188.4186	0.2419644	1.840994	1.851083
28296	-1894.709	-2083.694	188.9848	0.3022969	1.787664	1.36881
28302	-1875.724	-2063.215	187.4913	0.2925032	1.406666	2.647347
28308	-1878.659	-2066.117	187.4581	0.2575113	1.664585	2.561652
28314	-1882.65	-2070.556	187.9066	0.2313859	1.631885	2.343996
28320	-1885.81	-2074.746	188.9355	0.1371173	1.776478	1.763837
28326	-1891.293	-2080.198	188.9046	0.2301118	1.923832	1.466139
28332	-1886.589	-2075.371	188.7823	0.2585964	2.061938	1.395912
28338	-1872.305	-2061.165	188.86	0.2580972	1.985565	1.395912
28344	-1871.917	-2060.867	188.9495	0.1873515	2.123255	1.373899
28350	-1887.482	-2076.524	189.0419	0.1975079	2.210653	1.201328
28356	-1882.98	-2072.094	189.1141	0.2344704	2.044081	1.191621
28362	-1888.278	-2077.267	188.9885	0.2146455	2.085906	1.307695
28368	-1894.357	-2083.415	189.0577	0.2113582	1.973727	1.349705
28374	-1882.413	-2071.366	188.9527	0.2331077	1.895105	1.445112
28380	-1880.854	-2069.865	189.0112	0.2361939	2.003621	1.307327
28386	-1889.945	-2079.036	189.0907	0.244509	2.003621	1.223145
28392	-1904.873	-2093.499	188.6267	0.3059758	1.965293	1.500821
28398	-1891.987	-2080.953	188.966	0.2543954	1.965293	1.335786
28404	-1900.135	-2089.364	189.2292	0.1783782	1.994722	1.275105
28410	-1887.123	-2076.112	188.9891	0.2484493	1.882942	1.394758
28416	-1895.161	-2084.1	188.9389	0.2285122	1.850542	1.498872
28422	-1886.116	-2074.149	188.0325	0.2232808	1.574292	2.314799
28428	-1892.498	-2079.551	187.0529	0.2750255	1.602117	2.821835
28434	-1888.126	-2075.443	187.317	0.2582061	1.453521	2.777203
28440	-1884.071	-2071.344	187.2729	0.1992129	1.434173	2.91469
28446	-1893.641	-2080.437	186.7963	0.2866246	1.55058	2.990902
28452	-1904.94	-2089.7	184.7599	0.1965	1.262523	4.47552
28458	-1897.555	-2082.672	185.1173	0.2832495	1.195911	4.179028
28464	-1901.791	-2086.735	184.9435	0.2391103	1.166407	4.357833
28470	-1893.936	-2078.845	184.9085	0.2496687	1.125786	4.38476
28476	-1890.949	-2076.574	185.6254	0.2296331	1.193736	3.969466
28482	-1893.195	-2077.36	184.1648	0.1679722	1.165264	4.913345
28488	-1894.93	-2078.604	183.6733	0.2642638	1.181393	5.023821
28494	-1903.721	-2089.147	185.4255	0.2710216	1.192231	4.022686
28500	-1895.361	-2081.083	185.7218	0.194426	1.229106	3.952267
28506	-1884.498	-2070.082	185.5842	0.2414816	1.317372	3.903821
28512	-1892.262	-2077.92	185.6583	0.3698827	1.29549	3.702389
28518	-1886.169	-2072.075	185.9059	0.2467858	1.370835	3.679636
28524	-1880.681	-2067.321	186.6405	0.2347012	1.389577	3.258351
28530	-1881.625	-2068.935	187.3098	0.3081885	1.736449	2.532844
28536	-1883.762	-2070.902	187.1405	0.2118283	1.455654	2.95918
28542	-1888.547	-2077.463	188.9162	0.1634262	1.635329	1.811239
28548	-1884.632	-2073.063	188.4313	0.1320362	1.635329	2.208261
28554	-1878.848	-2066.14	187.2912	0.1320362	1.501025	2.998426
28560	-1888.372	-2075.92	187.5483	0.1905441	1.43512	2.762934
28566	-1891.245	-2079.716	188.471	0.1905441	1.662775	2.034821
28572	-1896.578	-2085.427	188.8498	0.1455123	1.825728	1.768095
28578	-1886.848	-2075.869	189.0209	0.2287527	1.946859	1.361199
28584	-1890.113	-2078.928	188.8149	0.24726	2.103032	1.361199
28590	-1893.858	-2083.275	189.4176	0.1411133	2.308732	0.9286116
28596	-1894.476	-2083.598	189.1217	0.2346338	2.251791	0.9922124
28602	-1892.469	-2081.722	189.2526	0.1663066	2.187101	1.123608
28608	-1886.072	-2075.258	189.1861	0.1663066	2.165636	1.200835
28614	-1890.121	-2079.267	189.1461	0.1927327	2.260891	1.076481
28620	-1893.853	-2083.242	189.3888	0.1652807	2.357624	0.8055356
28626	-1886.921	-2076.32	189.3992	0.1563507	2.047912	1.146979
28632	-1901.161	-2090.474	189.3125	0.165714	2.072418	1.17387
28638	-1886.263	-2075.223	188.9606	0.2182833	2.072418	1.332629
28644	-1887.877	-2076.571	188.6938	0.2033079	1.785428	1.774368
28650	-1877.824	-2066.303	188.4783	0.2073721	1.722178	1.956673
28656	-1887.022	-2075.597	188.5756	0.2082891	1.703414	1.901816
28662	-1881.651	-2068.929	187.278	0.2468176	1.614716	2.720636
28668	-1891.417	-2078.406	186.9894	0.2497789	1.469208	2.979193
28674	-1882.096	-2070.065	187.9688	0.2537106	1.687378	2.230574
28680	-1888.235	-2076.654	188.4187	0.2163782	1.871388	1.878467
28686	-1891.666	-2079.962	188.2964	0.259118	1.878296	1.878467
28692	-1897.145	-2085.725	188.5798	0.3169636	2.181879	1.350867
28698	-1895.818	-2084.803	188.9848	0.2188363	2.021202	1.35287
28704	-1897.386	-2086.007	188.6217	0.222281	1.99567	1.637949
28710	-1894.339	-2082.958	188.6186	0.3470811	2.100921	1.332072
28716	-1897.364	-2086.254	188.8902	0.2780522	1.986296	1.332072
28722	-1911.599	-2099.714	188.1155	0.3744967	1.903166	1.806492
28728	-1906.179	-2094.705	188.5257	0.2512332	1.912057	1.710172
28734	-1906.169	-2094.527	188.3582	0.2990329	1.778632	1.837721
28740	-1902.212	-2090.265	188.0523	0.2568119	1.778632	2.11191
28746	-1898.577	-2087.228	188.6519	0.2568119	1.712042	1.751939
28752	-1901.8	-2090.614	188.8135	0.25396	1.699494	1.651597
28758	-1902.727	-2091.091	188.3638	0.25396	1.809425	1.888532
28764	-1900.774	-2089.4	188.6257	0.2694938	1.690344	1.762946
28770	-1889.477	-2078.018	188.541	0.2781313	1.75378	1.762946
28776	-1888.887	-2076.972	188.0853	0.3587536	1.630231	2.03326
28782	-1891.254	-2079.892	188.6389	0.2974224	1.78268	1.64046
28788	-1888.208	-2077.196	188.988	0.2313329	1.763509	1.521416
28794	-1885.821	-2074.637	188.8152	0.2375566	1.673335	1.699925
28800	-1882.911	-2071.576	188.6648	0.3304853	1.850162	1.517326
28806	-1890.559	-2078.903	188.3439	0.2997675	1.615948	1.956722
28812	-1888.614	-2077.152	188.5375	0.2136969	1.644546	1.956722
28818	-1888.976	-2076.803	187.8276	0.2984463	1.512643	2.362259
28824	-1889.65	-2077.311	187.6611	0.2637382	1.404692	2.587082
28830	-1894.982	-2082.929	187.9467	0.3142897	1.56711	2.227988
28836	-1910.011	-2097.871	187.8596	0.3336719	1.4143	2.353942
28842	-1898.401	-2087.118	188.7171	0.2347905	1.739277	1.727892
28848	-1893.869	-2082.499	188.6302	0.1948374	1.813214	1.816741
28854	-1886.768	-2075.398	188.6302	0.1948374	1.813214	1.816741
28860	-1892.471	-2080.703	188.2318	0.1970751	1.725944	2.13754
28866	-1903.881	-2092.241	188.3601	0.1481096	1.757059	2.13754
28872	-1898.468	-2086.901	188.4323	0.2102717	1.76977	1.949932
28878	-1890.597	-2078.778	188.1802	0.2102717	1.757469	2.125152
28884	-1896.63	-2085.181	188.551	0.2102717	1.695376	1.920049
28890	-1896.567	-2084.534	187.9665	0.2353383	1.662534	2.279343
28896	-1876.346	-2064.838	188.492	0.1973202	1.778634	1.929485
28902	-1889.83	-2077.753	187.9224	0.2741715	1.632982	2.262183
28908	-1879.147	-2067.222	188.075	0.1638108	1.632982	2.365955
28914	-1885.467	-2073.532	188.0645	0.1669574	1.632982	2.365955
28920	-1890.839	-2079.568	188.729	0.1207346	1.632982	2.043399
28926	-1881.507	-2070.312	188.8055	0.1960439	1.842661	1.670644
28932	-1890.464	-2078.328	187.8645	0.2620847	1.675403	2.291442
28938	-1887.368	-2074.776	187.4081	0.1823553	1.563561	2.78563
28944	-1879.91	-2068.596	188.6855	0.1767368	1.709429	1.888625
28950	-1872.478	-2061.287	188.8094	0.2176596	1.915319	1.569429
28956	-1867.333	-2055.648	188.3147	0.2764764	1.78708	1.898533
28962	-1873.109	-2061.372	188.2631	0.2136322	1.750244	2.069053
28968	-1880.007	-2068.118	188.1105	0.2023648	1.716593	2.212093
28974	-1874.84	-2062.651	187.8112	0.2749222	1.604068	2.350417
28980	-1877.903	-2065.669	187.766	0.2174919	1.48599	2.548436
28986	-1885.697	-2072.885	187.1889	0.2661661	1.638006	2.730472
28992	-1888.592	-2076.652	188.0596	0.1813234	1.530681	2.404405
28998	-1878.141	-2066.158	188.017	0.2278815	1.515027	2.354189
29004	-1880.649	-2068.898	188.249	0.1839564	1.550638	2.265898
29010	-1884.062	-2072.544	188.4819	0.2529608	1.835289	1.791472
29016	-1882.22	-2070.707	188.4868	0.2529608	1.792979	1.817302
29022	-1874.924	-2063.532	188.6082	0.1606832	1.776826	1.931098
29028	-1877.493	-2065.882	188.3889	0.2000118	1.689174	2.052723
29034	-1886.211	-2074.256	188.0448	0.2379492	1.689174	2.207242
29040	-1882.865	-2071.295	188.4304	0.2314441	1.794283	1.894292
29046	-1865.383	-2053.766	188.3823	0.150256	1.670421	2.174559
29052	-1867.874	-2056.622	188.7476	0.150256	1.712484	1.904593
29058	-1877.611	-2066.396	188.7844	0.1654589	1.882839	1.725812
29064	-1890.895	-2079.426	188.531	0.2168008	2.024615	1.69315
29070	-1890.388	-2078.957	188.5682	0.2055776	1.853555	1.809579
29076	-1883.186	-2072.292	189.1058	0.2027524	1.895489	1.393224
29082	-1879.407	-2068.326	188.9189	0.241836	2.091715	1.298418
29088	-1877.79	-2066.824	189.0339	0.2632328	2.015784	1.219877
29094	-1874.654	-2063.061	188.4067	0.2373919	1.820412	1.881651
29100	-1884.67	-2073.271	188.6009	0.1586677	1.828037	1.906066
29106	-1881.338	-2069.658	188.3204	0.2089043	1.832351	1.985632
29112	-1884.56	-2073.55	188.9892	0.199981	1.9828	1.422357
29118	-1871.394	-2060.598	189.2039	0.1314182	1.996962	1.422357
29124	-1885.906	-2074.794	188.8881	0.180571	2.113921	1.445145
29130	-1888.885	-2077.882	188.9975	0.180571	2.004496	1.445145
29136	-1891.486	-2080.445	188.9591	0.2389271	1.939377	1.393854
29142	-1891.433	-2080.409	188.9757	0.2046928	2.011115	1.400066
29148	-1890.888	-2079.933	189.0452	0.2046928	2.042034	1.320656
29154	-1893.372	-2082.522	189.1492	0.2399036	1.839122	1.320656
29160	-1885.554	-2074.332	188.7784	0.2249533	1.839122	1.632438
29166	-1891.56	-2080.365	188.8045	0.2249533	1.909616	1.562128
29172	-1892.116	-2080.816	188.7001	0.2174727	1.962048	1.615402
29178	-1893.995	-2082.71	188.716	0.1447335	1.916591	1.799861
29184	-1890.459	-2079.297	188.8381	0.2684371	1.950869	1.419492
29190	-1878.732	-2067.798	189.0665	0.1636075	1.90896	1.50703
29196	-1887.183	-2075.927	188.7443	0.1747326	1.810044	1.783511
29202	-1875.048	-2063.628	188.5797	0.1898612	1.810044	1.864062
29208	-1887.96	-2076.776	188.8157	0.2598877	1.817089	1.553447
29214	-1891.659	-2080.355	188.6962	0.2444556	1.843658	1.650223
29220	-1893.623	-2082.497	188.8735	0.2535319	1.883438	1.472921
29226	-1895.067	-2083.963	188.8964	0.2194726	2.004687	1.433357
29232	-1892.969	-2082.022	189.0529	0.2035932	1.909404	1.421565
29238	-1894.431	-2083.035	188.604	0.2225004	1.846238	1.756039
29244	-1895.809	-2084.302	188.4931	0.3093727	1.907708	1.635469
29250	-1897.897	-2086.57	188.6723	0.2815477	1.907708	1.552683
29256	-1892.259	-2081.484	189.2249	0.1964191	1.934979	1.281706
29262	-1894.444	-2083.385	188.9414	0.2858969	1.978183	1.281706
29268	-1889.293	-2078.401	189.1082	0.2449137	1.978183	1.22895
29274	-1894.527	-2083.569	189.0423	0.217373	1.997172	1.32952
29280	-1888.574	-2077.152	188.5781	0.2333822	1.831132	1.763599
29286	-1879.214	-2067.839	188.6246	0.2021146	1.873645	1.763599
29292	-1887.106	-2075.647	188.5412	0.2650038	1.854219	1.715158
29298	-1897.555	-2085.939	188.3839	0.2992283	1.790174	1.811749
29304	-1882.479	-2070.823	188.3437	0.2539938	1.848572	1.875501
29310	-1888.194	-2076.916	188.7221	0.1794215	1.848572	1.761648
29316	-1896.761	-2085.502	188.7409	0.1999347	1.766626	1.761648
29322	-1895.835	-2083.685	187.8502	0.2049198	1.650917	2.415216
29328	-1897.841	-2085.225	187.3836	0.1429172	1.510466	2.913087
29334	-1874.898	-2062.226	187.3279	0.1531889	1.566686	2.8909
29340	-1884.623	-2072.242	187.6184	0.1389908	1.3758	2.861177
29346	-1884.33	-2070.837	186.5068	0.2187527	1.382798	3.3671
29352	-1884.219	-2070.773	186.5538	0.1948596	1.344926	3.402867
29358	-1886.97	-2074.296	187.3256	0.1467218	1.547339	2.917667
29364	-1888.061	-2075.697	187.6356	0.1467218	1.547339	2.729295
29370	-1879.286	-2066.866	187.5801	0.1507084	1.539143	2.759661
29376	-1891.25	-2078.927	187.6769	0.1507084	1.601166	2.662308
29382	-1879.244	-2067.187	187.943	0.183665	1.70884	2.360757
29388	-1875.797	-2063.613	187.8161	0.2266992	1.70884	2.360757
29394	-1874.995	-2062.88	187.8853	0.2478369	1.593648	2.353737
29400	-1883.293	-2071.007	187.7144	0.1943107	1.456667	2.640734
29406	-1886.546	-2074.382	187.8362	0.1683587	1.510109	2.583109
29412	-1888.24	-2076.846	188.606	0.145198	1.641116	2.059001
29418	-1882.096	-2070.49	188.3933	0.1828363	1.742649	2.049219
29424	-1892.066	-2080.737	188.6711	0.1879466	1.754072	1.843829
29430	-1876.63	-2065.325	188.6951	0.1611548	1.712519	1.914787
29436	-1883.029	-2071.194	188.165	0.2246226	1.733139	2.124284
29442	-1886.567	-2074.773	188.2066	0.2246226	1.691526	2.124284
29448	-1897.618	-2085.48	187.8621	0.240086	1.762077	2.27426
29454	-1894.714	-2082.538	187.8247	0.240086	1.567516	2.421608
29460	-1893.535	-2081.677	188.1419	0.2628219	1.63337	2.13823
29466	-1885.272	-2073.462	188.1902	0.1824634	1.811502	2.13823
29472	-1877.033	-2065.371	188.3374	0.214384	1.738367	2.026361
29478	-1886.745	-2075.374	188.6289	0.2487454	1.802913	1.718957
29484	-1883.352	-2072.058	188.7058	0.2267722	1.785342	1.718957
29490	-1887.09	-2075.488	188.398	0.3424974	1.771033	1.748084
29496	-1890.591	-2079.066	188.4749	0.2712313	1.764352	1.813258
29502	-1901.36	-2089.486	188.1254	0.2436279	1.75217	2.103917
29508	-1889.413	-2077.798	188.3848	0.1662881	1.531019	2.227812
29514	-1889.452	-2076.325	186.8738	0.2294561	1.483398	3.07261
29520	-1887.501	-2075.257	187.7561	0.2381755	1.578493	2.461058
29526	-1880.929	-2069.675	188.7459	0.2397171	1.92356	1.565308
29532	-1892.348	-2080.977	188.6289	0.2123876	1.859184	1.749686
29538	-1889.705	-2078.249	188.5434	0.2123876	1.859184	1.809153
29544	-1892.433	-2080.949	188.5166	0.1985751	1.792269	1.901055
29550	-1888.11	-2076.224	188.1145	0.2203123	1.80927	2.115456
29556	-1902.302	-2090.732	188.4306	0.1714388	1.944521	1.913679
29562	-1900.131	-2089.015	188.8838	0.1827131	2.035673	1.502489
29568	-1893.722	-2082.851	189.1294	0.1704641	1.968545	1.396231
29574	-1887.044	-2075.819	188.775	0.1890664	1.819159	1.724
29580	-1895.975	-2083.578	187.6024	0.3506258	1.733054	2.291649
29586	-1891.355	-2079.838	188.4831	0.2522674	1.743724	1.85496
29592	-1899.119	-2085.847	186.7286	0.1978577	1.366384	3.282167
29598	-1898.167	-2085.557	187.3899	0.1978577	1.387489	2.87463
29604	-1900.18	-2087.132	186.9521	0.2394801	1.553316	2.967433
29610	-1899.115	-2086.175	187.06	0.3990587	1.591851	2.658953
29616	-1900.847	-2088.073	187.2264	0.3431394	1.538887	2.658953
29622	-1893.944	-2080.832	186.8889	0.3262909	1.348073	3.002113
29628	-1885.525	-2072.629	187.1041	0.2939483	1.435861	2.863951
29634	-1887.521	-2074.106	186.5843	0.2232035	1.417268	3.293883
29640	-1894.485	-2082.056	187.5712	0.1763296	1.4822	2.747491
29646	-1901.391	-2088.783	187.3918	0.2544505	1.539526	2.684735
29652	-1888.792	-2075.688	186.8958	0.2544505	1.354207	3.0968
29658	-1895.924	-2083.373	187.4486	0.2544505	1.449774	2.704969
29664	-1897.319	-2084.802	187.4823	0.2767637	1.672242	2.511746
29670	-1882.632	-2070.599	187.967	0.2392747	1.681843	2.259832
29676	-1897.42	-2085.678	188.2578	0.1832853	1.657251	2.192843
29682	-1892.713	-2081.405	188.6912	0.2324083	1.722428	1.762444
29688	-1882.223	-2070.708	188.4847	0.2324083	1.786863	1.860556
29694	-1875.139	-2064.02	188.8812	0.3107845	1.859322	1.378613
29700	-1867.072	-2055.988	188.9157	0.2594456	1.955284	1.373335
29706	-1870.085	-2059.29	189.2055	0.1910621	2.10508	1.168093
29712	-1892.022	-2080.817	188.7944	0.2736796	2.015439	1.3932
29718	-1880.323	-2069.255	188.9313	0.240171	1.865092	1.469714
29724	-1882.802	-2071.134	188.3316	0.2503008	1.833451	1.900536
29730	-1893.899	-2082.78	188.8812	0.2503008	1.835217	1.509724
29736	-1881.532	-2070.211	188.6795	0.28894	1.940492	1.509724
29742	-1903.332	-2092.275	188.9428	0.2742641	1.913274	1.355677
29748	-1892.105	-2081.098	188.9931	0.2041069	2.113893	1.306128
29754	-1884.199	-2073.686	189.4876	0.1248799	2.230176	1.000308
29760	-1882.056	-2071.223	189.1675	0.165512	2.378793	1.026362
29766	-1890.879	-2080.08	189.2015	0.1639839	2.246153	1.123347
29772	-1891.042	-2080.228	189.1861	0.1749873	2.158047	1.182873
29778	-1874.294	-2063.404	189.1106	0.1749873	1.884135	1.464336
29784	-1880.012	-2068.859	188.8472	0.147168	1.891619	1.719571
29790	-1879.322	-2068.065	188.7425	0.1844213	1.92017	1.685775
29796	-1875.926	-2064.56	188.634	0.1700167	1.799274	1.877357
29802	-1882.563	-2071.047	188.4841	0.2226014	1.790029	1.877357
29808	-1888.262	-2076.814	188.552	0.1770443	1.690662	1.990553
29814	-1893.114	-2081.157	188.0422	0.2122142	1.606347	2.308216
29820	-1883.964	-2072.175	188.2117	0.1821122	1.527579	2.308216
29826	-1889.616	-2077.554	187.9383	0.2698437	1.555847	2.308216
29832	-1899.197	-2087.366	188.1688	0.1603737	1.754138	2.235999
29838	-1882.235	-2070.799	188.5638	0.1424242	1.755713	2.017612
29844	-1892.349	-2081.154	188.8047	0.1416837	1.920388	1.743038
29850	-1896.727	-2085.839	189.1119	0.1217226	2.044514	1.484445
29856	-1887.67	-2075.622	187.9524	0.1814686	1.697468	2.366381
29862	-1881.339	-2069.396	188.0571	0.177677	1.604786	2.366381
29868	-1891.163	-2079.266	188.1026	0.1878685	1.790979	2.197528
29874	-1905.208	-2092.431	187.2234	0.1999507	1.504522	2.9008
29880	-1901.201	-2088.341	187.1398	0.2220884	1.534239	2.894597
29886	-1898.564	-2086.451	187.8867	0.2736105	1.631252	2.287073
29892	-1890.43	-2078.429	187.9989	0.232729	1.548954	2.335692
29898	-1892.87	-2080.68	187.8097	0.2543741	1.539614	2.424918
29904	-1900.457	-2087.425	186.9682	0.1791704	1.48006	3.106998
29910	-1900.915	-2088.026	187.1105	0.263523	1.490112	2.872259
29916	-1902.18	-2089.279	187.0982	0.2948425	1.526336	2.811374
29922	-1885.682	-2073.555	187.8732	0.2371742	1.528857	2.420363
29928	-1888.915	-2076.994	188.0788	0.2756651	1.730959	2.094671
29934	-1882.875	-2071.386	188.5117	0.3188808	1.725399	1.736569
29940	-1889.566	-2077.682	188.1159	0.3412593	1.719043	1.978321
29946	-1888.985	-2077.051	188.0655	0.2377963	1.807843	2.116853
29952	-1889.994	-2077.638	187.6442	0.273893	1.604553	2.457152
29958	-1895.636	-2083.649	188.0133	0.2712918	1.781146	2.111807
29964	-1895.928	-2084.421	188.4928	0.2712918	1.890146	1.712906
29970	-1878.274	-2066.902	188.6281	0.2824046	1.892403	1.594712
29976	-1879.426	-2067.698	188.2716	0.2443695	1.715826	2.030116
29982	-1880.24	-2068.327	188.0867	0.2836596	1.729312	2.077747
29988	-1883.749	-2072.824	189.0748	0.2471047	1.985326	1.246151
29994	-1879.489	-2068.042	188.5531	0.3109665	1.985326	1.532309
30000	-1899.954	-2089.038	189.0848	0.2430188	1.928127	1.293955
30006	-1894.267	-2083.06	188.7925	0.2092904	1.984951	1.548354
30012	-1888.095	-2076.79	188.6951	0.2947662	1.880319	1.532684
30018	-1881.563	-2070.516	188.9531	0.205753	1.887618	1.509049
30024	-1884.519	-2073.339	188.8202	0.2507858	1.79468	1.583814
30030	-1885.645	-2074.547	188.9018	0.2301922	1.786413	1.570493
30036	-1892.137	-2081.354	189.2169	0.2148463	2.012898	1.177033
30042	-1887.285	-2076.027	188.7414	0.2782581	2.012898	1.427506
30048	-1896.028	-2084.286	188.258	0.3044468	1.737665	1.925292
30054	-1902.888	-2091.332	188.4437	0.1746096	1.596069	2.129715
30060	-1905.945	-2094.039	188.094	0.3219727	1.554033	2.129715
30066	-1895.905	-2083.996	188.0912	0.2294759	1.69942	2.18553
30072	-1889.972	-2078.04	188.068	0.2278516	1.6584	2.229956
30078	-1887.796	-2075.285	187.4893	0.2049102	1.467369	2.7529
30084	-1894.097	-2081.772	187.6743	0.18571	1.537879	2.631682
30090	-1898.959	-2086.886	187.9266	0.2657469	1.569969	2.313215
30096	-1896.305	-2084.285	187.9798	0.2022286	1.585742	2.379549
30102	-1880.405	-2067.528	187.123	0.2206702	1.439742	2.964101
30108	-1880.879	-2068.793	187.9141	0.2421557	1.653037	2.307179
30114	-1893.724	-2081.904	188.1791	0.1659727	1.622431	2.301785
30120	-1887.483	-2075.254	187.7711	0.2413053	1.623998	2.417754
30126	-1890.97	-2078.672	187.7021	0.2241597	1.739775	2.417754
30132	-1879.744	-2068.386	188.6425	0.22066	1.857697	1.72461
30138	-1876.867	-2065.392	188.5245	0.2200123	1.799036	1.848525
30144	-1892.773	-2081.323	188.5505	0.2430913	1.82589	1.768286
30150	-1880.009	-2068.338	188.3293	0.2430913	1.717294	1.992997
30156	-1882.425	-2070.369	187.9435	0.2945539	1.789789	2.115012
30162	-1897.02	-2085.15	188.1301	0.2760333	1.647698	2.115012
30168	-1893.691	-2082.076	188.3848	0.2615193	1.73808	1.90953
30174	-1892.094	-2080.376	188.2818	0.2559392	1.855393	1.90953
30180	-1878.929	-2067.392	188.4626	0.2183304	1.66004	1.987679
30186	-1886.378	-2074.103	187.7252	0.2260681	1.665238	2.446827
30192	-1900.168	-2087.56	187.3914	0.2663946	1.70998	2.560891
30198	-1890.837	-2079.326	188.489	0.2029292	1.687701	1.981356
30204	-1889.878	-2078.245	188.3674	0.2029292	1.851251	1.953255
30210	-1898.851	-2086.665	187.8137	0.2224299	1.827617	2.294259
30216	-1891.064	-2079.857	188.7925	0.2190608	1.771063	1.682937
30222	-1886.098	-2073.977	187.8781	0.3167586	1.722399	2.168274
30228	-1883.754	-2071.87	188.1158	0.2185447	1.653891	2.2188
30234	-1881.124	-2069.23	188.106	0.2185447	1.670183	2.214618
30240	-1881.692	-2069.301	187.6082	0.2185447	1.505769	2.632082
30246	-1885.245	-2072.739	187.4931	0.2373936	1.468592	2.693727
30252	-1891.008	-2077.793	186.7857	0.2373936	1.343599	3.19534
30258	-1884.188	-2071.088	186.9005	0.245313	1.330682	3.122247
30264	-1881.648	-2069.714	188.0664	0.3494649	1.501285	2.14327
30270	-1885.361	-2072.511	187.1494	0.2474868	1.501285	2.866967
30276	-1872.551	-2059.938	187.3879	0.2936595	1.425094	2.697903
30282	-1885.009	-2072.441	187.4316	0.2864483	1.450613	2.665952
30288	-1883.385	-2071.185	187.7998	0.2571077	1.602136	2.387269
30294	-1883.659	-2071.145	187.486	0.2420176	1.543497	2.644401
30300	-1899.08	-2087.056	187.9766	0.2233338	1.626359	2.317121
30306	-1889.947	-2077.886	187.9385	0.3088829	1.615921	2.20971
30312	-1878.758	-2066.385	187.6271	0.2752175	1.583081	2.479277
30318	-1876.765	-2065.295	188.5297	0.2071487	1.806676	1.865047
30324	-1882.41	-2070.859	188.4494	0.2071487	1.790906	1.930295
30330	-1882.619	-2070.84	188.2211	0.2205627	1.66036	2.14261
30336	-1880.147	-2068.166	188.0184	0.1464769	1.492247	2.527444
30342	-1874.235	-2061.759	187.5243	0.1741566	1.525726	2.753807
30348	-1882.413	-2069.935	187.5219	0.1611919	1.68333	2.684925
30354	-1870.854	-2058.856	188.0015	0.2130842	1.725146	2.25662
30360	-1876.882	-2065.069	188.1869	0.2473319	1.775682	2.041428
30366	-1885.342	-2071.675	186.333	0.26303	1.422048	3.376543
30372	-1895.37	-2082.019	186.6488	0.3006116	1.418521	3.138217
30378	-1897.869	-2084.748	186.8787	0.2008679	1.322339	3.214116
30384	-1907.168	-2094.7	187.5313	0.2095442	1.52503	2.683534
30390	-1900.694	-2088.26	187.5664	0.3095483	1.587196	2.463753
30396	-1897.177	-2084.575	187.3974	0.2968088	1.640381	2.554506
30402	-1888.654	-2075.704	187.0504	0.2629086	1.429927	2.945777
30408	-1897.453	-2085.283	187.8292	0.1897328	1.658786	2.452277
30414	-1889.383	-2077.728	188.3448	0.2217758	1.743918	2.003767
30420	-1898.488	-2087.263	188.7748	0.2217758	2.092149	1.454452
30426	-1898.836	-2087.8	188.9637	0.2217758	1.977786	1.397081
30432	-1902.622	-2091.846	189.2242	0.2207376	2.08165	1.094142
30438	-1899.352	-2088.502	189.1507	0.2176323	2.259502	1.002768
30444	-1898.042	-2087.256	189.2144	0.2326472	2.009557	1.138393
30450	-1895.695	-2084.978	189.283	0.1918938	2.08676	1.113155
30456	-1897.927	-2087.126	189.1993	0.2208157	1.942804	1.237473
30462	-1883.685	-2072.553	188.8679	0.2023517	1.91517	1.559202
30468	-1885.013	-2073.977	188.9632	0.1857383	2.002066	1.460781
30474	-1887.182	-2076.054	188.8723	0.2530011	1.713948	1.600541
30480	-1876.066	-2063.995	187.9292	0.2173409	1.754206	2.276542
30486	-1877.114	-2065.832	188.7183	0.2392076	1.870068	1.625394
30492	-1891.148	-2080.003	188.8552	0.2340265	1.913409	1.503183
30498	-1885.547	-2074.012	188.4646	0.2315428	1.969382	1.749841
30504	-1886.815	-2075.442	188.6268	0.2570408	1.912379	1.627073
30510	-1884.961	-2073.998	189.0372	0.207288	1.852882	1.46849
30516	-1882.598	-2071.589	188.9905	0.2184276	1.867479	1.46849
30522	-1889.529	-2078.312	188.7836	0.2280057	1.82078	1.635841
30528	-1889.698	-2078.42	188.7224	0.2219671	1.898824	1.635841
30534	-1884.405	-2073.15	188.7448	0.2181187	1.870135	1.648167
30540	-1882.26	-2071.107	188.8478	0.1539135	1.881277	1.709839
30546	-1884.367	-2073.079	188.7126	0.1959866	1.80163	1.765255
30552	-1893.347	-2081.707	188.3603	0.3003272	1.949225	1.715422
30558	-1883.397	-2072.195	188.7977	0.2157784	2.214473	1.354875
30564	-1895.193	-2084.367	189.1739	0.2137111	2.128639	1.115437
30570	-1887.124	-2076.287	189.1629	0.194041	2.197803	1.115437
30576	-1896.315	-2085.662	189.3473	0.1673083	2.138402	1.078435
30582	-1901.282	-2090.073	188.7912	0.2943583	2.167852	1.232256
30588	-1884.514	-2073.503	188.9888	0.2768787	2.108121	1.149663
30594	-1896.242	-2085.297	189.0548	0.2439878	2.065737	1.202024
30600	-1884.7	-2073.343	188.643	0.1970773	2.009403	1.665409
30606	-1888.975	-2077.27	188.2949	0.1930942	1.457989	2.277727
30612	-1888.769	-2076.763	187.9948	0.221847	1.673986	2.277727
30618	-1885.528	-2072.73	187.2026	0.2219884	1.50475	2.874616
30624	-1886.7	-2074.112	187.4121	0.2248318	1.504335	2.742601
30630	-1892.723	-2081.306	188.5827	0.1633952	1.77436	1.943815
30636	-1889.194	-2077.503	188.309	0.2291894	1.767006	1.998521
30642	-1894.37	-2082.835	188.4646	0.2620216	1.758656	1.840208
30648	-1881.164	-2069.937	188.7736	0.1590924	1.750447	1.840208
30654	-1890.187	-2077.819	187.6318	0.2008556	1.70047	2.528588
30660	-1875.759	-2063.479	187.7208	0.2006863	1.612003	2.528588
30666	-1888.944	-2075.415	186.4712	0.2947521	1.517265	3.193133
30672	-1888.04	-2074.765	186.7254	0.2327287	1.499237	3.146229
30678	-1888.16	-2075.155	186.9947	0.2129779	1.525058	3.003103
30684	-1906.747	-2093.014	186.2671	0.2362727	1.471933	3.426968
30690	-1880.368	-2067.606	187.2374	0.2362727	1.549138	2.802664
30696	-1885.388	-2072.029	186.6405	0.1898951	1.439438	3.305275
30702	-1892.224	-2079.724	187.5006	0.1985618	1.474708	2.753025
30708	-1895.825	-2083.218	187.3929	0.1987483	1.601532	2.740978
30714	-1900.276	-2087.722	187.4461	0.2291304	1.577345	2.669607
30720	-1904.046	-2091.463	187.4178	0.2786227	1.866416	2.427543
30726	-1883.931	-2072.552	188.6211	0.2726936	1.79726	1.68533
30732	-1888.156	-2076.383	188.2265	0.2726936	1.79318	1.960214
30738	-1906.562	-2095.007	188.4447	0.2726936	1.746428	1.843914
30744	-1899.63	-2088.429	188.7991	0.2726936	1.862542	1.508145
30750	-1895.504	-2084.333	188.8291	0.1739812	1.862542	1.68878
30756	-1889.865	-2078.363	188.498	0.2906118	1.890086	1.675923
30762	-1892.324	-2081.093	188.7694	0.2404334	1.891387	1.570288
30768	-1891.311	-2080.28	188.9693	0.3268737	2.139752	1.031079
30774	-1886.588	-2075.759	189.1709	0.2359542	2.278555	0.9081608
30780	-1887.164	-2076.187	189.0229	0.2952156	2.405054	0.7455718
30786	-1891.966	-2080.862	188.8964	0.3422139	2.443761	0.7177431
30792	-1893.617	-2082.666	189.0495	0.3186153	2.368735	0.6704352
30798	-1896.425	-2085.543	189.1179	0.3373385	2.247863	0.691638
30804	-1971.465	-2156.183	184.7185	0.2688668	1.166237	4.44141
30810	-1887.645	-2076.078	188.4336	0.3082068	1.850895	1.720225
30816	-1895.202	-2083.785	188.5824	0.2813766	1.7916	1.701702
30822	-1900.43	-2088.941	188.5112	0.3062727	1.868514	1.655762
30828	-1898.528	-2086.843	188.3151	0.4302131	1.895606	1.594567
30834	-1900.565	-2089.228	188.6624	0.2060327	1.87917	1.725083
30840	-1890.069	-2078.083	188.0146	0.2935487	1.704385	2.125895
30846	-1894.386	-2083.014	188.6285	0.3042029	1.80993	1.616931
30852	-1895.498	-2083.561	188.0634	0.2697622	1.558334	2.226507
30858	-1899.752	-2087.46	187.7078	0.252479	1.447166	2.549651
30864	-1895.913	-2083.767	187.854	0.1628439	1.590375	2.533561
30870	-1887.007	-2074.98	187.9731	0.1688434	1.557743	2.467074
30876	-1887.623	-2075.055	187.4322	0.1688434	1.584654	2.784603
30882	-1882.407	-2070.454	188.0472	0.1727378	1.624064	2.370573
30888	-1885.433	-2073.556	188.1228	0.2341681	1.642124	2.193829
30894	-1884.174	-2072.397	188.2235	0.3040335	1.572218	2.059384
30900	-1894.442	-2082.654	188.2119	0.3187966	1.600543	2.026115
