Iteration	Posterior	Likelihood	Prior	rate01	rate_log_sd	tree_length
0	-1892.622	-2080.048	187.4259	0.2538959	1.669267	2.584472
6	-1881.549	-2069.302	187.7525	0.2590685	1.448596	2.510344
12	-1893.809	-2081.783	187.974	0.1882234	1.425871	2.510344
18	-1888.114	-2076.587	188.4723	0.2575758	1.556338	1.979738
24	-1879.964	-2068.634	188.6703	0.2603227	1.716755	1.729455
30	-1879.24	-2068.121	188.8809	0.1828649	1.724288	1.729902
36	-1874.975	-2063.333	188.3586	0.1997156	1.622992	2.116715
42	-1883.765	-2070.858	187.0933	0.2550006	1.523511	2.875634
48	-1892.277	-2079.306	187.0292	0.2737023	1.448506	2.931105
54	-1887.937	-2075.975	188.0384	0.2332841	1.709526	2.206427
60	-1898.577	-2086.444	187.8672	0.2440991	1.597905	2.36881
66	-1909.92	-2097.505	187.5854	0.2792169	1.367423	2.633193
72	-1886.839	-2072.838	185.9989	0.3331365	1.391178	3.493916
78	-1907.075	-2093.352	186.2771	0.3412583	1.375499	3.329813
84	-1895.813	-2082.16	186.3475	0.3412583	1.457662	3.239832
90	-1900.472	-2087.436	186.9634	0.325165	1.497234	2.868803
96	-1886.206	-2073.321	187.1151	0.285381	1.52627	2.814803
102	-1882.586	-2070.098	187.5121	0.285381	1.674306	2.478714
108	-1898.388	-2085.545	187.1564	0.3145162	1.449984	2.794776
114	-1886.857	-2073.653	186.7957	0.3145162	1.479177	2.995152
120	-1891.01	-2076.522	185.512	0.2601164	1.222039	3.971924
126	-1888.256	-2073.462	185.2057	0.2364485	1.208836	4.189398
132	-1894.023	-2082.764	188.7413	0.2797044	1.777031	1.601079
138	-1882.83	-2071.646	188.816	0.2766285	1.686957	1.617718
144	-1884.995	-2073.746	188.7515	0.2438746	1.73481	1.689526
150	-1897.419	-2085.669	188.2505	0.329352	1.649219	1.952178
156	-1885.838	-2074.341	188.5024	0.2260171	1.838459	1.825057
162	-1879.637	-2068.178	188.5416	0.2516527	1.730316	1.825057
168	-1889.547	-2077.637	188.0903	0.2190063	1.663487	2.228259
174	-1882.87	-2071.258	188.3879	0.1927693	1.65092	2.092999
180	-1900.924	-2089.116	188.1921	0.2469855	1.795526	2.02542
186	-1905.01	-2093.631	188.6218	0.2316716	1.805692	1.754106
192	-1908.521	-2097.094	188.5728	0.2316716	1.805692	1.788277
198	-1907.934	-2096.525	188.5902	0.2128853	1.73109	1.863993
204	-1898.085	-2086.481	188.3962	0.2221876	1.836233	1.906469
210	-1888.868	-2077.229	188.3602	0.275884	1.696968	1.929654
216	-1887.884	-2076.153	188.2686	0.2845682	1.805743	1.903799
222	-1904.414	-2092.723	188.309	0.2989147	1.979995	1.73221
228	-1875.906	-2065.01	189.1032	0.1696105	2.092951	1.320719
234	-1885.197	-2074.023	188.8251	0.3269105	2.245094	1.068062
240	-1886.458	-2075.72	189.2615	0.1636827	2.033723	1.255838
246	-1884.893	-2074.133	189.2402	0.1876403	2.033723	1.208847
252	-1881.324	-2070.359	189.0348	0.2582914	2.04045	1.208847
258	-1880.913	-2069.947	189.034	0.2410194	1.998839	1.282085
264	-1893.116	-2082.242	189.1263	0.2189516	1.852682	1.374006
270	-1883.134	-2072.259	189.1251	0.24605	1.962008	1.225828
276	-1902.678	-2091.748	189.0693	0.24605	2.089148	1.164507
282	-1900.649	-2089.068	188.4191	0.2704919	1.791371	1.834373
288	-1893.038	-2081.434	188.396	0.1970775	1.867557	1.934751
294	-1884.153	-2072.767	188.6139	0.2084276	1.913844	1.729876
300	-1890.035	-2078.011	187.9753	0.2650695	1.609786	2.257656
306	-1884.27	-2072.239	187.9697	0.2218429	1.534225	2.38268
312	-1884.399	-2070.847	186.4486	0.1981655	1.474822	3.382499
318	-1874.6	-2060.701	186.1008	0.2116249	1.332372	3.64524
324	-1882.223	-2067.025	184.8022	0.211209	1.184377	4.471231
330	-1891.591	-2080.597	189.0064	0.1344107	1.860331	1.661545
336	-1881.656	-2070.151	188.4947	0.218853	1.733652	1.915604
342	-1891.906	-2080.052	188.1455	0.2785616	1.693841	2.070564
348	-1894.929	-2083.409	188.4801	0.2785616	1.787508	1.781115
354	-1898.085	-2086.218	188.1323	0.1573977	1.763228	2.260102
360	-1884.125	-2072.76	188.6353	0.2236492	1.875603	1.711145
366	-1886.791	-2075.714	188.923	0.2236492	1.882391	1.49707
372	-1889.552	-2078.543	188.9905	0.1516439	1.893252	1.604707
378	-1883.476	-2072.289	188.8127	0.2247419	1.824219	1.618856
384	-1882.815	-2071.755	188.9403	0.2217679	1.853387	1.509771
390	-1881.45	-2070.105	188.6552	0.3153005	1.903582	1.509771
396	-1895.078	-2082.978	187.9	0.2749346	1.538506	2.335632
402	-1883.461	-2071.675	188.2142	0.3231092	1.684931	1.961812
408	-1890.048	-2077.997	187.9491	0.2280473	1.707447	2.274462
414	-1884.437	-2072.198	187.7603	0.3167585	1.675636	2.274462
420	-1883.067	-2070.791	187.7238	0.3605294	1.617765	2.274462
426	-1896.252	-2084.85	188.5974	0.2900756	1.680091	1.75491
432	-1899.419	-2087.628	188.2086	0.3485993	1.831169	1.828795
438	-1885.587	-2073.946	188.3591	0.2180846	1.831169	1.942728
444	-1889.208	-2077.405	188.1977	0.2180846	1.789881	2.077704
450	-1897.133	-2084.797	187.6639	0.2213066	1.628527	2.516537
456	-1900.466	-2089.063	188.5969	0.152261	1.731382	1.988615
462	-1883.038	-2071.726	188.6872	0.2506261	1.761207	1.703773
468	-1895.055	-2083.689	188.6344	0.2327296	1.818355	1.73442
474	-1886.219	-2074.973	188.7539	0.1859333	1.763323	1.784635
480	-1898.592	-2086.201	187.6091	0.173702	1.623311	2.642758
486	-1895.801	-2083.368	187.5669	0.2469908	1.662333	2.512298
492	-1891.505	-2080.613	189.1087	0.2051427	1.93858	1.351537
498	-1890.469	-2079.079	188.6103	0.2359896	1.869913	1.708797
504	-1886.202	-2074.651	188.4489	0.2308156	1.741222	1.918912
510	-1875.151	-2063.678	188.527	0.2271424	1.741222	1.872737
516	-1883.555	-2071.087	187.5327	0.3469559	1.495769	2.490606
522	-1879.123	-2067.627	188.5041	0.3715171	1.932672	1.511241
528	-1889.393	-2077.884	188.4915	0.2635622	1.870383	1.741361
534	-1880.756	-2069.643	188.8872	0.1887516	1.746153	1.697001
540	-1881.939	-2070.672	188.7339	0.2162348	1.829656	1.688696
546	-1880.056	-2068.626	188.5705	0.2144304	1.681056	1.908432
552	-1878.421	-2066.654	188.2331	0.2413444	1.561702	2.161923
558	-1882.98	-2070.014	187.0345	0.2395855	1.37544	3.024603
564	-1882.321	-2069.784	187.4633	0.334432	1.39794	2.611364
570	-1882.796	-2070.581	187.7847	0.308582	1.555563	2.34732
576	-1875.043	-2062.65	187.6065	0.2610193	1.553295	2.532986
582	-1876.07	-2063.452	187.382	0.2339566	1.582869	2.697483
588	-1882.338	-2068.968	186.6301	0.2173023	1.493408	3.231678
594	-1889.6	-2076.152	186.5516	0.2957914	1.499594	3.154502
600	-1889.975	-2076.495	186.52	0.282815	1.377887	3.263595
606	-1895.235	-2081.379	186.144	0.260379	1.405138	3.500933
612	-1900.113	-2084.792	184.6794	0.3089492	1.155911	4.415299
618	-1884.749	-2070.41	185.6602	0.2963737	1.236027	3.82802
624	-1885.217	-2071.894	186.6766	0.2963737	1.349032	3.168856
630	-1886.215	-2073.323	187.1081	0.3254188	1.443098	2.813517
636	-1896.287	-2082.543	186.2558	0.2806805	1.385693	3.417411
642	-1907.314	-2094.14	186.8262	0.2744262	1.65342	2.928901
648	-1913.443	-2101.274	187.8304	0.2928974	1.69152	2.254619
654	-1886.736	-2074.481	187.7445	0.2928974	1.593914	2.371668
660	-1886.231	-2074.71	188.4787	0.2834652	1.837253	1.739055
666	-1880.19	-2068.913	188.7238	0.2332166	1.922499	1.595107
672	-1895.552	-2084.172	188.6201	0.2162611	1.81899	1.776069
678	-1901.28	-2089.458	188.178	0.2162611	1.773359	2.104904
684	-1894.143	-2082.77	188.6271	0.1707061	1.999935	1.741887
690	-1885.818	-2074.656	188.8386	0.1920236	2.12882	1.444322
696	-1895.986	-2084.289	188.3035	0.1918038	1.723937	2.102398
702	-1883.803	-2071.809	188.0063	0.1745976	1.637421	2.384204
708	-1896.376	-2084.549	188.1734	0.1745976	1.939058	2.082048
714	-1887.998	-2076.505	188.5069	0.2144806	1.817142	1.858998
720	-1893.589	-2082.143	188.5536	0.2487304	1.782421	1.786006
726	-1904.379	-2092.917	188.5377	0.2704887	1.746058	1.783744
732	-1888	-2076.534	188.5338	0.2337844	1.840784	1.786964
738	-1884.8	-2073.758	188.9589	0.2300405	1.889816	1.450858
744	-1882.546	-2070.932	188.3862	0.4172092	1.958007	1.513926
750	-1886.597	-2075.718	189.1216	0.2317191	1.958007	1.264297
756	-1882.898	-2071.79	188.892	0.3576932	1.938728	1.222383
762	-1888.065	-2077.148	189.0834	0.2866809	2.035922	1.108198
768	-1890.85	-2079.627	188.7771	0.3249654	2.253984	1.108227
774	-1893.798	-2080.762	186.9639	0.2508445	1.457088	3.000111
780	-1902.901	-2089.895	186.9941	0.1888894	1.393573	3.124937
786	-1892.083	-2079.35	187.2675	0.1820431	1.509362	2.904412
792	-1896.766	-2082.65	185.8836	0.2803217	1.410138	3.620639
798	-1888.004	-2075.55	187.5456	0.2758239	1.472539	2.597971
804	-1890.719	-2077.511	186.7922	0.2490291	1.485032	3.088979
810	-1893.685	-2080.763	187.0779	0.232919	1.445286	2.967434
816	-1893.963	-2080.917	186.9536	0.2412734	1.547059	2.967434
822	-1881.766	-2068.417	186.6506	0.2107037	1.44829	3.257439
828	-1873.325	-2060.091	186.7659	0.2487438	1.513049	3.088349
834	-1888.231	-2075.512	187.2813	0.2178416	1.580526	2.787911
840	-1889.016	-2076.187	187.1715	0.1860963	1.53802	2.937394
846	-1893.643	-2080.552	186.909	0.2259267	1.41076	3.100749
852	-1897.272	-2085.346	188.0734	0.2403698	1.544858	2.277516
858	-1887.689	-2075.803	188.1139	0.2086732	1.463025	2.360294
864	-1895.536	-2083.36	187.8244	0.2383117	1.669558	2.360294
870	-1896.345	-2084.461	188.1159	0.2791871	1.793528	2.023166
876	-1893.346	-2081.327	187.9808	0.3233663	1.628337	2.153051
882	-1899.48	-2087.048	187.5681	0.3233663	1.683315	2.382551
888	-1901.053	-2088.664	187.6109	0.3079399	1.658146	2.393419
894	-1893.867	-2080.484	186.6164	0.2989581	1.316909	3.219979
900	-1889.608	-2075.181	185.5727	0.1817247	1.35942	3.985497
906	-1901.079	-2087.711	186.6329	0.1882473	1.484253	3.286338
912	-1884.447	-2071.395	186.9482	0.2365455	1.39842	3.067384
918	-1893.64	-2079.743	186.1025	0.2172293	1.427652	3.579616
924	-1886.891	-2073.695	186.8042	0.21799	1.355914	3.208879
930	-1889.548	-2076.914	187.3664	0.1834788	1.373193	2.924193
936	-1907.034	-2092.257	185.2227	0.3411382	1.331193	3.966857
942	-1887.603	-2073.817	186.2139	0.2684342	1.319841	3.498058
948	-1894.914	-2080.975	186.0608	0.2542252	1.322356	3.606717
954	-1898.056	-2084.932	186.8766	0.2542252	1.41544	3.072058
960	-1891.57	-2077.211	185.6409	0.2542252	1.37871	3.816787
966	-1902.27	-2089.142	186.8719	0.2336317	1.509332	3.05139
972	-1906.398	-2093.508	187.1106	0.3481067	1.574805	2.701576
978	-1896.81	-2082.995	186.1852	0.2886525	1.367431	3.458206
984	-1902.67	-2089.298	186.6284	0.3104481	1.485037	3.097257
990	-1900.236	-2086.406	186.17	0.3126428	1.474083	3.371886
996	-1906.064	-2092.12	186.0565	0.2372654	1.399469	3.59047
1002	-1885.09	-2071.679	186.5892	0.2372654	1.386737	3.286178
1008	-1883.482	-2070.781	187.2985	0.2242027	1.451596	2.844934
1014	-1890.986	-2076.188	185.2013	0.327025	1.400456	3.956973
1020	-1881.765	-2067.081	185.3152	0.3294709	1.187477	4.010554
1026	-1888.646	-2073.207	184.5616	0.3243261	1.304389	4.37846
1032	-1875.341	-2061.304	185.9629	0.3039635	1.400103	3.547829
1038	-1887.351	-2074.257	186.9057	0.2790902	1.282033	3.097033
1044	-1894.508	-2081.072	186.5647	0.3441347	1.474855	3.097033
1050	-1908.514	-2094.049	185.5345	0.3169395	1.302585	3.834854
1056	-1903.001	-2087.824	184.8237	0.253283	1.24329	4.360956
1062	-1900.503	-2088.587	188.0841	0.3095637	1.829547	1.97255
1068	-1894.703	-2083.502	188.7988	0.2511287	1.925744	1.502041
1074	-1909.745	-2098.48	188.7344	0.2698572	1.947891	1.497929
1080	-1901.796	-2090.661	188.8655	0.2667588	1.893726	1.445572
1086	-1894.338	-2082.243	187.9052	0.2128895	1.656704	2.362066
1092	-1906.553	-2094.3	187.7463	0.2428604	1.732674	2.362066
1098	-1891.272	-2079.164	187.8913	0.2563357	1.576844	2.346569
1104	-1890.88	-2078.991	188.1101	0.1796287	1.576844	2.346569
1110	-1886.654	-2074.877	188.2228	0.1697173	1.686686	2.224581
1116	-1907.484	-2095.659	188.1752	0.1572411	1.679644	2.286505
1122	-1884.178	-2071.95	187.7719	0.1898883	1.571194	2.542529
1128	-1890.24	-2077.602	187.3615	0.1898883	1.43497	2.877804
1134	-1888.863	-2075.664	186.8004	0.207605	1.380966	3.214018
1140	-1899.16	-2086.159	186.9984	0.207605	1.380966	3.096362
1146	-1888.397	-2075.724	187.3268	0.2354912	1.600337	2.718081
1152	-1899.494	-2087.228	187.734	0.1884866	1.46128	2.63681
1158	-1890.409	-2077.892	187.4835	0.2458642	1.548074	2.63681
1164	-1893.745	-2081.751	188.006	0.1957431	1.692021	2.307715
1170	-1891.845	-2080.136	188.2905	0.1957431	1.811199	2.045585
1176	-1897.305	-2086.176	188.8711	0.1686561	1.749111	1.751423
1182	-1894.452	-2083.061	188.6084	0.2632985	1.869796	1.659425
1188	-1886.865	-2075.713	188.8478	0.2632985	1.911682	1.451986
1194	-1881.094	-2069.898	188.8045	0.2632985	1.816404	1.555822
1200	-1898.493	-2087.097	188.6042	0.2277762	1.971332	1.657013
1206	-1887.828	-2076.693	188.8657	0.1866137	1.987124	1.543061
1212	-1892.398	-2081.301	188.9024	0.1932235	2.073181	1.435318
1218	-1894.714	-2083.568	188.854	0.2117795	1.982037	1.499399
1224	-1895.086	-2083.94	188.854	0.2117795	1.982037	1.499399
1230	-1895.07	-2083.955	188.8846	0.1756716	2.100175	1.470195
1236	-1889.759	-2078.29	188.5313	0.2706299	1.976053	1.625262
1242	-1896.65	-2084.903	188.2524	0.2659797	1.756763	1.978509
1248	-1896.293	-2083.546	187.2528	0.2696286	1.626311	2.693157
1254	-1904.66	-2092.494	187.8338	0.1985823	1.646107	2.440422
1260	-1891.345	-2078.271	186.9254	0.3002737	1.633433	2.843522
1266	-1887.657	-2074.932	187.2744	0.2130751	1.553679	2.816751
1272	-1882.395	-2070.262	187.8668	0.1662393	1.65976	2.475132
1278	-1882.766	-2069.898	187.1318	0.2331836	1.658097	2.805681
1284	-1890.251	-2077.088	186.8373	0.2388004	1.450406	3.098923
1290	-1896.291	-2082.843	186.552	0.1772718	1.470989	3.362081
1296	-1891.733	-2076.376	184.6428	0.1867452	1.146732	4.623141
1302	-1889.947	-2075.903	185.9569	0.213833	1.365268	3.705798
1308	-1894.519	-2080.605	186.0861	0.2010054	1.273542	3.705798
1314	-1887.722	-2073.939	186.2166	0.2184487	1.33777	3.563491
1320	-1874.833	-2060.765	185.9317	0.2191706	1.360819	3.714125
1326	-1879.725	-2066.586	186.8607	0.1690003	1.383099	3.247822
1332	-1885.009	-2073.477	188.4679	0.201345	1.764278	1.947273
1338	-1886.788	-2075.351	188.5634	0.2445236	1.821924	1.75942
1344	-1894.41	-2083.12	188.7099	0.2499225	1.68999	1.739286
1350	-1901.459	-2089.992	188.5334	0.2398376	1.941952	1.704919
1356	-1896.96	-2085.251	188.2916	0.2328696	1.601827	2.112468
1362	-1886.499	-2074.396	187.8972	0.2875455	1.599859	2.278732
1368	-1890.716	-2078.603	187.8869	0.2475003	1.599859	2.349371
1374	-1897.325	-2084.757	187.4324	0.1984386	1.499741	2.779598
1380	-1880.276	-2067.541	187.2652	0.2437201	1.523114	2.789416
1386	-1897.038	-2085.196	188.1583	0.1829391	1.519294	2.34587
1392	-1881.807	-2069.885	188.0783	0.1829391	1.591862	2.350592
1398	-1890.984	-2079.12	188.1364	0.1613946	1.582637	2.364064
1404	-1877.743	-2065.144	187.4008	0.1855224	1.427902	2.866476
1410	-1883.036	-2070.83	187.7941	0.2036028	1.467712	2.56734
1416	-1892.112	-2079.602	187.4897	0.2176017	1.510149	2.703932
1422	-1899.243	-2086.106	186.8629	0.2460307	1.566812	3.002446
1428	-1899.602	-2086.392	186.7897	0.2818545	1.549446	3.002446
1434	-1888.569	-2075.877	187.3085	0.2169461	1.459626	2.84641
1440	-1880.65	-2066.828	186.1777	0.2169461	1.537407	3.472309
1446	-1889.311	-2076.064	186.7528	0.2083306	1.353138	3.257365
1452	-1894.536	-2080.25	185.7138	0.2488111	1.308968	3.823083
1458	-1883.413	-2070.496	187.0832	0.2199493	1.594209	2.896209
1464	-1897.606	-2084.332	186.726	0.2731499	1.456156	3.109061
1470	-1884.046	-2072.559	188.5132	0.2651317	1.684335	1.852422
1476	-1882.011	-2070.535	188.5245	0.2769296	1.676154	1.830165
1482	-1882.346	-2071.602	189.2563	0.186681	2.076172	1.160741
1488	-1884.696	-2073.593	188.8973	0.3282835	2.154526	1.082439
1494	-1887.012	-2075.853	188.8416	0.3282835	2.210226	1.082439
1500	-1880.692	-2069.499	188.8068	0.246821	1.962072	1.477224
1506	-1900.33	-2089.046	188.7162	0.2627717	2.011381	1.477224
1512	-1905.227	-2093.669	188.4421	0.225561	1.780225	1.90688
1518	-1903.711	-2092.65	188.9392	0.1978055	1.835352	1.575473
1524	-1897.451	-2086.498	189.047	0.219976	1.953304	1.354849
1530	-1895.808	-2084.997	189.189	0.2387806	2.044626	1.114784
1536	-1888.493	-2077.275	188.7814	0.2878303	1.92945	1.443064
1542	-1891.164	-2080.317	189.153	0.2237281	2.035765	1.190838
1548	-1901.878	-2091.038	189.1604	0.1780862	2.184789	1.173368
1554	-1893.457	-2082.707	189.2498	0.2022603	2.144703	1.061293
1560	-1903.099	-2092.014	188.9146	0.2354579	1.985553	1.399828
1566	-1887.016	-2075.826	188.8093	0.2111374	1.91029	1.586857
1572	-1887.237	-2076.081	188.8441	0.1674943	1.838177	1.710429
1578	-1870.252	-2058.789	188.5373	0.2273861	1.834145	1.801342
1584	-1877.245	-2066.011	188.7659	0.2481959	1.834483	1.599346
1590	-1886.449	-2075.559	189.1093	0.2113259	1.912624	1.357331
1596	-1876.119	-2064.796	188.6768	0.2544419	1.868351	1.62758
1602	-1889.782	-2078.398	188.6161	0.2544419	1.814782	1.709157
1608	-1887.399	-2076.402	189.003	0.1989605	1.947567	1.441143
1614	-1881.308	-2070.396	189.0881	0.2607995	2.091731	1.111321
1620	-1882.674	-2071.71	189.036	0.272886	2.060336	1.158826
1626	-1880.047	-2068.788	188.7414	0.272886	2.148807	1.331237
1632	-1877.292	-2065.384	188.0921	0.1754504	1.78484	2.233558
1638	-1895.64	-2083.528	187.8872	0.188039	1.460556	2.543168
1644	-1883.176	-2070.68	187.5035	0.2811089	1.443742	2.63377
1650	-1893.492	-2080.798	187.3061	0.3459323	1.494174	2.63377
1656	-1880.609	-2068.01	187.4011	0.2952379	1.603682	2.577275
1662	-1891.788	-2079.645	187.8566	0.3517107	1.69615	2.149899
1668	-1880.528	-2069.121	188.5931	0.2179703	1.757805	1.833739
1674	-1882.004	-2071.012	189.0076	0.2499624	2.029898	1.258755
1680	-1878.151	-2067.249	189.0975	0.2739368	2.034947	1.124381
1686	-1883.313	-2072.408	189.0944	0.2506834	2.137828	1.08712
1692	-1892.231	-2080.616	188.3845	0.4384299	2.047293	1.417764
1698	-1883.148	-2071.882	188.7338	0.3360052	1.927794	1.396536
1704	-1879.914	-2068.242	188.3282	0.3200595	1.874723	1.758693
1710	-1885.747	-2074.246	188.499	0.2492236	1.652516	1.911609
1716	-1886.12	-2073.143	187.0237	0.2809586	1.652516	2.800108
1722	-1882.646	-2068.735	186.0888	0.2330552	1.375171	3.592423
1728	-1872.958	-2059.463	186.5051	0.1902753	1.510568	3.34245
1734	-1876.599	-2063.095	186.4967	0.2677581	1.401724	3.285176
1740	-1890.843	-2076.475	185.6322	0.2658114	1.408517	3.787622
1746	-1905.772	-2092.179	186.407	0.1903157	1.402158	3.463378
1752	-1890.172	-2075.529	185.3563	0.2634359	1.317427	4.001603
1758	-1896.093	-2081.179	185.0861	0.2190163	1.298602	4.233702
1764	-1894.586	-2080.762	186.1763	0.2190163	1.353944	3.57662
1770	-1896.075	-2082.327	186.2519	0.2229824	1.267179	3.57662
1776	-1881.046	-2067.377	186.3316	0.2473983	1.488131	3.362216
1782	-1894.622	-2081.8	187.178	0.2084687	1.317687	3.025345
1788	-1891.271	-2078.983	187.7118	0.2363653	1.569966	2.497242
1794	-1897.739	-2085.585	187.8461	0.2603902	1.721574	2.276455
1800	-1907.318	-2095.252	187.934	0.2551303	1.65999	2.268209
1806	-1913.767	-2101.924	188.1571	0.1552121	1.632388	2.332702
1812	-1908.169	-2095.696	187.5265	0.192185	1.444725	2.767298
1818	-1896.807	-2084.564	187.7565	0.2443936	1.66267	2.397338
1824	-1894.064	-2081.575	187.5114	0.2314362	1.585551	2.620402
1830	-1880.816	-2068.008	187.1919	0.2314362	1.493032	2.872289
1836	-1889.838	-2076.827	186.9899	0.2656899	1.605138	2.872289
1842	-1892.333	-2079.628	187.2955	0.1942342	1.466473	2.890612
1848	-1894.416	-2081.617	187.2011	0.2009728	1.540564	2.890612
1854	-1895.181	-2082.778	187.5972	0.2176302	1.586375	2.590669
1860	-1882.901	-2071.063	188.1613	0.2566775	1.664539	2.115429
1866	-1886.735	-2075.178	188.4433	0.2566775	1.730217	1.883517
1872	-1899.653	-2088.06	188.4076	0.2708107	1.730217	1.883517
1878	-1895.256	-2083.65	188.394	0.2708107	1.78245	1.857139
1884	-1897.041	-2085.141	188.1004	0.2838423	1.584701	2.163127
1890	-1886.679	-2075.085	188.4064	0.2123355	1.696522	2.012223
1896	-1890.218	-2078.404	188.1861	0.2783562	1.783977	1.984072
1902	-1880.255	-2068.427	188.1713	0.2500126	1.797095	2.032869
1908	-1884.642	-2072.862	188.2203	0.3106067	1.738059	1.940922
1914	-1881.214	-2069.732	188.5177	0.2616561	1.895318	1.708762
1920	-1868.838	-2057.726	188.888	0.1670868	1.806045	1.703051
1926	-1885.265	-2073.51	188.2443	0.2056718	1.68904	2.136766
1932	-1884.269	-2072.197	187.9286	0.2422678	1.710747	2.26078
1938	-1885.309	-2073.278	187.9686	0.2601637	1.724095	2.196316
1944	-1872.464	-2060.706	188.2419	0.2643286	1.666906	2.047994
1950	-1902.655	-2091.846	189.1913	0.1684192	2.014679	1.316011
1956	-1881.701	-2070.93	189.2294	0.1898687	1.996645	1.243448
1962	-1876.921	-2066.298	189.3771	0.1898687	2.211417	0.9013784
1968	-1890.017	-2079.323	189.3065	0.1851799	2.155473	1.046573
1974	-1905.585	-2094.775	189.1896	0.1866817	2.155473	1.149657
1980	-1900.073	-2086.58	186.5074	0.2850247	1.497779	3.196989
1986	-1884.653	-2072.137	187.4839	0.2209824	1.502029	2.706629
1992	-1885.499	-2073.822	188.3225	0.2129811	1.824732	1.981412
1998	-1873.748	-2062.336	188.5881	0.161357	1.719831	1.981412
2004	-1878.414	-2066.837	188.4233	0.1941758	1.736998	2.009856
2010	-1880.044	-2068.55	188.5059	0.1820176	1.643396	2.042089
2016	-1889.202	-2077.526	188.3234	0.1761174	1.582155	2.213734
2022	-1885.79	-2073.979	188.189	0.1761174	1.765101	2.18231
2028	-1872.139	-2060.514	188.3752	0.1312985	1.578095	2.28296
2034	-1889.5	-2077.618	188.1182	0.1526504	1.74456	2.291591
2040	-1885.782	-2074.035	188.253	0.1848151	1.606296	2.225758
2046	-1882.069	-2070.157	188.0879	0.1848151	1.677214	2.2863
2052	-1879.083	-2067.568	188.4845	0.2057739	1.72786	1.951842
2058	-1875.713	-2064.215	188.5024	0.1979765	1.77941	1.920605
2064	-1900.304	-2089.277	188.9735	0.1979765	1.939121	1.472302
2070	-1884.886	-2073.9	189.0142	0.1979765	1.89847	1.472302
2076	-1890.94	-2079.548	188.608	0.2510424	1.87897	1.675611
2082	-1897.264	-2085.547	188.2828	0.225986	1.866078	1.955679
2088	-1897.276	-2085.896	188.6202	0.2110167	1.817644	1.787469
2094	-1892.412	-2080.963	188.5515	0.2580113	1.793737	1.762837
2100	-1882.451	-2069.508	187.0565	0.269397	1.508461	2.884858
2106	-1877.142	-2064.654	187.5121	0.1880503	1.593767	2.692678
2112	-1885.61	-2072.994	187.3843	0.1876363	1.722901	2.692678
2118	-1883.691	-2072.207	188.5158	0.2159308	1.810312	1.854723
2124	-1887.001	-2075.507	188.5061	0.2159308	1.819956	1.854723
2130	-1897.761	-2085.936	188.1743	0.2660623	1.732456	2.046454
2136	-1903.539	-2092.282	188.7435	0.1986152	1.80047	1.738856
2142	-1891.797	-2080.124	188.3273	0.1986152	1.611381	2.146898
2148	-1893.582	-2081.417	187.8345	0.2237787	1.647586	2.39305
2154	-1897.528	-2086.166	188.6378	0.17521	1.741357	1.902655
2160	-1888.941	-2076.396	187.455	0.2139064	1.733513	2.594187
2166	-1894.421	-2080.695	186.2734	0.2509473	1.426323	3.427166
2172	-1894.287	-2081.411	187.1239	0.2509473	1.397256	2.939726
2178	-1894.506	-2081.527	187.0211	0.2353905	1.401562	3.023726
2184	-1904.276	-2090.285	186.0091	0.2353905	1.426556	3.605184
2190	-1900.917	-2089.669	188.7523	0.3010152	1.819026	1.524862
2196	-1896.185	-2085.37	189.1847	0.246436	1.962893	1.173061
2202	-1883.505	-2072.697	189.1916	0.2305385	2.185934	0.9993943
2208	-1884.734	-2073.829	189.0947	0.2896686	2.231597	0.8933922
2214	-1878.426	-2067.549	189.123	0.2979307	2.180033	0.8976807
2220	-1899.054	-2088.414	189.3599	0.2362717	2.180033	0.7975305
2226	-1886.229	-2075.372	189.1429	0.2092176	2.343859	0.9491075
2232	-1886.932	-2076.099	189.1675	0.1329447	1.928713	1.497601
2238	-1885.966	-2074.819	188.8534	0.2576089	1.781479	1.556187
2244	-1899.862	-2085.843	185.9809	0.2132727	1.153966	3.814721
2250	-1893.931	-2077.98	184.0495	0.3198575	1.086137	4.793942
2256	-1893.24	-2078.113	184.8732	0.2658802	1.175148	4.353328
2262	-1899.669	-2085.621	185.9519	0.2560001	1.350889	3.650639
2268	-1891.599	-2077.733	186.1342	0.2184778	1.281216	3.64416
2274	-1886.778	-2072.992	186.2139	0.1907671	1.283216	3.64416
2280	-1897.39	-2083.906	186.5159	0.2349243	1.592039	3.211904
2286	-1886.628	-2074.887	188.2587	0.1539529	1.558851	2.317586
2292	-1886.19	-2072.768	186.5782	0.1915018	1.441854	3.337618
2298	-1877.34	-2064.1	186.7598	0.1523737	1.350247	3.359709
2304	-1886.517	-2073.034	186.5171	0.2329976	1.314274	3.378065
2310	-1884.002	-2071.483	187.4804	0.2277183	1.420291	2.74729
2316	-1897.293	-2083.749	186.4555	0.1957086	1.251373	3.513469
2322	-1888.116	-2073.065	184.9483	0.2353299	1.126849	4.383241
2328	-1890.426	-2075.264	184.8377	0.2765484	1.131133	4.383241
2334	-1899.481	-2086.62	187.1389	0.2385723	1.455005	2.915648
2340	-1898.507	-2085.69	187.183	0.2465641	1.389537	2.915648
2346	-1888.025	-2074.97	186.9452	0.2821997	1.575452	2.892642
2352	-1892.055	-2080.038	187.9822	0.2433058	1.578778	2.30916
2358	-1889.287	-2077.228	187.9404	0.2770759	1.575694	2.282789
2364	-1878.426	-2067.171	188.7451	0.216263	1.655701	1.802687
2370	-1888.616	-2076.932	188.316	0.2399943	1.841513	1.924126
2376	-1887.17	-2075.684	188.5144	0.226288	1.702528	1.909212
2382	-1888.164	-2073.471	185.3065	0.1857543	1.252189	4.191046
2388	-1896.741	-2081.64	184.8993	0.2439986	1.336412	4.279298
2394	-1887.247	-2072.515	185.268	0.1835006	1.181821	4.256791
2400	-1900.368	-2085.996	185.6286	0.1722216	1.258622	4.028577
2406	-1889.147	-2075.134	185.9868	0.1568702	1.316951	3.819233
2412	-1899.754	-2086.591	186.8377	0.292022	1.41746	3.038152
2418	-1888.923	-2075.469	186.5462	0.292022	1.529121	3.145411
2424	-1877.757	-2065.024	187.2675	0.1866841	1.489031	2.907945
2430	-1885.032	-2071.713	186.681	0.2490392	1.408038	3.200842
2436	-1880.899	-2068.473	187.5733	0.2240019	1.715618	2.513952
2442	-1882.3	-2070.488	188.1877	0.2442361	1.738339	2.070967
2448	-1877.463	-2066.142	188.6789	0.1930694	1.791186	1.802026
2454	-1873.271	-2061.966	188.6951	0.1936612	1.677346	1.867933
2460	-1871.178	-2059.391	188.2131	0.1936612	1.664635	2.196267
2466	-1885.419	-2073.386	187.9672	0.1718811	1.48524	2.509895
2472	-1888.052	-2075.844	187.7925	0.221765	1.509207	2.509895
2478	-1888.284	-2076.148	187.864	0.2183371	1.524483	2.461652
2484	-1885.252	-2073.259	188.0064	0.2200768	1.54526	2.355584
2490	-1890.368	-2078.103	187.7357	0.2574934	1.715268	2.355584
2496	-1877.625	-2064.69	187.0641	0.2574934	1.597323	2.844668
2502	-1885.544	-2072.603	187.0593	0.2648844	1.524312	2.880462
2508	-1878.739	-2066.381	187.6423	0.1580395	1.483042	2.740453
2514	-1890.789	-2079	188.211	0.1761983	1.549802	2.306526
2520	-1886.789	-2074.497	187.7081	0.2256059	1.594958	2.502369
2526	-1890.34	-2077.75	187.4096	0.1512928	1.527141	2.869393
2532	-1895.182	-2082.552	187.3703	0.213565	1.476088	2.804776
2538	-1910.674	-2097.936	187.2624	0.213565	1.583937	2.804776
2544	-1905.037	-2092.325	187.2884	0.1784785	1.574778	2.859047
2550	-1897.172	-2084.899	187.7277	0.1414153	1.585745	2.660848
2556	-1898.141	-2085.498	187.3569	0.1861294	1.639418	2.7634
2562	-1907.165	-2095.242	188.0762	0.1608044	1.725587	2.312677
2568	-1915.512	-2103.61	188.0981	0.136167	1.558618	2.459435
2574	-1902.878	-2091.133	188.2554	0.1221126	1.654246	2.333174
2580	-1905.129	-2092.966	187.8373	0.1668743	1.738131	2.443139
2586	-1909.079	-2097.293	188.2137	0.193284	1.759042	2.135255
2592	-1906.889	-2094.931	188.0422	0.1966984	1.523681	2.389815
2598	-1899.684	-2087.537	187.853	0.1861529	1.594197	2.484796
2604	-1894.06	-2082.217	188.1564	0.1532464	1.654654	2.32324
2610	-1888.207	-2077.003	188.7956	0.2073313	1.841079	1.65486
2616	-1885.166	-2073.986	188.8201	0.1776348	1.907382	1.65486
2622	-1893.362	-2081.894	188.5325	0.2072707	1.905301	1.795053
2628	-1890.583	-2078.584	188.0008	0.2072707	1.776371	2.234927
2634	-1885.349	-2072.912	187.5637	0.2136458	1.658497	2.573774
2640	-1894.871	-2082.421	187.5503	0.2758518	1.549664	2.547144
2646	-1896.787	-2084.745	187.9586	0.2758518	1.761013	2.153319
2652	-1895.561	-2082.03	186.4692	0.2185906	1.336628	3.41654
2658	-1889.407	-2076.091	186.6843	0.3041607	1.433206	3.103431
2664	-1900.339	-2088.349	188.0098	0.259339	1.683935	2.197022
2670	-1895.466	-2083.684	188.2181	0.2312692	1.833225	2.01114
2676	-1880.869	-2068.797	187.9286	0.3841432	1.863047	1.948098
2682	-1887.02	-2075.232	188.2121	0.2529044	1.569334	2.150783
2688	-1900.763	-2087.954	187.1907	0.2502362	1.545036	2.810968
2694	-1901.403	-2088.974	187.5711	0.3023921	1.602403	2.461591
2700	-1877.453	-2065.504	188.0504	0.3114483	1.648608	2.111841
2706	-1881.823	-2069.334	187.5114	0.2744627	1.544029	2.576919
2712	-1892.749	-2080.547	187.7975	0.2490871	1.702745	2.338104
2718	-1900.796	-2088.434	187.6381	0.2490871	1.513338	2.557335
2724	-1896.119	-2083.762	187.6435	0.2313284	1.681583	2.478712
2730	-1882.332	-2071.064	188.7318	0.2299712	1.759874	1.712313
2736	-1879.75	-2068.16	188.4104	0.293613	1.919285	1.712313
2742	-1897.433	-2086.034	188.6007	0.2557233	1.82348	1.711549
2748	-1886.693	-2075.659	188.9658	0.2089063	1.944681	1.449354
2754	-1897.504	-2086.833	189.3289	0.2089063	2.062791	1.045383
2760	-1889.272	-2078.373	189.1005	0.2191931	1.964147	1.305095
2766	-1896.265	-2085.126	188.8616	0.2844841	1.97966	1.347671
2772	-1883.574	-2072.524	188.9501	0.2398332	1.796613	1.507807
2778	-1884.402	-2073.316	188.9144	0.1764249	1.659447	1.766136
2784	-1888.801	-2077.59	188.7891	0.1999321	1.785933	1.714272
2790	-1890.028	-2078.055	188.027	0.2128227	1.808883	2.186628
2796	-1898.555	-2086.749	188.194	0.187733	1.620661	2.248702
2802	-1897.639	-2086.318	188.6788	0.2201966	1.854825	1.701934
2808	-1890.78	-2079.601	188.8208	0.1929852	1.770512	1.717575
2814	-1892.634	-2081.091	188.4565	0.1937566	1.738566	1.987486
2820	-1899.306	-2087.522	188.2157	0.1469467	1.638044	2.310157
2826	-1890.814	-2078.368	187.5534	0.2177354	1.606653	2.605049
2832	-1886.24	-2074.311	188.0704	0.1264149	1.58094	2.485746
2838	-1894.798	-2081.985	187.1863	0.198722	1.460663	2.951787
2844	-1871.513	-2058.782	187.2689	0.1901828	1.607201	2.828976
2850	-1884.734	-2072.406	187.6721	0.2679127	1.66931	2.408181
2856	-1877.163	-2065.152	187.989	0.2621635	1.66931	2.215227
2862	-1884.937	-2072.441	187.5046	0.2352594	1.63983	2.584581
2868	-1885.272	-2071.244	185.9726	0.2976905	1.443039	3.525624
2874	-1893.784	-2079.721	185.9374	0.2616118	1.247831	3.710347
2880	-1900.138	-2086.254	186.1156	0.2616118	1.322218	3.563918
2886	-1895.363	-2080.466	185.1032	0.2509831	1.137849	4.265884
2892	-1893.176	-2077.802	184.6266	0.2509831	1.178523	4.511902
2898	-1901.945	-2085.708	183.7632	0.2294715	1.142151	5.046602
2904	-1895.773	-2081.332	185.5585	0.1590182	1.259681	4.092949
2910	-1886.411	-2072.266	185.8555	0.2409859	1.19814	3.817256
2916	-1881.604	-2068.167	186.5628	0.2498658	1.275079	3.347739
2922	-1885.416	-2070.309	184.893	0.1771026	1.179133	4.481521
2928	-1897.542	-2083.303	185.7616	0.1743472	1.201862	3.981086
2934	-1901.708	-2087.118	185.4098	0.1731663	1.293217	4.131776
2940	-1884.872	-2069.073	184.2014	0.217236	1.375291	4.691574
2946	-1898.666	-2084	185.3349	0.2825	1.158689	4.07747
2952	-1892.933	-2077.658	184.7248	0.190483	1.21661	4.531401
2958	-1878.617	-2064.521	185.9038	0.2002058	1.24061	3.831285
2964	-1885.573	-2071.597	186.0238	0.2431901	1.273672	3.673123
2970	-1879.102	-2065.489	186.3872	0.1771987	1.231324	3.598429
2976	-1883.373	-2069.579	186.2058	0.1862429	1.384133	3.598429
2982	-1890.661	-2077.812	187.1519	0.1744109	1.411359	3.047412
2988	-1881.731	-2068.705	186.9741	0.2068975	1.477984	3.054204
2994	-1882.653	-2069.623	186.9699	0.2273994	1.527646	2.991996
3000	-1888.475	-2075.926	187.4509	0.1816378	1.39943	2.86076
3006	-1901.548	-2088.406	186.8578	0.1887567	1.441263	3.177795
3012	-1898.867	-2087.325	188.4578	0.2478494	1.730024	1.88943
3018	-1902.267	-2090.626	188.3593	0.1513342	1.765218	2.125311
3024	-1901.385	-2088.92	187.5347	0.2474375	1.512186	2.624825
3030	-1881.499	-2069.588	188.0889	0.2594353	1.553729	2.229861
3036	-1889.017	-2076.294	187.2768	0.2118959	1.370466	2.928278
3042	-1892.751	-2080.599	187.8484	0.1823313	1.526318	2.537512
3048	-1882.22	-2070.259	188.0386	0.1969664	1.651721	2.310242
3054	-1890.841	-2079.513	188.672	0.1306558	1.663056	2.03602
3060	-1907.52	-2095.924	188.4034	0.1829447	1.538352	2.17622
3066	-1886.801	-2074.482	187.6816	0.2126077	1.638258	2.514867
3072	-1899.291	-2086.863	187.5723	0.2753396	1.580661	2.514867
3078	-1895.482	-2081.994	186.5117	0.2029471	1.454562	3.348975
3084	-1885.387	-2071.829	186.4419	0.2636609	1.358435	3.348975
3090	-1889.144	-2075.875	186.7314	0.2989687	1.464135	3.064057
3096	-1888.998	-2075.829	186.8304	0.20902	1.482415	3.133534
3102	-1890.772	-2077.22	186.4471	0.3496508	1.482415	3.155567
3108	-1887.529	-2073.56	186.0314	0.3537259	1.46122	3.40826
3114	-1889.616	-2076.825	187.2083	0.269516	1.513347	2.789596
3120	-1893.231	-2080.441	187.2095	0.2119813	1.639028	2.806258
3126	-1889.364	-2076.325	186.961	0.2131967	1.480135	3.049793
3132	-1896.57	-2084.764	188.1941	0.1696459	1.688465	2.242102
3138	-1898.122	-2086.328	188.2068	0.2176031	1.634172	2.174428
3144	-1896.255	-2083.62	187.365	0.1754717	1.670421	2.760139
3150	-1895.005	-2082.736	187.7308	0.2305383	1.506854	2.534652
3156	-1891.168	-2078.043	186.8745	0.2342865	1.369593	3.132163
3162	-1880.954	-2069.677	188.7231	0.2198829	1.758387	1.739292
3168	-1889.413	-2077.82	188.4068	0.216459	1.770614	1.954489
3174	-1879.732	-2068.056	188.3233	0.2155961	1.749602	2.025978
3180	-1877.969	-2066.332	188.3627	0.2428895	1.745547	1.952058
3186	-1892.37	-2080.644	188.2738	0.2676347	1.833543	1.90961
3192	-1905.149	-2091.978	186.8285	0.1768666	1.267428	3.319954
3198	-1892.831	-2080.054	187.2235	0.2322642	1.469564	2.866
3204	-1894.466	-2081.991	187.5247	0.1645709	1.462778	2.811136
3210	-1890.408	-2078.299	187.8912	0.2526464	1.757859	2.236936
3216	-1896.052	-2084.441	188.3893	0.1709801	1.594394	2.173879
3222	-1892.175	-2080.938	188.7628	0.2247566	1.742226	1.713076
3228	-1900.442	-2088.873	188.4312	0.2794146	1.760777	1.831987
3234	-1890.805	-2079.722	188.917	0.2794146	1.760777	1.483627
3240	-1894.37	-2082.936	188.5663	0.2794146	2.003536	1.56398
3246	-1888.014	-2076.603	188.5891	0.3238715	1.964533	1.499304
3252	-1888.474	-2077.201	188.728	0.2650616	1.964533	1.499304
3258	-1884.37	-2073.384	189.0138	0.2650616	1.996002	1.249506
3264	-1881.268	-2070.16	188.8928	0.2864209	2.071314	1.243834
3270	-1890.45	-2079.604	189.1547	0.2092368	2.227917	1.053131
3276	-1891.545	-2080.4	188.8552	0.2092368	2.051873	1.451258
3282	-1891.864	-2080.769	188.9044	0.2282808	1.955163	1.446299
3288	-1894.115	-2083.203	189.0887	0.1995365	1.853493	1.446299
3294	-1891.159	-2079.886	188.7269	0.2822507	2.039038	1.411016
3300	-1887.69	-2076.932	189.242	0.1932181	2.07765	1.154325
3306	-1893.823	-2083.066	189.2429	0.2102794	2.059415	1.124632
3312	-1879.64	-2068.361	188.7209	0.24607	2.024018	1.496698
3318	-1884.375	-2073.248	188.8731	0.24607	1.8719	1.496698
3324	-1878.334	-2066.699	188.365	0.2751536	1.822001	1.842572
3330	-1887.389	-2075.629	188.2398	0.2751536	1.713235	2.000717
3336	-1881.536	-2070.027	188.4915	0.1773862	1.647704	2.058511
3342	-1881.337	-2069.635	188.2986	0.206915	1.584343	2.167208
3348	-1886.799	-2074.33	187.5314	0.2558407	1.485119	2.630051
3354	-1903.798	-2091.711	187.913	0.1647274	1.397181	2.612926
3360	-1889.987	-2076.911	186.9235	0.266937	1.53361	2.95366
3366	-1887.131	-2075.496	188.365	0.2309908	1.668068	2.023756
3372	-1879.447	-2067.535	188.0881	0.2185688	1.668068	2.227532
3378	-1889.031	-2076.626	187.5956	0.2902297	1.578383	2.479204
3384	-1874.966	-2062.55	187.5844	0.2500948	1.529338	2.579136
3390	-1883.1	-2070.768	187.668	0.2135816	1.545717	2.579136
3396	-1888.525	-2075.667	187.1421	0.13866	1.471275	3.090797
3402	-1892.894	-2079.929	187.0347	0.1593241	1.433155	3.134136
3408	-1886.925	-2074.826	187.9011	0.2266006	1.576133	2.39117
3414	-1884.305	-2072.823	188.5178	0.1614238	1.591035	2.112994
3420	-1899.091	-2087.619	188.528	0.1494848	1.621859	2.112994
3426	-1888.082	-2076.613	188.5311	0.1494848	1.618749	2.112994
3432	-1876.467	-2064.458	187.9915	0.2424033	1.590341	2.297339
3438	-1877.499	-2065.382	187.8822	0.2723674	1.622695	2.297339
3444	-1874.419	-2062.394	187.9748	0.2392712	1.445911	2.404998
3450	-1882.595	-2070.706	188.1106	0.3915123	1.649175	1.959792
3456	-1885.253	-2073.55	188.2973	0.3022172	1.685223	1.937656
3462	-1871.159	-2059.25	188.0906	0.2808252	1.75149	2.065097
3468	-1880.085	-2068.623	188.5375	0.2209373	1.819456	1.823791
3474	-1892.879	-2081.431	188.5519	0.2209373	1.704751	1.892399
3480	-1878.933	-2066.981	188.0474	0.236993	1.800293	2.135067
3486	-1891.668	-2079.922	188.2538	0.207327	1.823653	2.038764
3492	-1894.177	-2082.398	188.2211	0.2103832	1.823653	2.054571
3498	-1893.09	-2081.566	188.4761	0.2103832	1.933994	1.80795
3504	-1894.886	-2083.77	188.884	0.1922311	1.99404	1.5114
3510	-1895.015	-2083.712	188.6977	0.2260463	2.081849	1.5114
3516	-1884.621	-2073.698	189.0767	0.2455713	2.101102	1.148531
3522	-1890.035	-2079.185	189.1494	0.2455713	2.101102	1.08268
3528	-1895.167	-2083.849	188.6822	0.3089589	1.997576	1.429022
3534	-1888.31	-2077.242	188.9318	0.2481607	1.880939	1.44114
3540	-1889.639	-2078.785	189.1452	0.2412317	1.919991	1.254864
3546	-1886.615	-2075.801	189.1854	0.26291	2.146461	0.9588401
3552	-1890.73	-2079.792	189.0625	0.26291	2.040649	1.174719
3558	-1887.825	-2077.183	189.3577	0.2303326	2.068911	0.9495482
3564	-1883.606	-2072.875	189.2698	0.2904315	2.023949	0.9275305
3570	-1886.474	-2075.158	188.6835	0.4177365	2.005079	1.24243
3576	-1893.014	-2081.76	188.7464	0.3050477	1.81798	1.523042
3582	-1899.936	-2088.677	188.7405	0.2318003	1.685293	1.755075
3588	-1879.758	-2068.363	188.6043	0.2318003	1.708871	1.833148
3594	-1880.464	-2069.569	189.1052	0.2363958	1.824418	1.374801
3600	-1885.247	-2074.049	188.8022	0.2923486	1.985913	1.374801
3606	-1879.433	-2068.455	189.0225	0.2634873	1.805577	1.39883
3612	-1884.965	-2073.676	188.7117	0.2620029	1.939473	1.535906
3618	-1884.828	-2073.026	188.1983	0.2620029	1.725452	2.041986
3624	-1891.891	-2079.445	187.5537	0.2776278	1.535339	2.55122
3630	-1878.258	-2066.522	188.264	0.1750808	1.58467	2.252539
3636	-1883.543	-2071.805	188.2619	0.2344359	1.878674	1.945632
3642	-1888.14	-2076.63	188.4908	0.1675215	1.696863	2.047669
3648	-1899.217	-2087.306	188.0895	0.2549837	1.70829	2.136602
3654	-1884.806	-2073.299	188.493	0.2973672	1.787842	1.740471
3660	-1888.857	-2077.674	188.8173	0.2629165	1.883106	1.497467
3666	-1887.73	-2076.323	188.5932	0.3520468	2.035087	1.395843
3672	-1889.572	-2078.463	188.8908	0.2390536	1.872434	1.497033
3678	-1882.127	-2071.161	189.0343	0.2002588	1.848462	1.489715
3684	-1889.729	-2078.713	188.9839	0.2522421	1.861457	1.407776
3690	-1884.355	-2073.125	188.7695	0.2359702	1.861457	1.600817
3696	-1894.704	-2084.029	189.3251	0.1752613	1.828977	1.339763
3702	-1885.094	-2074.004	188.9104	0.2068817	1.890876	1.535929
3708	-1878.068	-2067.049	188.9808	0.2544517	2.003459	1.292886
3714	-1896.264	-2085.206	188.9424	0.2326651	1.952859	1.409508
3720	-1885.939	-2074.304	188.365	0.2645422	1.952597	1.770556
3726	-1886.625	-2074.562	187.9366	0.2319156	1.808273	2.210814
3732	-1887.67	-2075.758	188.0876	0.2909738	1.617125	2.139234
3738	-1882.834	-2070.763	187.9296	0.2909738	1.707446	2.183238
3744	-1882.332	-2070.409	188.0772	0.2832682	1.600936	2.168565
3750	-1883.994	-2071.384	187.3899	0.2916075	1.488822	2.660505
3756	-1879.16	-2065.367	186.2065	0.2684729	1.322261	3.500923
3762	-1895.989	-2082.842	186.8529	0.2974924	1.418272	3.02088
3768	-1906.166	-2093.022	186.8567	0.255866	1.506123	3.027146
3774	-1907.134	-2094.12	186.9864	0.2304455	1.444115	3.027146
3780	-1899.21	-2084.643	185.4323	0.3822453	1.358884	3.781897
3786	-1896.643	-2082.496	185.8538	0.2214124	1.314891	3.781897
3792	-1903.11	-2088.942	185.8323	0.3454797	1.361944	3.59245
3798	-1888.446	-2073.776	185.3297	0.3878647	1.370756	3.827729
3804	-1896.214	-2083.112	186.8984	0.3798642	1.35909	2.922163
3810	-1886.287	-2072.167	185.8793	0.2237939	1.18556	3.837839
3816	-1886.626	-2073.407	186.7813	0.2250066	1.534825	3.104471
3822	-1905.227	-2094.162	188.9352	0.2714044	1.967648	1.324076
3828	-1897.263	-2085.796	188.5335	0.2902604	2.009238	1.564662
3834	-1887.37	-2075.831	188.4612	0.3216706	2.009238	1.564662
3840	-1886.174	-2074.66	188.486	0.3195456	2.014459	1.546046
3846	-1882.346	-2071.111	188.7651	0.1868333	1.74832	1.785328
3852	-1885.964	-2074.582	188.618	0.2130656	1.774083	1.815023
3858	-1903.24	-2091.891	188.6514	0.2130656	1.740708	1.815023
3864	-1897.605	-2086.511	188.9062	0.1749149	1.819498	1.662382
3870	-1886.964	-2074.815	187.8517	0.1656662	1.561629	2.547017
3876	-1886.721	-2074.744	188.0227	0.1159176	1.571302	2.547017
3882	-1896.043	-2083.339	187.2963	0.1159176	1.386916	3.100778
3888	-1884.219	-2071.036	186.817	0.1603409	1.374088	3.295969
3894	-1890.319	-2077.499	187.1794	0.1999207	1.391086	2.995627
3900	-1893.541	-2080.13	186.5886	0.1999207	1.331384	3.381475
3906	-1891.982	-2078.887	186.9054	0.1434898	1.198964	3.381475
3912	-1886.669	-2072.281	185.6114	0.1983198	1.29514	3.970933
3918	-1913.094	-2097.812	184.7177	0.1983198	1.198138	4.532421
3924	-1898.009	-2082.979	184.9695	0.2297457	1.365172	4.245064
3930	-1896.333	-2080.317	183.9844	0.2436533	1.255616	4.839127
3936	-1888.05	-2070.814	182.7638	0.241101	1.234338	5.530208
3942	-1888.412	-2072.572	184.1609	0.1473455	1.133154	4.972605
3948	-1888.982	-2073.114	184.1326	0.1330844	1.117207	5.025932
3954	-1896.108	-2080.092	183.9839	0.1157273	1.157713	5.122998
3960	-1891.48	-2076.543	185.0631	0.1177752	0.9930445	4.608791
3966	-1877.352	-2062.849	185.497	0.1935846	1.08383	4.164784
3972	-1886.773	-2072.633	185.8595	0.217959	1.356499	3.76024
3978	-1877.842	-2065.405	187.5629	0.1983387	1.429022	2.743308
3984	-1885.481	-2073.313	187.8322	0.2407591	1.472926	2.475224
3990	-1887.964	-2075.412	187.4476	0.2388809	1.496673	2.701967
3996	-1893.058	-2079.895	186.8369	0.25803	1.442137	3.073969
4002	-1892.362	-2078.863	186.5014	0.3639308	1.535447	3.073969
4008	-1890.274	-2078.236	187.9629	0.2658745	1.719755	2.193457
4014	-1878.778	-2066.748	187.9701	0.3046797	1.720006	2.127825
4020	-1874.645	-2062.887	188.2417	0.324635	1.859538	1.822183
4026	-1884.791	-2073.298	188.5068	0.302195	1.859538	1.672049
4032	-1874.187	-2063.102	188.9145	0.2478958	1.961381	1.392909
4038	-1877.758	-2066.678	188.9203	0.298345	1.882779	1.351891
4044	-1868.667	-2057.467	188.8004	0.3370266	2.000932	1.283266
4050	-1878.708	-2067.507	188.7985	0.2800353	1.980819	1.404815
4056	-1876.712	-2065.401	188.689	0.2822958	2.031717	1.445741
4062	-1878.732	-2067.498	188.7667	0.2316062	1.843254	1.624656
4068	-1880.171	-2068.682	188.5104	0.2316062	1.784132	1.84629
4074	-1885.382	-2073.606	188.2238	0.2264282	1.737154	2.079749
4080	-1876.66	-2065.505	188.8445	0.1921966	1.965115	1.562183
4086	-1886.619	-2075.966	189.3476	0.1921966	2.13447	1.005853
4092	-1890.909	-2080.399	189.4899	0.1534977	2.129314	0.9944729
4098	-1907.832	-2096.917	189.0853	0.1611417	2.099168	1.352553
4104	-1895.485	-2084.618	189.1334	0.2556387	2.174908	1.001863
4110	-1896.897	-2086.019	189.1226	0.234715	2.446194	0.7632823
4116	-1893.455	-2082.365	188.9099	0.2719556	2.058629	1.269475
4122	-1888.792	-2077.736	188.9433	0.2270703	1.873124	1.481602
4128	-1903.051	-2091.833	188.7819	0.2502808	1.972053	1.481602
4134	-1889.255	-2078.525	189.2703	0.2394444	2.146931	0.9331442
4140	-1878.525	-2067.607	189.0827	0.2776496	2.053921	1.112378
4146	-1883.3	-2072.313	189.0126	0.277036	1.999204	1.222864
4152	-1889.033	-2077.756	188.7229	0.2922671	1.991897	1.431967
4158	-1891.136	-2079.79	188.6532	0.3511706	1.930157	1.431967
4164	-1884.172	-2072.825	188.6528	0.2649869	1.888523	1.610885
4170	-1893.446	-2081.943	188.4975	0.2724847	1.919952	1.686314
4176	-1892.965	-2081.865	188.8994	0.2106538	1.951815	1.490389
4182	-1882.376	-2070.697	188.3205	0.2794483	2.077332	1.688101
4188	-1885.625	-2074.637	189.0121	0.2794483	2.077332	1.150719
4194	-1886.084	-2075.113	189.029	0.2346383	2.078178	1.234637
4200	-1882.452	-2071.42	188.9681	0.2665618	2.137636	1.164382
4206	-1886.18	-2075.096	188.916	0.3478429	2.206625	0.9723288
4212	-1898.171	-2087.43	189.2595	0.2364909	2.128498	0.9723288
4218	-1889.001	-2078.121	189.1197	0.2628885	2.237761	0.9316882
4224	-1896.021	-2085	188.9793	0.326559	2.260791	0.8952614
4230	-1884.291	-2073.244	188.9526	0.2573026	1.900029	1.391981
4236	-1887.535	-2076.385	188.8499	0.2685653	1.896389	1.452
4242	-1893.431	-2081.838	188.4068	0.197775	1.784605	1.981809
4248	-1900.369	-2088.56	188.1917	0.249771	1.784605	2.028092
4254	-1880.751	-2069.022	188.2709	0.1844428	1.717894	2.142586
4260	-1884.826	-2072.43	187.6034	0.2050678	1.583722	2.610971
4266	-1876.123	-2063.778	187.6551	0.1803802	1.613207	2.607398
4272	-1879.649	-2067.055	187.4055	0.1949846	1.526514	2.786028
4278	-1872.694	-2059.702	187.0075	0.2395864	1.514094	2.957539
4284	-1874.868	-2062.116	187.248	0.2395864	1.518581	2.809341
4290	-1873.024	-2059.501	186.4771	0.1826485	1.402907	3.435901
4296	-1878.573	-2065.7	187.1272	0.2369728	1.449857	2.928367
4302	-1876.623	-2061.606	184.983	0.1403125	1.152809	4.516142
4308	-1891.94	-2076.971	185.0315	0.121449	1.175268	4.516142
4314	-1894.095	-2078.456	184.3604	0.1289512	1.209883	4.856252
4320	-1890.352	-2076.374	186.0221	0.2040725	1.380951	3.675461
4326	-1886.235	-2074.031	187.7962	0.2172235	1.425573	2.567703
4332	-1879.72	-2067.696	187.9757	0.2172235	1.638615	2.32091
4338	-1881.345	-2069.198	187.8529	0.2374275	1.624747	2.372145
4344	-1881.686	-2070.23	188.5442	0.1413276	1.607097	2.13103
4350	-1892.378	-2080.892	188.5141	0.1442277	1.626853	2.13103
4356	-1890.367	-2078.675	188.3084	0.1583668	1.783207	2.13103
4362	-1898.065	-2085.639	187.5738	0.2264594	1.577198	2.595466
4368	-1887.349	-2074.984	187.6353	0.2053694	1.466509	2.663023
4374	-1891.598	-2078.836	187.2382	0.2703884	1.306797	2.895445
4380	-1884.366	-2070.67	186.304	0.1793189	1.37307	3.560432
4386	-1883.786	-2070.486	186.7	0.2238283	1.512658	3.167956
4392	-1897.205	-2085.797	188.5915	0.1779044	1.664686	1.979693
4398	-1899.687	-2088.704	189.0176	0.1948936	1.775455	1.568325
4404	-1897.844	-2086.966	189.1217	0.2109677	2.066351	1.222438
4410	-1880.018	-2068.904	188.8854	0.2712652	1.908127	1.410474
4416	-1891.797	-2080.119	188.3217	0.2465215	1.716924	1.99227
4422	-1886.721	-2075.32	188.599	0.2276116	1.725323	1.833433
4428	-1884.8	-2072.635	187.835	0.2971742	1.701955	2.238479
4434	-1881.261	-2069.605	188.3438	0.2420466	1.692013	2.002071
4440	-1896.465	-2084.474	188.0083	0.2364072	1.627394	2.273219
4446	-1883.807	-2070.286	186.4797	0.3044924	1.583992	3.135017
4452	-1890.194	-2077.333	187.1388	0.2536756	1.48614	2.872748
4458	-1902.758	-2089.89	187.1314	0.2536756	1.493566	2.872748
4464	-1892.593	-2078.037	185.4446	0.207343	1.183984	4.114272
4470	-1886.16	-2072.125	185.9641	0.207343	1.149038	3.837089
4476	-1902.23	-2087.565	185.3359	0.2165343	1.230066	4.134807
4482	-1892.671	-2078.188	185.5169	0.1962611	1.287024	4.033087
4488	-1883.906	-2067.801	183.8951	0.2177813	1.166071	4.978227
4494	-1895.434	-2080.799	185.3647	0.2464189	1.065411	4.16542
4500	-1895.633	-2082.576	186.9431	0.2477562	1.302977	3.109512
4506	-1888.836	-2074.567	185.7315	0.2180551	1.09249	3.985149
4512	-1899.921	-2088.639	188.7182	0.2180764	1.859699	1.674734
4518	-1891.047	-2078.946	187.8996	0.1963362	1.561235	2.456668
4524	-1898.707	-2086.379	187.6719	0.1580171	1.50737	2.707516
4530	-1905.581	-2093.307	187.7262	0.2037223	1.467338	2.60947
4536	-1894.844	-2080.93	186.086	0.1144021	1.411046	3.798373
4542	-1905.328	-2094.388	189.0606	0.1884858	1.921765	1.44123
4548	-1897.724	-2086.56	188.8353	0.2936301	2.024193	1.315588
4554	-1899.505	-2088.375	188.8697	0.2425249	1.973109	1.429495
4560	-1908.6	-2097.363	188.763	0.2105602	1.928881	1.608288
4566	-1910.324	-2098.671	188.3469	0.2731244	1.912866	1.795869
4572	-1900.484	-2089.304	188.8196	0.2467002	2.006448	1.433883
4578	-1890.37	-2079.24	188.8699	0.2399916	2.117816	1.320914
4584	-1896.342	-2085.163	188.8204	0.3036925	2.008981	1.320914
4590	-1891.542	-2080.423	188.8808	0.3036925	1.94937	1.320285
4596	-1904.467	-2093.343	188.8765	0.3041484	2.033427	1.25421
4602	-1903.396	-2091.866	188.4702	0.3916721	1.864532	1.557204
4608	-1902.837	-2091.58	188.7429	0.2679052	1.864532	1.557204
4614	-1900.511	-2089.068	188.5576	0.2634871	1.567307	1.904762
4620	-1892.328	-2080.565	188.2367	0.2577962	1.902687	1.904762
4626	-1898.047	-2086.573	188.5257	0.3275066	1.988232	1.522963
4632	-1880.763	-2069.427	188.6646	0.239525	1.871698	1.662181
4638	-1890.115	-2078.889	188.7742	0.2545428	1.917615	1.519874
4644	-1900.99	-2089.696	188.7054	0.2638101	1.902265	1.564596
4650	-1888.24	-2076.523	188.2831	0.3018562	1.692659	1.942734
4656	-1892.336	-2080.936	188.6004	0.1646303	1.785207	1.921815
4662	-1893.975	-2082.484	188.5086	0.2897741	1.785207	1.743983
4668	-1884.087	-2072.51	188.4223	0.2897741	1.791614	1.799629
4674	-1875.185	-2063.898	188.7132	0.2897741	1.813624	1.577191
4680	-1881.724	-2070.424	188.7002	0.197591	1.79499	1.775148
4686	-1885.154	-2074.203	189.0493	0.2679215	1.909458	1.28574
4692	-1889.263	-2077.563	188.2996	0.2392631	1.776875	1.979888
4698	-1880.909	-2069.213	188.3037	0.2205726	1.783787	2.006882
4704	-1880.428	-2068.985	188.5577	0.1979148	1.615266	1.99382
4710	-1880.831	-2069.688	188.8566	0.1877838	2.062905	1.490576
4716	-1877.936	-2066.166	188.2295	0.2790334	1.804249	1.940253
4722	-1876.195	-2064.184	187.9889	0.2790334	1.659821	2.19428
4728	-1891.064	-2078.647	187.5834	0.2878335	1.659821	2.439365
4734	-1889.283	-2076.876	187.5925	0.2240487	1.705488	2.508266
4740	-1883.919	-2072.845	188.9257	0.2798067	2.05506	1.243287
4746	-1883.102	-2071.685	188.5837	0.2654489	1.954467	1.612337
4752	-1881.267	-2069.976	188.709	0.2155484	1.823763	1.711893
4758	-1881.935	-2069.954	188.0187	0.2736699	1.682591	2.168744
4764	-1891.579	-2079.206	187.6278	0.2083442	1.682591	2.528474
4770	-1884.338	-2072.254	187.916	0.2050457	1.553241	2.435057
4776	-1888.173	-2076.571	188.3981	0.142613	1.562075	2.251855
4782	-1891.138	-2079.575	188.4376	0.241662	1.699171	1.9351
4788	-1872.06	-2060.285	188.2256	0.3054424	1.699171	1.971426
4794	-1881.787	-2069.997	188.2106	0.2593795	1.789947	1.995416
4800	-1881.75	-2070.243	188.4933	0.3069297	1.923179	1.62826
4806	-1879.866	-2068.644	188.7771	0.2265487	2.036699	1.484659
4812	-1880.775	-2069.561	188.7861	0.2781431	2.036699	1.374413
4818	-1885.867	-2074.692	188.8242	0.2781431	1.998642	1.374413
4824	-1888.792	-2077.533	188.7417	0.2250084	1.891707	1.620855
4830	-1885.909	-2074.256	188.3463	0.3278061	2.033448	1.620855
4836	-1896.9	-2085.95	189.0495	0.1934595	1.924478	1.435992
4842	-1896.614	-2085.685	189.0712	0.2460927	2.092756	1.159531
4848	-1884.667	-2073.988	189.321	0.2076232	2.064968	1.054393
4854	-1887.423	-2076.579	189.1562	0.2490642	1.983502	1.173911
4860	-1896.409	-2085.406	188.9973	0.273234	2.060211	1.191885
4866	-1888.859	-2078.333	189.4739	0.1593201	2.084309	1.034992
4872	-1888.217	-2076.933	188.7161	0.2777855	2.084309	1.39269
4878	-1888.829	-2077.761	188.9317	0.2504826	1.959744	1.375416
4884	-1885.74	-2074.574	188.834	0.2167637	1.791575	1.643294
4890	-1891.277	-2079.534	188.2571	0.3287925	1.759234	1.874042
4896	-1886.14	-2075.102	188.9626	0.19546	1.964438	1.467177
4902	-1884.576	-2073.403	188.8278	0.20535	1.895273	1.596674
4908	-1890.879	-2079.744	188.8645	0.242581	2.070694	1.357308
4914	-1887.068	-2075.672	188.6043	0.2564334	2.061865	1.535308
4920	-1894.702	-2083.567	188.8646	0.2270698	2.029386	1.422455
4926	-1899.976	-2089	189.0246	0.2390257	1.981949	1.307816
4932	-1889.856	-2078.837	188.9811	0.2871406	2.15821	1.088812
4938	-1886.922	-2075.875	188.9528	0.2871406	2.106805	1.160577
4944	-1890.906	-2080.101	189.1954	0.1830641	1.99179	1.293034
4950	-1889.124	-2078.356	189.2319	0.195794	2.136337	1.103701
4956	-1885.508	-2074.606	189.0981	0.2430348	2.136337	1.103701
4962	-1886.496	-2075.66	189.1641	0.2897721	2.072691	0.9887233
4968	-1880.806	-2069.921	189.1155	0.2210007	2.001356	1.258077
4974	-1880.07	-2069.254	189.1844	0.1594645	1.985351	1.368717
4980	-1878.404	-2067.487	189.0826	0.1556479	1.882575	1.534737
4986	-1887.016	-2075.824	188.808	0.1812897	1.736083	1.776107
4992	-1888.876	-2077.722	188.8466	0.1836521	1.673646	1.787474
4998	-1896.443	-2084.788	188.3454	0.1810361	1.672782	2.130406
5004	-1884.922	-2073.578	188.6557	0.1690205	1.708271	1.926609
5010	-1891.033	-2079.799	188.7658	0.1515106	1.826675	1.81106
5016	-1884.704	-2073.059	188.3555	0.1877153	1.761088	2.051956
5022	-1874.389	-2063.321	188.9322	0.2032329	1.858943	1.551376
5028	-1889.597	-2078.49	188.8931	0.1846904	1.954443	1.551376
5034	-1894.045	-2082.578	188.533	0.1522999	1.850353	1.951584
5040	-1891.467	-2080.275	188.8084	0.1632594	1.807116	1.767162
5046	-1891.802	-2080.414	188.6122	0.1402841	1.680913	2.040243
5052	-1911.063	-2099.622	188.5599	0.1239994	1.735421	2.079043
5058	-1913.572	-2101.121	187.5492	0.1254273	1.480434	2.870429
5064	-1888.997	-2075.971	186.9742	0.3253656	1.478144	2.873594
5070	-1892.557	-2079.169	186.6125	0.2437306	1.534722	3.174619
5076	-1893.32	-2081.448	188.1286	0.3330067	1.706184	1.990321
5082	-1885.637	-2073.631	187.9944	0.2236551	1.548896	2.354517
5088	-1888.504	-2076.718	188.2138	0.312695	1.653958	1.998454
5094	-1885.45	-2073.726	188.2761	0.2699079	1.75851	1.954861
5100	-1879.768	-2068.028	188.2597	0.2703398	1.795739	1.940099
5106	-1888.563	-2076.586	188.0227	0.3300838	1.634002	2.112295
5112	-1879.554	-2067.661	188.1076	0.1841326	1.508547	2.382433
5118	-1881.462	-2069.102	187.6402	0.2489578	1.601608	2.501205
5124	-1874.455	-2061.532	187.077	0.2362695	1.539617	2.905662
5130	-1892.926	-2080.317	187.3901	0.2362695	1.539617	2.715217
5136	-1881.062	-2069.297	188.2347	0.2755809	1.722259	1.997414
5142	-1893.6	-2082.986	189.3869	0.2169594	2.236251	0.756091
5148	-1884.992	-2074.216	189.2242	0.2217283	2.419355	0.7019327
5154	-1893.929	-2083.114	189.1849	0.2217283	2.400324	0.7905968
5160	-1896.288	-2085.571	189.2831	0.2217283	2.302159	0.7905968
5166	-1899.142	-2088.609	189.4674	0.168536	2.279405	0.7905968
5172	-1888.342	-2077.123	188.7811	0.2967637	2.295039	1.125614
5178	-1894.35	-2082.78	188.4298	0.3680316	2.020083	1.506709
5184	-1883.068	-2072.004	188.9355	0.2165646	1.848637	1.527857
5190	-1877.177	-2065.876	188.6991	0.2362123	1.848637	1.660403
5196	-1872.795	-2061.073	188.2779	0.2350545	1.817096	1.975111
5202	-1878.764	-2067.326	188.5622	0.2350545	1.817096	1.781333
5208	-1878.028	-2066.118	188.0905	0.1809485	1.652747	2.308045
5214	-1872.461	-2060.86	188.3988	0.1989019	1.740433	2.014343
5220	-1875.897	-2064.189	188.292	0.1481287	1.703042	2.216736
5226	-1882.155	-2070.686	188.5315	0.2468173	1.771666	1.812291
5232	-1877.448	-2065.028	187.5792	0.2399532	1.450646	2.647591
5238	-1888.024	-2075.28	187.2559	0.2399532	1.442303	2.850293
5244	-1885.535	-2071.392	185.8573	0.1965238	1.206217	3.884096
5250	-1889.501	-2073.331	183.8297	0.212932	1.072946	5.073948
5256	-1892.253	-2076.041	183.7871	0.1988949	1.14386	5.081133
5262	-1894.848	-2081.499	186.6503	0.2395889	1.215482	3.347376
5268	-1895.076	-2080.812	185.7364	0.2205982	1.226602	3.901459
5274	-1891.885	-2077.291	185.4063	0.2603331	1.262432	4.008929
5280	-1900.493	-2086.615	186.1217	0.1778515	1.325191	3.696644
5286	-1900.999	-2087.976	186.977	0.2206162	1.326273	3.119458
5292	-1905.542	-2092.502	186.9608	0.2206162	1.342495	3.119458
5298	-1899.031	-2087.531	188.5	0.277639	1.693948	1.833622
5304	-1898.799	-2087.405	188.6054	0.2746526	1.816348	1.679475
5310	-1911.55	-2100.22	188.6697	0.156026	1.716084	1.941325
5316	-1894.385	-2082.968	188.583	0.1261661	1.685396	2.091237
5322	-1883.026	-2072.11	189.0837	0.1587763	1.915452	1.50145
5328	-1885.603	-2074.058	188.4552	0.229585	1.815245	1.866577
5334	-1882.107	-2070.699	188.5914	0.1377388	1.878033	1.928604
5340	-1890.539	-2079.195	188.6561	0.1923858	1.878033	1.758958
5346	-1900.95	-2088.988	188.038	0.1497475	1.753215	2.343641
5352	-1881.73	-2069.867	188.1369	0.125539	1.673762	2.387575
5358	-1878.597	-2066.673	188.076	0.1561663	1.623651	2.387575
5364	-1884.852	-2072.72	187.8673	0.1593764	1.623651	2.51181
5370	-1882.084	-2070.206	188.1217	0.1402266	1.794382	2.285676
5376	-1896.746	-2085.354	188.6072	0.1481993	1.796834	1.947321
5382	-1890.049	-2078.395	188.3465	0.1872628	1.928476	1.947321
5388	-1894.557	-2083.316	188.7592	0.1673826	2.017629	1.643355
5394	-1888.509	-2077.296	188.7864	0.1613783	1.909548	1.715201
5400	-1880.791	-2069.565	188.7736	0.2844916	1.922311	1.460571
5406	-1878.063	-2066.839	188.7765	0.2621563	1.97467	1.460571
5412	-1877.307	-2066.208	188.9003	0.2349372	1.90153	1.476296
5418	-1869.534	-2057.477	187.9435	0.2336521	1.748391	2.241907
5424	-1888.072	-2076.23	188.1584	0.2982363	1.748391	1.994646
5430	-1889.441	-2078.395	188.9541	0.2168763	1.6157	1.682926
5436	-1884.521	-2072.881	188.3607	0.2076773	1.632354	2.093793
5442	-1879.087	-2067.318	188.231	0.2438903	1.661261	2.093793
5448	-1898.534	-2086.656	188.122	0.2729401	1.800782	2.024478
5454	-1898.803	-2087.498	188.6948	0.2234365	1.794398	1.726813
5460	-1898.498	-2087.507	189.0098	0.2463295	2.020474	1.272603
5466	-1892.706	-2081.613	188.9068	0.2654106	2.111656	1.241554
5472	-1899.048	-2087.864	188.8168	0.2519473	2.041883	1.39802
5478	-1892.405	-2080.718	188.3132	0.3381235	1.917328	1.71146
5484	-1876.248	-2065.229	188.9812	0.2910291	1.888711	1.312182
5490	-1872.356	-2060.983	188.6274	0.2759758	2.094053	1.456879
5496	-1880.105	-2068.931	188.8265	0.2944447	2.003229	1.337992
5502	-1892.496	-2081.477	188.9812	0.2107445	1.862212	1.496104
5508	-1887.463	-2076.102	188.6389	0.282461	2.014879	1.496104
5514	-1891.789	-2080.778	188.9891	0.3004432	2.048187	1.152538
5520	-1887.95	-2076.752	188.8023	0.3065837	2.132307	1.228861
5526	-1891.878	-2080.951	189.0732	0.239599	2.011854	1.241942
5532	-1893.838	-2082.759	188.921	0.2383467	2.167432	1.241942
5538	-1884.673	-2073.658	188.9855	0.3124452	2.006474	1.168171
5544	-1885.837	-2075.051	189.2137	0.226497	1.993446	1.168171
5550	-1891.178	-2080.134	188.9563	0.2066911	1.931008	1.471897
5556	-1897.929	-2086.663	188.7337	0.206665	1.868879	1.68057
5562	-1888.482	-2077.038	188.5564	0.2692508	1.807603	1.729817
5568	-1893.148	-2081.989	188.8407	0.2030899	1.815012	1.650137
5574	-1884.01	-2072.529	188.5187	0.2225809	1.718191	1.902688
5580	-1891.586	-2080.275	188.6885	0.2165382	1.718191	1.798072
5586	-1879.623	-2068.296	188.6729	0.2273197	1.641804	1.840583
5592	-1888.039	-2076.568	188.5292	0.2273197	1.785507	1.840583
5598	-1890.986	-2079.807	188.8215	0.2630252	1.968164	1.429449
5604	-1888.108	-2076.986	188.8781	0.3114395	1.795417	1.429449
5610	-1881.133	-2069.89	188.7574	0.3657733	2.119902	1.167989
5616	-1884.502	-2073.199	188.6968	0.3371047	2.009198	1.359775
5622	-1897	-2085.86	188.8603	0.3254575	2.08857	1.180287
5628	-1888.509	-2077.405	188.8959	0.3265754	2.050533	1.180287
5634	-1885.306	-2074.21	188.9037	0.2468864	1.993655	1.378148
5640	-1879.158	-2068.04	188.8811	0.2468864	1.983902	1.403418
5646	-1877.721	-2065.994	188.2725	0.2208344	1.85958	1.976584
5652	-1885.833	-2074.898	189.0651	0.2953238	2.113956	1.032892
5658	-1882.09	-2070.72	188.6295	0.2194277	1.854135	1.738683
5664	-1886.108	-2075.117	189.0091	0.2458928	1.960619	1.322759
5670	-1884.491	-2073.524	189.0327	0.2243829	1.943371	1.364261
5676	-1885.264	-2074.117	188.8525	0.2786437	1.886035	1.438834
5682	-1890.623	-2078.257	187.6333	0.2740264	1.750487	2.371832
5688	-1895.695	-2083.759	188.0636	0.2153995	1.566917	2.313883
5694	-1885.574	-2073.125	187.5506	0.2189643	1.628444	2.591104
5700	-1891.428	-2079.174	187.7467	0.21498	1.652841	2.460703
5706	-1885.175	-2072.976	187.8013	0.21498	1.639504	2.434811
5712	-1875.609	-2064.003	188.394	0.2321983	1.780351	1.926994
5718	-1877.627	-2065.184	187.5564	0.2453387	1.712153	2.490439
5724	-1876.989	-2064.583	187.5934	0.2475691	1.669298	2.490439
5730	-1884.182	-2071.735	187.5528	0.2490399	1.616164	2.54651
5736	-1895.078	-2082.409	187.331	0.3073366	1.69527	2.54651
5742	-1880.89	-2067.458	186.5681	0.272971	1.352036	3.264681
5748	-1885.504	-2073.42	187.916	0.2082502	1.559548	2.425183
5754	-1885.444	-2072.446	187.0019	0.1867418	1.429243	3.102984
5760	-1887.618	-2074.541	186.9231	0.1774562	1.545168	3.098295
5766	-1875.586	-2062.617	187.0312	0.1795216	1.45409	3.084212
5772	-1876.967	-2063.953	186.9863	0.1902692	1.465417	3.084212
5778	-1893.263	-2080.531	187.268	0.2115133	1.551201	2.824901
5784	-1882.184	-2068.812	186.6284	0.1635811	1.388132	3.392201
5790	-1911.165	-2097.768	186.603	0.149281	1.492138	3.374834
5796	-1907.44	-2094.372	186.9314	0.1345009	1.421627	3.254356
5802	-1886.474	-2073.687	187.2124	0.2060555	1.437657	2.936873
5808	-1909.994	-2095.691	185.6965	0.2064493	1.362239	3.869844
5814	-1896.304	-2085.199	188.8949	0.1789249	1.91846	1.589788
5820	-1893.485	-2081.881	188.3959	0.2257554	1.777685	1.939489
5826	-1891.442	-2079.768	188.3262	0.2372259	1.747906	1.985144
5832	-1889.318	-2077.882	188.5646	0.2771555	1.78216	1.72821
5838	-1887.167	-2075.96	188.7932	0.2646884	1.835289	1.54763
5844	-1890.536	-2079.511	188.9744	0.1950849	1.965329	1.458369
5850	-1890.651	-2079.631	188.9798	0.2083618	2.091841	1.324532
5856	-1884.601	-2073.7	189.0994	0.2039577	2.091841	1.237
5862	-1886.224	-2075.472	189.2481	0.204377	1.941978	1.237
5868	-1878.942	-2068.072	189.1294	0.1711279	2.052311	1.328375
5874	-1888.048	-2076.969	188.9209	0.2223175	2.187264	1.26223
5880	-1885.35	-2074.47	189.1197	0.2434675	2.13854	1.080619
5886	-1869.358	-2058.65	189.2926	0.2013612	2.084012	1.080619
5892	-1877.926	-2067.288	189.3616	0.1787084	2.094187	1.07178
5898	-1872.361	-2061.697	189.336	0.133497	2.055183	1.264496
5904	-1872.724	-2062.11	189.386	0.1377357	2.043199	1.219614
5910	-1869.223	-2057.372	188.1495	0.2293079	1.761626	2.107262
5916	-1875.474	-2063.231	187.7575	0.1935578	1.670597	2.48249
5922	-1880.384	-2068.527	188.143	0.2559939	1.828027	2.020862
5928	-1878.349	-2067.354	189.0052	0.1867746	1.881902	1.517247
5934	-1881.866	-2069.658	187.7917	0.2910419	1.736646	2.253327
5940	-1887.032	-2075.101	188.0684	0.242478	1.58195	2.253327
5946	-1891.688	-2080.132	188.4433	0.3385656	1.688234	1.78012
5952	-1884.678	-2072.907	188.2292	0.3087059	1.665007	1.986866
5958	-1887.359	-2075.654	188.2944	0.3087059	1.90775	1.777076
5964	-1893.231	-2082.033	188.8022	0.2767495	1.934735	1.443607
5970	-1900.621	-2089.2	188.5792	0.2582198	1.898213	1.669197
5976	-1891.869	-2080.619	188.7496	0.2718488	1.935643	1.492041
5982	-1880.36	-2069.283	188.9238	0.2558538	1.801844	1.492041
5988	-1898.899	-2087.332	188.433	0.2082138	1.667816	2.021577
5994	-1891.93	-2080.229	188.2986	0.251014	1.684278	2.021577
6000	-1883.249	-2071.453	188.2042	0.2587452	1.758671	2.021577
6006	-1877.256	-2065.583	188.327	0.2690192	1.765957	1.917012
6012	-1886.268	-2074.526	188.2588	0.2787736	1.738331	1.965332
6018	-1884.345	-2072.7	188.3547	0.2789813	1.77368	1.876221
6024	-1880.978	-2068.977	187.9987	0.3294225	1.773879	2.03693
6030	-1881.115	-2069.348	188.2326	0.3003899	1.798545	1.907642
6036	-1880.596	-2067.505	186.9095	0.230272	1.619421	2.968343
6042	-1903.024	-2091.806	188.7822	0.3218225	1.781225	1.495395
6048	-1891.966	-2080.239	188.2731	0.3289502	1.675577	1.919751
6054	-1896.96	-2085.263	188.3022	0.3400001	1.711074	1.85953
6060	-1892.022	-2079.668	187.6459	0.3635564	1.71987	2.254953
6066	-1887.834	-2076.272	188.4381	0.3856615	1.733327	1.683858
6072	-1894.328	-2082.589	188.261	0.4002151	1.739213	1.784182
6078	-1890.051	-2078.795	188.7438	0.2300141	1.801104	1.674475
6084	-1895.275	-2082.034	186.7587	0.2493755	1.495036	3.102411
6090	-1883.102	-2070.548	187.4457	0.2506802	1.564557	2.642171
6096	-1889.658	-2077.658	188.0002	0.2506802	1.530581	2.316042
6102	-1892.788	-2081.541	188.7536	0.2724836	1.848125	1.553017
6108	-1891.319	-2079.88	188.5601	0.3419043	1.818274	1.59971
6114	-1885.127	-2073.116	187.9891	0.2172576	1.613318	2.328386
6120	-1877.826	-2066.114	188.2882	0.2182515	1.650702	2.109347
6126	-1889.037	-2077.512	188.4747	0.1403469	1.713303	2.109347
6132	-1893.476	-2082.266	188.7906	0.2009818	1.768196	1.72351
6138	-1891.023	-2079.85	188.8264	0.1577542	1.870071	1.72351
6144	-1888.156	-2077.362	189.2063	0.1465972	1.814312	1.51704
6150	-1888.386	-2077.435	189.0489	0.2019771	1.829457	1.489167
6156	-1890.221	-2079.374	189.1534	0.1740779	1.811435	1.489167
6162	-1889.192	-2078.104	188.9122	0.1856986	2.023817	1.483046
6168	-1881.555	-2069.832	188.2776	0.2518149	1.824112	1.940668
6174	-1897.082	-2085.592	188.5093	0.2244273	1.778991	1.864182
6180	-1889.38	-2077.107	187.7269	0.266151	1.557029	2.447212
6186	-1894.641	-2082.517	187.8756	0.2499472	1.668804	2.30857
6192	-1909.525	-2097.383	187.8578	0.3469077	1.75572	2.116875
6198	-1894.352	-2082.153	187.8015	0.2313166	1.759766	2.329603
6204	-1908.331	-2096.438	188.1067	0.2481152	1.73904	2.116983
6210	-1896.353	-2083.989	187.6365	0.2481152	1.685462	2.452404
6216	-1886.97	-2074.598	187.6279	0.1863142	1.685462	2.567876
6222	-1891.146	-2077.947	186.801	0.2100858	1.614206	3.070666
6228	-1894.072	-2080.563	186.4913	0.2705233	1.460564	3.249537
6234	-1891.626	-2079.031	187.4044	0.1870233	1.489174	2.824258
6240	-1901.81	-2087.935	186.1247	0.2306424	1.314522	3.610624
6246	-1890.664	-2076.81	186.1457	0.2361635	1.366633	3.559396
6252	-1894.818	-2081.194	186.3757	0.2021999	1.464357	3.42432
6258	-1891.912	-2078.186	186.2738	0.2733112	1.373999	3.42432
6264	-1894.465	-2081.267	186.8026	0.2583469	1.496196	3.06168
6270	-1876.562	-2063.588	187.026	0.2583469	1.423398	2.97142
6276	-1883.597	-2071.433	187.8361	0.2793233	1.579374	2.343467
6282	-1881.721	-2070.161	188.4402	0.2634857	1.638786	1.935796
6288	-1886.133	-2074.314	188.1808	0.2111857	1.746538	2.130186
6294	-1881.635	-2069.48	187.8449	0.2399905	1.577675	2.402641
6300	-1883.317	-2071.699	188.3818	0.183492	1.455069	2.242883
6306	-1888.149	-2075.769	187.6205	0.241936	1.420607	2.637368
6312	-1881.298	-2068.715	187.4169	0.2654841	1.563212	2.637368
6318	-1891.138	-2078.957	187.8192	0.2012305	1.579843	2.486193
6324	-1885.844	-2073.158	187.3147	0.2363144	1.613604	2.716023
6330	-1881.243	-2068.522	187.2788	0.2393676	1.562459	2.76419
6336	-1874.038	-2061.472	187.4342	0.2258113	1.562459	2.691741
6342	-1909.487	-2096.456	186.9694	0.175055	1.755591	2.949152
6348	-1896.776	-2085.076	188.2998	0.2114987	1.816364	2.00499
6354	-1875.671	-2064.044	188.3737	0.2648961	1.728309	1.91784
6360	-1884.373	-2072.186	187.8128	0.2710085	1.684826	2.304154
6366	-1882.695	-2070.093	187.3981	0.297927	1.535302	2.617587
6372	-1882.498	-2069.652	187.1532	0.3837559	1.595627	2.617587
6378	-1874.683	-2062.937	188.2541	0.2743125	1.787411	1.94285
6384	-1879.415	-2067.969	188.5535	0.2948273	1.753146	1.726527
6390	-1889.72	-2078.56	188.8401	0.2361581	1.921335	1.50419
6396	-1887.448	-2076.253	188.8057	0.2377262	1.748648	1.652716
6402	-1877.154	-2065.733	188.5788	0.3226424	2.088884	1.41456
6408	-1886.086	-2074.554	188.4674	0.3226424	2.022318	1.548895
6414	-1888.354	-2076.826	188.4722	0.3226424	1.903993	1.631665
6420	-1884.533	-2073.357	188.8243	0.2502261	1.92726	1.483487
6426	-1890.954	-2079.819	188.8646	0.2228087	1.991691	1.460413
6432	-1894.814	-2083.291	188.4773	0.2932972	2.008728	1.600891
6438	-1882.012	-2070.741	188.7284	0.2689698	2.054684	1.423016
6444	-1880.749	-2069.388	188.6394	0.2356004	1.969919	1.617215
6450	-1872.252	-2060.744	188.4919	0.2168453	1.866498	1.830741
6456	-1879.716	-2067.779	188.0628	0.2460509	1.810348	2.102584
6462	-1872.681	-2061.164	188.4826	0.2915728	1.869155	1.700098
6468	-1884.992	-2073.763	188.7702	0.2741661	1.914701	1.487971
6474	-1889.145	-2077.55	188.4043	0.2467221	1.914701	1.801459
6480	-1874.556	-2063.094	188.5386	0.2467221	1.78049	1.801459
6486	-1882.99	-2071.26	188.2695	0.320725	1.735488	1.893929
6492	-1872.553	-2061.262	188.7097	0.2442866	1.758607	1.701489
6498	-1877.145	-2065.426	188.2805	0.2435009	1.836034	1.945388
6504	-1882.354	-2071.382	189.0285	0.2259628	1.898028	1.399637
6510	-1882.173	-2070.793	188.6199	0.2601657	1.812508	1.697682
6516	-1881.463	-2069.927	188.4643	0.2425521	1.76987	1.867394
6522	-1893.628	-2081.677	188.0488	0.2701173	1.723302	2.128362
6528	-1895.333	-2083.383	188.0506	0.3533716	1.578617	2.097613
6534	-1890.417	-2078.779	188.3625	0.2739973	1.717637	1.91728
6540	-1889.136	-2077.582	188.4462	0.1675549	1.717637	2.063331
6546	-1887.386	-2076.148	188.7616	0.1941743	1.717637	1.793371
6552	-1894.555	-2083.329	188.7744	0.2127838	1.875896	1.633684
6558	-1890.135	-2078.929	188.7942	0.1988692	1.875643	1.649009
6564	-1895.916	-2084.513	188.5967	0.2921038	1.932487	1.57142
6570	-1885.609	-2074.665	189.0558	0.2273548	1.860766	1.40434
6576	-1887.216	-2076.067	188.8502	0.2236852	1.860766	1.56706
6582	-1894.411	-2080.473	186.0629	0.2807784	1.473947	3.478478
6588	-1903.513	-2090.766	187.2522	0.2807302	1.748189	2.601545
6594	-1889.927	-2079.047	189.1195	0.2200938	2.149874	1.128986
6600	-1871.115	-2060.064	188.9488	0.2168095	1.962707	1.431158
6606	-1881.278	-2070	188.7226	0.1691294	1.85241	1.781866
6612	-1882.504	-2071.234	188.7303	0.1879276	1.732124	1.818264
6618	-1893.868	-2082.33	188.4619	0.1946356	1.758415	1.968785
6624	-1890.817	-2079.355	188.5381	0.186677	1.728265	1.954331
6630	-1883.765	-2071.993	188.2281	0.2226956	1.693436	2.112482
6636	-1882.562	-2070.29	187.7274	0.127245	1.578041	2.698066
6642	-1893.617	-2081.077	187.4601	0.2027946	1.800808	2.569399
6648	-1893.379	-2081.387	188.0075	0.1899316	1.728169	2.294945
6654	-1891.05	-2079.206	188.1553	0.1864892	1.813277	2.151569
6660	-1906.417	-2094.849	188.4328	0.2268885	1.794841	1.900807
6666	-1887.516	-2076.123	188.6064	0.1953785	1.979224	1.716442
6672	-1900.809	-2088.881	188.0718	0.3181931	1.560155	2.145694
6678	-1916.988	-2105.046	188.058	0.2801985	1.662686	2.145694
6684	-1900.183	-2088.608	188.4253	0.1990779	1.876239	1.905024
6690	-1895.737	-2084.239	188.5027	0.2024377	1.870299	1.849512
6696	-1890.217	-2079.187	188.9704	0.2024377	1.828306	1.547517
6702	-1885.645	-2074.457	188.8111	0.2066048	2.022991	1.512123
6708	-1874.247	-2063.355	189.1084	0.184128	2.048213	1.31509
6714	-1880.093	-2069.231	189.1385	0.2506664	1.998268	1.172834
6720	-1879.721	-2068.619	188.8977	0.2602863	2.087074	1.280237
6726	-1884.867	-2073.998	189.131	0.1737918	2.140408	1.247962
6732	-1892.097	-2081.246	189.1489	0.2648461	2.06791	1.067689
6738	-1881.874	-2070.592	188.7179	0.3759281	2.06791	1.228867
6744	-1884.284	-2072.782	188.498	0.2774028	1.876692	1.708029
6750	-1881.166	-2069.433	188.2667	0.3880042	1.735797	1.79912
6756	-1880.562	-2069.219	188.6575	0.284562	1.837706	1.609334
6762	-1892.553	-2081.044	188.4911	0.3335173	1.804127	1.672587
6768	-1885.551	-2074.012	188.4616	0.2708387	1.868653	1.750684
6774	-1884.579	-2073.021	188.4417	0.3283126	1.855371	1.679406
6780	-1888.054	-2076.604	188.5501	0.3053058	1.818294	1.665428
6786	-1887.343	-2075.447	188.1045	0.2200569	1.753007	2.159161
6792	-1894.243	-2082.281	188.0388	0.209717	1.703498	2.252818
6798	-1889.086	-2077.164	188.0781	0.2204485	1.663649	2.233404
6804	-1886.19	-2074.019	187.8289	0.3270814	1.627451	2.24659
6810	-1886.536	-2074.579	188.043	0.247843	1.603686	2.24659
6816	-1914.907	-2102.305	187.398	0.3437032	1.608093	2.508912
6822	-1894.614	-2082.909	188.295	0.2806187	1.689367	1.97086
6828	-1904.111	-2092.456	188.345	0.301303	1.733753	1.873836
6834	-1909.605	-2097.664	188.0585	0.316075	1.501386	2.195618
6840	-1907.028	-2095.736	188.7087	0.2635921	1.82284	1.620478
6846	-1904.844	-2093.323	188.479	0.3031955	1.82284	1.716164
6852	-1897.469	-2086.104	188.635	0.261017	1.77668	1.710831
6858	-1897.07	-2086.015	188.9442	0.2792408	1.906398	1.350353
6864	-1901.095	-2090.294	189.1991	0.2194845	2.001439	1.190958
6870	-1895.914	-2084.957	189.0425	0.174384	1.971291	1.451262
6876	-1885.172	-2074.113	188.9414	0.2527884	1.896733	1.412284
6882	-1880.45	-2069.861	189.4117	0.1755311	2.206337	0.9187144
6888	-1894.965	-2084.132	189.1671	0.2686465	2.206337	0.8981312
6894	-1893.49	-2082.842	189.3519	0.2467483	2.088833	0.8854081
6900	-1876.485	-2065.556	189.0717	0.2634944	2.134223	1.081032
6906	-1886.627	-2075.029	188.4021	0.3846762	1.806974	1.658336
6912	-1874.544	-2063.117	188.5728	0.282619	1.859053	1.658336
6918	-1880.986	-2069.011	188.0254	0.1817009	1.552401	2.411469
6924	-1885.668	-2072.981	187.3137	0.1976812	1.40886	2.908145
6930	-1898.565	-2085.691	187.1259	0.260256	1.336461	2.960674
6936	-1889.507	-2076.543	187.036	0.2599309	1.454255	2.944368
6942	-1898.736	-2085.344	186.608	0.2984203	1.456891	3.142658
6948	-1889.476	-2076.007	186.5311	0.2692963	1.216034	3.371917
6954	-1890.838	-2077.859	187.0213	0.1893227	1.368712	3.122723
6960	-1878.926	-2065.457	186.531	0.2612661	1.384032	3.285022
6966	-1907.631	-2093.524	185.8929	0.395272	1.390349	3.481763
6972	-1882.361	-2069.444	187.0828	0.2837651	1.416212	2.903454
6978	-1882.79	-2070.138	187.348	0.2908488	1.540258	2.655751
6984	-1885.003	-2072.267	187.264	0.1936308	1.433332	2.930769
6990	-1891.112	-2076.705	185.5924	0.3027696	1.21745	3.869091
6996	-1893.45	-2078.968	185.5176	0.315735	1.262686	3.869091
7002	-1903.131	-2089.425	186.2944	0.2140794	1.340889	3.523687
7008	-1886.398	-2072.545	186.1466	0.2918668	1.286166	3.523687
7014	-1893.73	-2079.657	185.9269	0.3096886	1.153309	3.704186
7020	-1890.753	-2077.484	186.731	0.3086862	1.359009	3.113613
7026	-1890.569	-2078.049	187.4792	0.3086862	1.521564	2.56041
7032	-1897.955	-2084.41	186.4557	0.4037314	1.605052	3.012409
7038	-1887.728	-2075.774	188.0463	0.2475921	1.646044	2.217564
7044	-1895.544	-2083.392	187.8482	0.2223934	1.644783	2.388635
7050	-1902.045	-2090.387	188.3417	0.2853446	1.830169	1.835896
7056	-1894.836	-2083.144	188.3071	0.2643364	1.672844	2.000733
7062	-1891.941	-2080.492	188.5514	0.2432567	1.820699	1.770987
7068	-1900.53	-2089.298	188.7682	0.232116	1.99909	1.508022
7074	-1875.552	-2064.389	188.8373	0.1753206	1.791625	1.730052
7080	-1871.363	-2059.536	188.1731	0.2382618	1.728482	2.097533
7086	-1872.844	-2061.122	188.2773	0.2129814	1.694697	2.097533
7092	-1874.435	-2062.221	187.786	0.1866677	1.436902	2.623279
7098	-1879.769	-2067.218	187.4489	0.2615241	1.480284	2.674871
7104	-1879.504	-2066.624	187.1202	0.2615241	1.598538	2.803599
7110	-1901.297	-2088.986	187.6888	0.2617383	1.594859	2.454363
7116	-1892.198	-2079.456	187.2575	0.2391694	1.472771	2.832092
7122	-1888.255	-2075.388	187.1321	0.2863554	1.353621	2.907688
7128	-1894.769	-2081.523	186.7544	0.2196709	1.36313	3.231256
7134	-1893.811	-2080.411	186.5998	0.2654261	1.288115	3.294805
7140	-1885.916	-2073.796	187.8797	0.2849022	1.756644	2.193097
7146	-1887.872	-2076.183	188.311	0.22873	1.680559	2.055412
7152	-1898.009	-2086.797	188.7883	0.22873	1.786777	1.655409
7158	-1891.031	-2079.819	188.7878	0.2104452	1.839032	1.655409
7164	-1894.518	-2083.589	189.0718	0.2064124	1.761576	1.51308
7170	-1904.271	-2092.822	188.5503	0.187642	1.586703	2.038596
7176	-1897.043	-2085.86	188.8168	0.1695419	1.640065	1.862345
7182	-1886.412	-2075.044	188.6317	0.1909348	1.803839	1.830385
7188	-1877.128	-2065.723	188.5949	0.2209504	1.763425	1.822805
7194	-1881.798	-2070.374	188.5768	0.205019	1.813082	1.832709
7200	-1879.503	-2067.652	188.1491	0.2987557	1.731743	2.011089
7206	-1866.451	-2054.977	188.5265	0.1615511	1.617789	2.089416
7212	-1878.723	-2067.46	188.7377	0.2054369	1.79108	1.735306
7218	-1891.458	-2078.054	186.5955	0.2547502	1.474012	3.203613
7224	-1881.941	-2069.12	187.1785	0.2394826	1.540472	2.838456
7230	-1882.768	-2069.869	187.1011	0.2108994	1.617462	2.886975
7236	-1891.537	-2079.054	187.5176	0.1754182	1.552182	2.73921
7242	-1886.164	-2074.393	188.2285	0.1656338	1.598742	2.286072
7248	-1885.585	-2073.422	187.8374	0.1989456	1.716665	2.392973
7254	-1880.535	-2069.164	188.6286	0.1546995	1.621004	2.035306
7260	-1891.223	-2079.922	188.6991	0.1207056	1.766395	1.97456
7266	-1883.233	-2071.811	188.5778	0.1746646	1.706234	1.967973
7272	-1878.751	-2067.26	188.5088	0.2579047	1.696816	1.859504
7278	-1886.124	-2073.781	187.6569	0.2630005	1.538883	2.50738
7284	-1888.877	-2076.955	188.0775	0.2060276	1.469718	2.384042
7290	-1885.799	-2073.221	187.4223	0.2226844	1.497609	2.744144
7296	-1880.987	-2068.373	187.3861	0.2389692	1.489072	2.744144
7302	-1881.045	-2068.837	187.7926	0.2006314	1.487097	2.561713
7308	-1892.002	-2079.153	187.1515	0.1807126	1.426169	3.026773
7314	-1898.164	-2085.878	187.7134	0.1957768	1.405494	2.67012
7320	-1891.68	-2079.305	187.625	0.2188603	1.426376	2.67012
7326	-1883.914	-2070.827	186.9123	0.2281357	1.494742	3.044986
7332	-1874.721	-2062.329	187.6077	0.249727	1.535877	2.561157
7338	-1894.494	-2081.757	187.2633	0.205609	1.392408	2.934202
7344	-1893.027	-2080.549	187.5227	0.2021563	1.496133	2.719816
7350	-1896.645	-2083.657	187.0119	0.2021563	1.445252	3.059489
7356	-1888.585	-2075.644	187.0596	0.1971959	1.412455	3.059489
7362	-1885.763	-2072.288	186.5247	0.1578265	1.350865	3.486018
7368	-1900.204	-2087.075	186.8707	0.1975419	1.305408	3.234764
7374	-1914.362	-2100.292	185.9298	0.1854765	1.387061	3.757856
7380	-1894.004	-2081.523	187.5194	0.2183448	1.482689	2.70127
7386	-1887.596	-2075.265	187.6687	0.2396928	1.547568	2.532493
7392	-1882.673	-2070.898	188.2255	0.2461307	1.57342	2.150941
7398	-1885.486	-2073.607	188.1205	0.1936599	1.584461	2.30731
7404	-1895.595	-2083.615	188.0199	0.2511314	1.572226	2.2761
7410	-1891.609	-2079.57	187.9605	0.2725021	1.541502	2.299023
7416	-1884.648	-2071.89	187.2414	0.3740042	1.383929	2.705617
7422	-1903.203	-2090.992	187.789	0.4092833	1.61196	2.17396
7428	-1889.572	-2078.338	188.7664	0.3156559	1.821272	1.487545
7434	-1887.206	-2076.238	189.0319	0.2324493	1.949912	1.342025
7440	-1885.123	-2073.895	188.7718	0.3131541	1.995801	1.352986
7446	-1891.548	-2080.455	188.9072	0.2480623	1.85568	1.47922
7452	-1887.313	-2076.087	188.7747	0.1972151	1.679211	1.804546
7458	-1886.962	-2075.169	188.2068	0.2136651	1.739672	2.112982
7464	-1886.34	-2074.461	188.1215	0.2351748	1.668499	2.175856
7470	-1879.22	-2067.671	188.451	0.1451752	1.532012	2.231278
7476	-1888.728	-2077.055	188.3272	0.1694585	1.618019	2.202085
7482	-1895.358	-2083.896	188.5373	0.1586267	1.527103	2.148181
7488	-1893.826	-2082.34	188.5145	0.2073536	1.784884	1.889838
7494	-1890.073	-2079.013	188.9403	0.1976276	1.874623	1.546127
7500	-1889.194	-2078.133	188.9398	0.2531488	1.950988	1.370455
7506	-1896.492	-2085.479	188.9871	0.2551506	1.88891	1.378041
7512	-1906.145	-2095.078	188.9328	0.214805	2.065062	1.368385
7518	-1894.989	-2084.219	189.2303	0.213632	1.904724	1.26042
7524	-1890.197	-2079.572	189.3751	0.1869807	1.967805	1.150798
7530	-1882.952	-2072.231	189.2784	0.178997	2.089537	1.150798
7536	-1877.144	-2066.312	189.1682	0.1988895	2.085665	1.196706
7542	-1878.359	-2067.36	189.0007	0.2166992	2.158257	1.233092
7548	-1899.959	-2089.077	189.1179	0.1907343	2.11785	1.233092
7554	-1901.886	-2091.319	189.4331	0.1154327	2.065291	1.233092
7560	-1890.565	-2079.855	189.2896	0.1489788	2.065291	1.248146
7566	-1881.613	-2070.955	189.3418	0.1426406	2.035629	1.248146
7572	-1879.526	-2068.312	188.786	0.131055	1.976348	1.744319
7578	-1892.958	-2081.679	188.7213	0.157772	1.791084	1.851285
7584	-1901.191	-2089.42	188.2284	0.1474834	1.708324	2.255765
7590	-1901.042	-2089.47	188.4281	0.1628488	1.636895	2.138469
7596	-1898.863	-2085.289	186.4262	0.1933891	1.400992	3.447357
7602	-1894.169	-2082.416	188.2476	0.1272323	1.483067	2.433995
7608	-1883.516	-2071.968	188.4515	0.2071964	1.77544	1.939196
7614	-1892.622	-2081.292	188.6708	0.1687637	1.703269	1.920328
7620	-1895.632	-2083.217	187.5854	0.2866036	1.703269	2.412576
7626	-1885.644	-2073.115	187.4716	0.1778111	1.566102	2.754166
7632	-1878.574	-2066.238	187.6637	0.2470767	1.637624	2.467101
7638	-1875.182	-2062.719	187.5364	0.2255881	1.499299	2.668107
7644	-1879.955	-2067.463	187.508	0.2395904	1.489449	2.668107
7650	-1886.748	-2074.018	187.2704	0.2713339	1.522526	2.743305
7656	-1897.489	-2085.096	187.6069	0.2819986	1.641855	2.444743
7662	-1902.094	-2090.274	188.1805	0.3510727	1.938933	1.770027
7668	-1897.897	-2086.61	188.7132	0.2294703	1.697562	1.770027
7674	-1894.834	-2082.942	188.1079	0.199048	1.644845	2.266321
7680	-1893.481	-2080.543	187.0611	0.2421738	1.621835	2.855935
7686	-1896.584	-2083.952	187.3676	0.3174867	1.658701	2.532128
7692	-1899.002	-2086.719	187.7169	0.2573674	1.658701	2.403511
7698	-1901.005	-2089.649	188.6439	0.3204083	2.022165	1.419634
7704	-1897.018	-2085.02	188.0021	0.2446617	1.798929	2.152136
7710	-1890.363	-2077.93	187.5669	0.311458	1.564023	2.475239
7716	-1884.533	-2070.591	186.0575	0.311458	1.484909	3.433057
7722	-1876.73	-2063.349	186.6186	0.2348531	1.492606	3.210108
7728	-1883.229	-2071.125	187.8967	0.2864312	1.741316	2.18966
7734	-1896.102	-2084.338	188.2359	0.2481462	1.834366	1.968274
7740	-1881.143	-2069.358	188.2157	0.2688193	1.753556	2.000375
7746	-1898.935	-2086.115	187.1803	0.3650762	1.530081	2.664515
7752	-1881.875	-2069.511	187.6366	0.2775192	1.59108	2.464796
7758	-1893.189	-2081.363	188.1745	0.2645553	1.659953	2.096616
7764	-1888.131	-2075.888	187.7569	0.2670174	1.703794	2.334027
7770	-1894.035	-2081.912	187.8776	0.2635738	1.626297	2.312042
7776	-1898.964	-2087.15	188.1859	0.3584889	1.879121	1.797056
7782	-1891.387	-2079.292	187.905	0.1776623	1.522227	2.513994
7788	-1886.139	-2074.377	188.2372	0.1794442	1.590135	2.257235
7794	-1892.811	-2080.691	187.8803	0.19112	1.651569	2.42197
7800	-1891.729	-2079.379	187.6497	0.2340022	1.546003	2.554853
7806	-1894.378	-2082.86	188.4822	0.1525281	1.682074	2.096544
7812	-1885.02	-2073.094	188.0741	0.2177327	1.682074	2.229009
7818	-1878.976	-2067.052	188.0759	0.2582306	1.7066	2.141151
7824	-1895.932	-2083.627	187.695	0.2529477	1.502952	2.522148
7830	-1896.009	-2083.734	187.7247	0.2065481	1.601104	2.522148
7836	-1895.599	-2084.233	188.6337	0.2798934	1.753345	1.695022
7842	-1889.119	-2078.239	189.1202	0.2262183	2.112872	1.14605
7848	-1903.755	-2092.665	188.911	0.2805291	2.184406	1.14307
7854	-1897.729	-2086.896	189.1665	0.2765225	2.174175	0.9129113
7860	-1880.932	-2070.046	189.1139	0.2213499	1.957681	1.294492
7866	-1886.655	-2075.959	189.3034	0.174189	2.000227	1.219772
7872	-1881.377	-2070.401	189.024	0.1915551	2.012734	1.391964
7878	-1877.087	-2065.981	188.8937	0.2517245	1.973389	1.391964
7884	-1881.363	-2070.572	189.2083	0.1549462	2.073367	1.291406
7890	-1881.666	-2070.452	188.7857	0.1657068	1.810634	1.774892
7896	-1891.1	-2079.879	188.7784	0.180857	1.862156	1.709384
7902	-1894.364	-2083.135	188.7702	0.2418167	1.789385	1.641048
7908	-1895.008	-2083.723	188.7151	0.2452365	1.835459	1.641048
7914	-1896.505	-2085.239	188.7337	0.2867679	1.895371	1.506835
7920	-1891.692	-2080.68	188.9881	0.2147769	2.141369	1.262313
7926	-1889.711	-2078.776	189.0649	0.196646	1.998537	1.358767
7932	-1889.224	-2078.016	188.7927	0.1877977	1.831337	1.705738
7938	-1887.549	-2076.398	188.8484	0.2553345	1.852367	1.511668
7944	-1895.471	-2084.456	188.9849	0.2057148	1.852367	1.511668
7950	-1882.798	-2071.413	188.6151	0.2170083	1.750458	1.825524
7956	-1888.138	-2077.107	188.9689	0.1561964	1.830102	1.654494
7962	-1896.924	-2085.65	188.7257	0.2933178	1.821707	1.555882
7968	-1899.083	-2087.864	188.7809	0.255253	1.889515	1.534439
7974	-1893.941	-2082.722	188.7809	0.255253	1.889515	1.534439
7980	-1898.808	-2087.341	188.5329	0.255253	1.685987	1.855064
7986	-1904.747	-2093.237	188.4896	0.2400823	1.769182	1.855064
7992	-1903.679	-2092.785	189.1056	0.2054788	1.932687	1.357847
7998	-1892.115	-2081.128	189.0127	0.2544178	1.882017	1.364745
8004	-1877.867	-2066.644	188.7766	0.2922267	1.98543	1.395448
8010	-1884.289	-2073.281	188.9919	0.2235606	1.98543	1.365024
8016	-1873.346	-2062.347	189.0017	0.2969593	2.263765	0.9413424
8022	-1877.252	-2065.934	188.6827	0.2755685	2.135179	1.383296
8028	-1885.551	-2074.295	188.7438	0.3011209	2.02691	1.37234
8034	-1879.121	-2067.924	188.8026	0.1844744	2.016559	1.572726
8040	-1887.724	-2076.564	188.8407	0.2615897	2.125403	1.292777
8046	-1879.7	-2068.098	188.3976	0.2615897	1.89599	1.792427
8052	-1884.624	-2073.088	188.4636	0.2601906	1.881369	1.759176
8058	-1882.206	-2070.939	188.7327	0.2204053	1.973673	1.577172
8064	-1889.187	-2078.046	188.8598	0.2615129	1.670933	1.624922
8070	-1874.962	-2062.99	188.0284	0.2403724	1.629892	2.251862
8076	-1891.113	-2079.354	188.241	0.3062432	1.633979	2.003473
8082	-1894.949	-2082.828	187.8799	0.2418067	1.55967	2.388831
8088	-1890.495	-2077.823	187.3281	0.2690723	1.526662	2.708923
8094	-1883.413	-2071.333	187.9198	0.1899216	1.634222	2.410313
8100	-1892.03	-2079.952	187.9217	0.1905812	1.630356	2.410313
8106	-1898.542	-2086.512	187.9702	0.2162866	1.875137	2.174014
8112	-1877.518	-2066.142	188.6245	0.1683921	1.875137	1.835595
8118	-1877.831	-2066.111	188.2792	0.230479	1.838606	1.968206
8124	-1877.695	-2066.173	188.4787	0.2514848	1.788622	1.828574
8130	-1883.167	-2072.033	188.8664	0.1902293	1.911964	1.589519
8136	-1903.495	-2092.484	188.9884	0.2278464	1.792261	1.50683
8142	-1902.921	-2091.482	188.5616	0.2039064	1.76665	1.877083
8148	-1887.061	-2075.765	188.7046	0.206313	1.744855	1.788921
8154	-1883.404	-2071.874	188.4706	0.2814346	1.96684	1.65642
8160	-1880.078	-2068.843	188.7652	0.2296952	1.924574	1.570358
8166	-1889.706	-2077.639	187.9331	0.307369	1.718502	2.148925
8172	-1879.884	-2067.857	187.9722	0.3240395	1.641782	2.148925
8178	-1875.133	-2063.249	188.1158	0.1940964	1.720792	2.221998
8184	-1879.59	-2068.24	188.6495	0.3733942	1.916673	1.409927
8190	-1877.063	-2065.467	188.4036	0.3396121	1.868477	1.679702
8196	-1883.215	-2071.731	188.5165	0.2040267	1.811013	1.877372
8202	-1881.146	-2069.233	188.0878	0.1760651	1.664945	2.311887
8208	-1869.538	-2057.565	188.0271	0.1824327	1.705478	2.311887
8214	-1882.111	-2069.913	187.8027	0.2619954	1.72238	2.301065
8220	-1870.748	-2059.011	188.2631	0.2259632	1.639955	2.118632
8226	-1885.176	-2073.514	188.3376	0.1956554	1.77153	2.040839
8232	-1880.435	-2067.729	187.2943	0.1932253	1.568166	2.831568
8238	-1882.72	-2069.72	186.9996	0.1932253	1.391126	3.115159
8244	-1893.75	-2081.421	187.6709	0.2543915	1.635627	2.451857
8250	-1880.644	-2068.685	188.0409	0.1925557	1.824571	2.206384
8256	-1886.062	-2074.208	188.1468	0.2107653	1.716199	2.172836
8262	-1898.04	-2085.959	187.9192	0.2168645	1.785926	2.263486
8268	-1909.426	-2097.958	188.5319	0.2046366	1.785926	1.88276
8274	-1895.7	-2083.968	188.2685	0.2170961	1.817099	2.014648
8280	-1880.982	-2068.946	187.9637	0.207601	1.685448	2.31638
8286	-1880.457	-2068.911	188.4539	0.1863529	1.677531	2.044947
8292	-1879.008	-2067.285	188.2774	0.2224096	1.897648	1.944798
8298	-1896.534	-2084.231	187.6967	0.2950559	1.752129	2.298195
8304	-1894.967	-2082.74	187.7734	0.4117692	1.616687	2.177951
8310	-1894.333	-2081.773	187.4404	0.3828426	1.644571	2.408884
8316	-1893.586	-2081.079	187.4927	0.3019422	1.537774	2.551605
8322	-1898.48	-2086.926	188.4461	0.2677985	1.645771	1.919791
8328	-1898.621	-2086.34	187.7194	0.3006988	1.494187	2.438878
8334	-1899.171	-2085.271	186.1	0.2807022	1.326032	3.543181
8340	-1901.086	-2087.294	186.2076	0.2841381	1.359298	3.456201
8346	-1896.533	-2082.57	186.0371	0.311001	1.290869	3.55881
8352	-1882.052	-2069.35	187.2985	0.2989164	1.440149	2.735921
8358	-1873.882	-2061.878	187.9953	0.2004864	1.407225	2.485433
8364	-1882.816	-2070.632	187.8164	0.2004864	1.586077	2.485433
8370	-1881.119	-2069.215	188.0954	0.1781298	1.683268	2.291162
8376	-1884.52	-2072.866	188.3458	0.2041062	1.683268	2.077029
8382	-1892.23	-2081.056	188.8259	0.2247657	1.803346	1.624351
8388	-1882.346	-2070.795	188.4495	0.23995	1.736985	1.90458
8394	-1886.011	-2073.396	187.3845	0.2359852	1.676601	2.634885
8400	-1895.436	-2083.528	188.0922	0.222327	1.617103	2.25087
8406	-1893.966	-2082.056	188.0896	0.2588453	1.681622	2.14749
8412	-1878.074	-2066.096	188.0223	0.29496	1.660325	2.14749
8418	-1884.573	-2071.984	187.4116	0.29496	1.682592	2.52206
8424	-1894.067	-2082.155	188.0888	0.2475341	1.732535	2.133937
8430	-1887.112	-2076.009	188.897	0.2277261	1.916392	1.482501
8436	-1894.373	-2082.648	188.2753	0.2445961	1.783486	1.98221
8442	-1890.246	-2078.521	188.275	0.2234909	1.839999	1.983061
8448	-1890.515	-2078.558	188.0424	0.2809471	1.864052	2.02231
8454	-1885.3	-2073.74	188.4402	0.2890371	1.982627	1.65376
8460	-1885.189	-2073.601	188.4118	0.3773804	1.805443	1.662936
8466	-1892.827	-2081.452	188.6242	0.2479484	1.788116	1.734213
8472	-1882.178	-2070.665	188.4874	0.341939	1.702585	1.734213
8478	-1885.122	-2074.227	189.105	0.2259821	1.92397	1.318498
8484	-1880.964	-2069.866	188.902	0.2343433	1.936258	1.44987
8490	-1890.336	-2079.424	189.0886	0.220917	2.039223	1.249117
8496	-1890.68	-2079.021	188.3404	0.2402569	1.887606	1.875814
8502	-1898.449	-2086.958	188.5088	0.211997	1.804851	1.870969
8508	-1874.824	-2063.184	188.3604	0.2597185	1.815682	1.876523
8514	-1881.763	-2069.481	187.7178	0.3962648	1.637436	2.219684
8520	-1879.674	-2068.201	188.5269	0.3159641	1.643837	1.787468
8526	-1880.095	-2068.349	188.2538	0.2074486	1.704616	2.116943
8532	-1879.454	-2067.474	188.0199	0.3254478	1.600123	2.142938
8538	-1876.274	-2064.936	188.6615	0.2579987	1.881989	1.622168
8544	-1880.104	-2068.083	187.9794	0.2576862	1.744805	2.179972
8550	-1864.858	-2052.848	187.9899	0.2531851	1.730167	2.190211
8556	-1871.465	-2059.477	188.0121	0.265494	1.676509	2.190211
8562	-1870.65	-2057.593	186.9434	0.2871103	1.490843	2.937649
8568	-1870.496	-2057.29	186.7942	0.3107488	1.536994	2.966464
8574	-1884.565	-2071.816	187.2505	0.1722152	1.454924	2.966464
8580	-1880.335	-2067.742	187.4069	0.2525307	1.534499	2.681593
8586	-1887.149	-2074.451	187.3019	0.3004663	1.521764	2.681593
8592	-1885.587	-2073.391	187.8041	0.2500714	1.608688	2.391944
8598	-1876.289	-2063.589	187.2995	0.2789701	1.509619	2.721928
8604	-1883.483	-2071.395	187.9125	0.2790884	1.613778	2.273122
8610	-1876.859	-2065.071	188.2126	0.2123894	1.544694	2.238155
8616	-1879.992	-2067.902	187.9106	0.2123894	1.588698	2.402632
8622	-1882.844	-2070.021	187.1766	0.1684452	1.480518	3.002896
8628	-1879.841	-2066.832	186.9905	0.2480857	1.433036	3.002896
8634	-1879.551	-2066.968	187.4178	0.1886059	1.464937	2.827882
8640	-1879.694	-2067.505	187.8117	0.1928609	1.612138	2.486463
8646	-1875.689	-2063.403	187.714	0.1928609	1.581865	2.566257
8652	-1884.48	-2072.11	187.6302	0.2513568	1.545333	2.538691
8658	-1890.488	-2078.102	187.6142	0.2952265	1.468534	2.528823
8664	-1893.485	-2080.967	187.4818	0.2769832	1.484181	2.62842
8670	-1892.567	-2080.375	187.8077	0.1589827	1.415397	2.678559
8676	-1879.945	-2068.22	188.2753	0.2439623	1.747309	2.007492
8682	-1868.27	-2056.658	188.3877	0.2278763	1.678435	2.007492
8688	-1880.111	-2067.517	187.4058	0.2021373	1.463	2.811433
8694	-1893.844	-2079.937	186.0936	0.2862367	1.226225	3.597182
8700	-1895.417	-2081.198	185.7817	0.2814959	1.44563	3.657468
8706	-1886.405	-2074.091	187.6862	0.299826	1.636352	2.371378
8712	-1897.788	-2085.985	188.1976	0.237289	1.636352	2.143537
8718	-1889.085	-2077.35	188.2656	0.2710609	1.674445	2.016095
8724	-1880.589	-2068.381	187.7917	0.2470712	1.669964	2.366021
8730	-1876.411	-2064.399	187.9882	0.2617207	1.563037	2.284801
8736	-1881.332	-2069.057	187.725	0.2861267	1.765933	2.284801
8742	-1874.264	-2062.987	188.7228	0.2242295	1.925991	1.611318
8748	-1869.661	-2058.825	189.1643	0.2180282	2.137362	1.10504
8754	-1875.991	-2065.186	189.1953	0.2160406	2.076399	1.13718
8760	-1873.912	-2063.125	189.2129	0.2160406	1.955758	1.226494
8766	-1885.185	-2073.725	188.5396	0.2364437	1.788317	1.814289
8772	-1888.082	-2076.637	188.5556	0.1955123	1.770351	1.895729
8778	-1890.518	-2079.349	188.831	0.3512338	2.167355	1.086289
8784	-1887.643	-2076.831	189.1877	0.2251499	2.150478	1.052341
8790	-1882.147	-2071.536	189.3899	0.2300413	2.030147	0.9573328
8796	-1880.404	-2069.555	189.1515	0.262611	1.942992	1.182851
8802	-1896.57	-2085.108	188.5377	0.307477	1.910907	1.604092
8808	-1885.992	-2075.037	189.0449	0.2015226	1.871353	1.461534
8814	-1880.639	-2069.621	188.9825	0.2436247	1.944887	1.361286
8820	-1876.32	-2065.093	188.7729	0.2436247	1.756664	1.659168
8826	-1879.275	-2067.624	188.3486	0.2532238	1.813218	1.897533
8832	-1883.396	-2072.4	189.0042	0.179188	1.849617	1.559518
8838	-1873.982	-2062.579	188.5969	0.2342532	1.766681	1.793716
8844	-1890.524	-2078.417	187.8927	0.1667045	1.908236	2.300611
8850	-1882.822	-2071.176	188.354	0.1235395	1.82501	2.156342
8856	-1898.281	-2086.308	188.0275	0.1345424	1.82501	2.339552
8862	-1887.612	-2075.142	187.5301	0.1799976	1.725132	2.616213
8868	-1890.656	-2078.393	187.7362	0.1492593	1.608479	2.624351
8874	-1895.109	-2081.974	186.8652	0.2021072	1.574553	3.069996
8880	-1898.494	-2087.203	188.7086	0.1771114	1.886166	1.749974
8886	-1885.61	-2073.712	188.1021	0.152454	1.802637	2.265142
8892	-1888.738	-2076.776	188.0377	0.2504971	1.706312	2.179232
8898	-1899.563	-2087.273	187.7106	0.23263	1.641247	2.459678
8904	-1906.188	-2093.693	187.5054	0.2819227	1.577186	2.548706
8910	-1896.679	-2084.702	188.0236	0.1778998	1.769059	2.282656
8916	-1899.184	-2087.969	188.7846	0.1964593	1.787996	1.723301
8922	-1889.361	-2077.664	188.3025	0.2467672	1.805467	1.945371
8928	-1899.008	-2087.71	188.7014	0.2336291	1.782306	1.71086
8934	-1891.874	-2080.706	188.8318	0.2408549	1.899193	1.517512
8940	-1884.766	-2073.667	188.9014	0.2225366	1.861798	1.530895
8946	-1894.315	-2082.618	188.3029	0.2191862	1.818586	1.986809
8952	-1880.299	-2068.727	188.4274	0.2664926	1.923803	1.743663
8958	-1882.182	-2070.828	188.646	0.2264462	1.965725	1.633618
8964	-1887.084	-2075.873	188.7891	0.2429461	1.864752	1.570449
8970	-1882.328	-2070.975	188.647	0.2772771	1.804042	1.653918
8976	-1881.287	-2070.121	188.8344	0.2355688	1.812646	1.589929
8982	-1881.955	-2070.791	188.836	0.2034897	1.6441	1.773385
8988	-1883.024	-2071.504	188.4792	0.2655897	1.831725	1.773385
8994	-1884.005	-2072.331	188.326	0.2890612	1.726544	1.911267
9000	-1878.22	-2066.233	188.0124	0.2434701	1.607212	2.271351
9006	-1877.682	-2065.75	188.0677	0.2766703	1.743578	2.092061
9012	-1881.358	-2069.957	188.5983	0.1733186	1.776467	1.909816
9018	-1887.162	-2075.793	188.6314	0.1733186	1.711806	1.931159
9024	-1895.241	-2083.638	188.3974	0.2372965	1.857331	1.862997
9030	-1890.686	-2078.947	188.2607	0.2553591	1.7113	2.021281
9036	-1886.186	-2074.503	188.3175	0.2850378	1.825598	1.856187
9042	-1879.259	-2068.099	188.8396	0.2299491	1.800196	1.606328
9048	-1876.498	-2065.137	188.6388	0.2689814	1.838166	1.650067
9054	-1890.206	-2078.607	188.401	0.3359217	1.838166	1.708718
9060	-1888.601	-2077.209	188.6078	0.302624	1.838166	1.614114
9066	-1882.919	-2071.364	188.4449	0.3884327	2.049816	1.441869
9072	-1883.88	-2072.631	188.7509	0.2739217	1.886511	1.523988
9078	-1891.424	-2080.15	188.7263	0.2316742	1.700006	1.754972
9084	-1886.73	-2074.696	187.9658	0.2893732	1.673154	2.184501
9090	-1881.465	-2069.873	188.4082	0.3473767	1.945472	1.609203
9096	-1887.221	-2075.707	188.4862	0.3171373	1.685892	1.784712
9102	-1880.897	-2069.125	188.2284	0.3171373	1.774983	1.900484
9108	-1887.954	-2075.486	187.5322	0.3524905	1.664664	2.377315
9114	-1883.921	-2071.643	187.7219	0.3172049	1.652501	2.313186
9120	-1895.578	-2083.267	187.6884	0.3188357	1.794319	2.241438
9126	-1883.888	-2071.791	187.9031	0.2737398	1.685601	2.241438
9132	-1892.575	-2081.186	188.6111	0.2877238	1.884971	1.603164
9138	-1888.923	-2077.663	188.7398	0.2500841	1.880064	1.58157
9144	-1890.375	-2078.902	188.5277	0.1970403	1.880064	1.836699
9150	-1889.58	-2078.607	189.0268	0.2984931	2.099082	1.076293
9156	-1892.715	-2081.736	189.0203	0.2558888	2.059617	1.21014
9162	-1892.382	-2081.159	188.7779	0.2403199	1.979654	1.498748
9168	-1890.545	-2079.206	188.6604	0.2808685	1.854303	1.601705
9174	-1896.406	-2084.79	188.3833	0.3223325	1.901365	1.697622
9180	-1888.629	-2077.49	188.8612	0.232599	1.94096	1.480842
9186	-1878.761	-2067.933	189.1714	0.2366882	2.114381	1.071884
9192	-1887.005	-2076.223	189.2185	0.2038491	2.272743	0.9609053
9198	-1885.437	-2074.761	189.3236	0.2038491	2.167576	0.9609053
9204	-1886.147	-2075.313	189.1654	0.2561463	2.189673	0.9525876
9210	-1882.828	-2071.903	189.0747	0.3001739	2.160111	0.965675
9216	-1873.042	-2062.089	189.0462	0.257559	2.106568	1.14306
9222	-1872.017	-2061.085	189.0679	0.2647097	2.186634	1.031995
9228	-1881.82	-2071.091	189.2712	0.1619974	2.17397	1.131612
9234	-1878.659	-2067.795	189.1352	0.2311974	2.163903	1.073439
9240	-1895.847	-2084.994	189.1469	0.3076904	2.026344	1.010367
9246	-1906.669	-2095.327	188.6577	0.3076904	2.151306	1.329927
9252	-1901.624	-2090.857	189.2332	0.2246731	2.184813	0.9747978
9258	-1890.199	-2079.506	189.3068	0.2134957	2.264612	0.8387915
9264	-1877.417	-2066.606	189.1891	0.2386421	2.369298	0.7630127
9270	-1889.025	-2075.216	186.1909	0.2032689	1.510301	3.503605
9276	-1892.58	-2079.384	186.8043	0.2404105	1.470382	3.104095
9282	-1887.154	-2072.772	185.6179	0.1891041	1.334001	3.961015
9288	-1892.474	-2078.466	185.9918	0.1555168	1.30012	3.828674
9294	-1901.886	-2088.517	186.6309	0.1924129	1.570642	3.228959
9300	-1903.96	-2092.791	188.831	0.1098626	1.562165	2.051468
9306	-1891.63	-2080.272	188.6423	0.182186	2.038868	1.677616
9312	-1895.516	-2084.338	188.8219	0.1744657	1.766572	1.760373
9318	-1896.003	-2084.888	188.8843	0.1948758	1.861111	1.603141
9324	-1891.547	-2080.668	189.1209	0.1345017	1.884763	1.560573
9330	-1892.992	-2081.923	188.9316	0.1574042	1.992608	1.560573
9336	-1886.309	-2074.907	188.5978	0.1281091	1.722988	2.051831
9342	-1887.17	-2075.48	188.3099	0.1825655	1.637713	2.173176
9348	-1886.751	-2073.621	186.8692	0.1369029	1.380082	3.310366
9354	-1882.895	-2070.183	187.2883	0.1440701	1.44008	3.010323
9360	-1880.595	-2067.123	186.5278	0.1182075	1.401546	3.539313
9366	-1894.739	-2080.135	185.3961	0.2048876	1.225313	4.122458
9372	-1896.21	-2083.023	186.8136	0.1834063	1.319851	3.285639
9378	-1885.71	-2071.836	186.1263	0.1553665	1.368309	3.712135
9384	-1897.119	-2084.031	186.9125	0.1645795	1.375265	3.230502
9390	-1909.019	-2096.509	187.4898	0.1645795	1.732333	2.667589
9396	-1893.832	-2081.776	187.944	0.1612753	1.614147	2.46576
9402	-1891.854	-2079.924	188.0701	0.1172786	1.637466	2.472779
9408	-1901.705	-2090.013	188.3081	0.1788062	1.59157	2.211951
9414	-1888.841	-2073.706	184.8644	0.2297906	1.144357	4.42919
9420	-1904.065	-2092.543	188.4779	0.189545	1.804725	1.937406
9426	-1884.281	-2073.002	188.7211	0.1697447	1.841043	1.789355
9432	-1883.053	-2072.099	189.0467	0.1829702	2.006757	1.399622
9438	-1884.273	-2072.82	188.5465	0.2283863	1.834798	1.792602
9444	-1887.33	-2075.877	188.5472	0.2283863	1.982729	1.688319
9450	-1879.849	-2068.888	189.0393	0.1576555	1.89013	1.556098
9456	-1878.341	-2066.944	188.6029	0.1954542	1.685699	1.921175
9462	-1879.839	-2068.809	188.9704	0.1662981	1.963244	1.531516
9468	-1883.28	-2071.917	188.6364	0.1537996	1.867016	1.866769
9474	-1894.38	-2082.673	188.2923	0.21442	1.882881	1.959935
9480	-1880.894	-2069.309	188.4146	0.21442	1.828948	1.913822
9486	-1878.651	-2066.893	188.2421	0.1888928	1.788035	2.106494
9492	-1887.972	-2076.061	188.0888	0.1725297	1.731262	2.276165
9498	-1889.165	-2077.178	188.0125	0.1958197	1.730095	2.279052
9504	-1879.996	-2068.694	188.6981	0.2250964	1.724662	1.770151
9510	-1876.382	-2064.944	188.5614	0.259613	1.850229	1.713384
9516	-1884.144	-2072.956	188.8114	0.2456967	1.845331	1.562937
9522	-1888.296	-2076.86	188.5646	0.2741869	1.845331	1.688685
9528	-1892.395	-2080.747	188.3524	0.2741869	1.838186	1.841713
9534	-1873.484	-2062.315	188.831	0.2324358	1.93875	1.505595
9540	-1884.732	-2073.603	188.8707	0.2324358	1.899024	1.505595
9546	-1882.762	-2071.091	188.3293	0.2324358	1.777782	1.971778
9552	-1891.206	-2078.607	187.4003	0.2355713	1.583277	2.683354
9558	-1903.123	-2090.744	187.6206	0.2002349	1.528564	2.643251
9564	-1901.508	-2088.904	187.3956	0.2803347	1.609922	2.598928
9570	-1890.973	-2078.582	187.6093	0.2687538	1.566894	2.510572
9576	-1885.399	-2073.326	187.9271	0.2120836	1.7586	2.28469
9582	-1889.823	-2078.257	188.434	0.2345165	1.824276	1.865723
9588	-1889.449	-2077.822	188.3724	0.269378	1.668232	1.951686
9594	-1879.627	-2068.183	188.5558	0.2198229	1.687467	1.903618
9600	-1880.534	-2069.59	189.056	0.2183975	2.01397	1.30258
9606	-1872.547	-2061.702	189.1553	0.2216966	1.92094	1.289907
9612	-1885.544	-2074.514	188.9699	0.2216966	1.756516	1.559843
9618	-1884.334	-2073.342	189.0081	0.223825	1.712269	1.559843
9624	-1889.337	-2078.163	188.8267	0.251911	2.083994	1.357305
9630	-1890.63	-2079.638	189.0071	0.2424673	1.928387	1.357305
9636	-1891.649	-2080.407	188.7577	0.2612971	2.050325	1.418661
9642	-1877.017	-2065.739	188.7225	0.2260694	1.835919	1.672614
9648	-1874.881	-2063.501	188.6202	0.2814066	1.934863	1.571217
9654	-1874.031	-2062.761	188.7291	0.3103879	1.842563	1.508464
9660	-1879.896	-2068.92	189.024	0.239512	1.957018	1.327383
9666	-1876.576	-2065.651	189.0751	0.239512	2.013937	1.238838
9672	-1877.225	-2066.08	188.855	0.2973725	1.907903	1.38531
9678	-1895.829	-2084.804	188.9742	0.2973725	2.018367	1.19777
9684	-1888.402	-2077.468	189.066	0.287736	1.946261	1.200456
9690	-1888.245	-2076.911	188.6665	0.3075577	1.996812	1.444116
9696	-1896.983	-2085.215	188.2323	0.2918644	1.838779	1.894144
9702	-1902.323	-2091.128	188.8053	0.3387083	1.817514	1.422017
9708	-1894.06	-2083.14	189.0801	0.2391086	1.781535	1.422017
9714	-1889.001	-2077.801	188.8001	0.2954343	1.890683	1.444583
9720	-1891.729	-2080.117	188.3875	0.2954343	1.764844	1.832839
9726	-1895.915	-2084.099	188.1837	0.2833503	1.727638	2.015151
9732	-1904.782	-2093.338	188.5555	0.2842268	1.67518	1.797207
9738	-1893.809	-2082.123	188.3143	0.2450608	1.811922	1.936098
9744	-1884.244	-2072.095	187.8512	0.1716409	1.530293	2.554601
9750	-1881.37	-2069.54	188.1693	0.1716409	1.604541	2.307605
9756	-1894.522	-2082.951	188.4294	0.1636427	1.693414	2.098886
9762	-1897.12	-2085.381	188.2613	0.1868394	1.761529	2.115442
9768	-1900.024	-2087.776	187.7519	0.1935368	1.563604	2.552789
9774	-1909.89	-2098.339	188.4496	0.3375882	2.029684	1.532363
9780	-1899.988	-2087.139	187.1507	0.234753	1.547777	2.858614
9786	-1901.743	-2089.68	187.9367	0.1584588	1.76416	2.381864
9792	-1892.071	-2080.251	188.1805	0.2015271	1.63033	2.224171
9798	-1890.629	-2078.473	187.8434	0.2163406	1.656074	2.395378
9804	-1905.046	-2092.948	187.9027	0.1538733	1.656074	2.481182
9810	-1893.691	-2081.958	188.267	0.1649749	1.595414	2.264986
9816	-1888.876	-2077.134	188.2588	0.1270131	1.738726	2.264986
9822	-1888.107	-2076.513	188.4061	0.1308559	1.717869	2.173963
9828	-1883.658	-2071.75	188.0925	0.2281764	1.71956	2.173963
9834	-1893.752	-2081.893	188.1409	0.162132	1.706309	2.28079
9840	-1883.383	-2071.066	187.6829	0.1919754	1.522262	2.624113
9846	-1893.039	-2080.896	187.857	0.1807965	1.6252	2.473425
9852	-1882.919	-2071.149	188.2303	0.2180637	1.608826	2.174798
9858	-1889.759	-2077.831	188.072	0.2375579	1.65674	2.211325
9864	-1887.665	-2075.87	188.2043	0.2135137	1.681103	2.153115
9870	-1885.056	-2072.854	187.7974	0.2135137	1.617123	2.453989
9876	-1882.154	-2069.533	187.3789	0.2786818	1.606127	2.614128
9882	-1885.562	-2073.329	187.7664	0.178141	1.575564	2.56615
9888	-1892.863	-2080.315	187.4518	0.2320229	1.617283	2.636612
9894	-1894.464	-2082.719	188.2549	0.1646025	1.589704	2.277194
9900	-1892.911	-2081.108	188.1969	0.2498626	1.630409	2.126013
9906	-1878.95	-2067.61	188.66	0.165509	1.753344	1.901033
9912	-1877.139	-2065.687	188.5474	0.129642	1.718655	2.084132
9918	-1885.757	-2073.737	187.9806	0.1750122	1.578971	2.436431
9924	-1877.782	-2065.52	187.737	0.2124935	1.591247	2.509795
9930	-1885.624	-2073.905	188.2808	0.2630519	1.890342	1.874051
9936	-1886.446	-2075.198	188.7525	0.2417666	1.916893	1.56131
9942	-1880.819	-2069.781	188.9616	0.1893031	1.858102	1.56131
9948	-1894.165	-2083.294	189.1293	0.1641533	1.919277	1.450406
9954	-1883.901	-2073.009	189.1076	0.1641533	1.872344	1.502299
9960	-1888.515	-2077.501	188.9858	0.2122518	1.84495	1.502299
9966	-1880.448	-2068.928	188.4809	0.2172631	1.796516	1.885331
9972	-1877.854	-2066.52	188.6655	0.1715608	1.736655	1.895109
9978	-1877.621	-2065.337	187.7164	0.2045841	1.644245	2.504011
9984	-1884.859	-2072.36	187.5009	0.2306168	1.520331	2.66848
9990	-1881.874	-2070.209	188.3348	0.2510229	1.674097	2.004222
9996	-1880.215	-2068.817	188.6019	0.253012	1.674097	1.81981
10002	-1889.042	-2077.437	188.3949	0.2170074	1.704425	2.005685
10008	-1893.416	-2082.22	188.8033	0.1764633	1.658055	1.843869
10014	-1880.86	-2069.637	188.7769	0.1942603	1.655124	1.825802
10020	-1882.414	-2070.798	188.3841	0.251069	1.733344	1.931377
10026	-1904.422	-2093.035	188.6127	0.1668507	1.893199	1.834803
10032	-1903.647	-2092.429	188.7828	0.1182907	1.704599	1.96622
10038	-1894.524	-2082.377	187.8531	0.2030365	1.704138	2.383304
10044	-1882.31	-2070.243	187.9335	0.2008442	1.593531	2.406504
10050	-1881.208	-2069.175	187.9676	0.198427	1.605083	2.382219
10056	-1899.865	-2087.801	187.9362	0.2483996	1.628451	2.298207
10062	-1892.553	-2080.901	188.348	0.2232824	1.660949	2.053906
10068	-1887.473	-2075.964	188.4912	0.2452335	1.820059	1.809594
10074	-1877.973	-2066.808	188.8352	0.2708053	1.884526	1.467904
10080	-1888.554	-2077.395	188.8413	0.2299039	1.980323	1.471697
10086	-1881.713	-2070.34	188.627	0.2288339	1.907464	1.6842
10092	-1886.593	-2075.491	188.8977	0.1778591	1.882045	1.616678
10098	-1888.126	-2077.27	189.1438	0.1778591	1.957871	1.374636
10104	-1884.548	-2073.291	188.7423	0.2492847	1.983299	1.504865
10110	-1890.955	-2079.823	188.868	0.2043886	1.982335	1.504865
10116	-1885.306	-2074.295	188.9891	0.2043886	2.052475	1.357788
10122	-1879.884	-2068.693	188.8089	0.2043886	1.994317	1.539883
10128	-1904.969	-2093.883	188.914	0.1824246	1.956198	1.539883
10134	-1905.026	-2093.398	188.3724	0.2628391	1.867552	1.827336
10140	-1906.043	-2094.59	188.547	0.2814815	1.867552	1.672675
10146	-1907.67	-2096.09	188.42	0.3285616	1.746963	1.770597
10152	-1910.964	-2099.446	188.4824	0.2134193	1.981905	1.764194
10158	-1903.155	-2091.588	188.4321	0.3401447	1.823946	1.69027
10164	-1892.363	-2080.904	188.5408	0.2783593	1.833411	1.706751
10170	-1882.553	-2071.642	189.0889	0.2480991	2.040459	1.185129
10176	-1887.641	-2076.112	188.471	0.2395218	1.998263	1.709819
10182	-1891.553	-2080.054	188.5016	0.380141	1.813027	1.58858
10188	-1884.206	-2072.734	188.5285	0.2540462	1.813836	1.771987
10194	-1879.395	-2067.267	187.8725	0.2393482	1.726133	2.291881
10200	-1881.011	-2069.473	188.4619	0.2477807	1.751314	1.872235
10206	-1883.033	-2071.278	188.2453	0.2708292	1.930204	1.857804
10212	-1887.375	-2076.089	188.7138	0.2649227	1.930204	1.53572
10218	-1886.175	-2074.551	188.3759	0.2775527	1.833932	1.822798
10224	-1882.638	-2070.639	188.001	0.2438634	1.721812	2.204282
10230	-1890.448	-2078.288	187.8399	0.2116264	1.726792	2.361366
10236	-1888.497	-2076.941	188.4436	0.2116264	1.751741	1.951767
10242	-1894.115	-2083.091	188.9763	0.2093661	2.032846	1.371892
10248	-1885.217	-2074.133	188.9154	0.2184099	2.06779	1.371892
10254	-1898.672	-2087.678	189.006	0.2669146	2.06779	1.191407
10260	-1898.09	-2087.42	189.3298	0.2317734	2.089139	0.9534675
10266	-1899.944	-2089.035	189.0908	0.2830042	2.006887	1.135676
10272	-1886.31	-2075.186	188.8762	0.2557878	1.905581	1.449632
10278	-1884.514	-2073.39	188.8762	0.2557878	1.905581	1.449632
10284	-1896.829	-2085.241	188.4126	0.2399509	1.824754	1.869958
10290	-1885.202	-2073.769	188.5678	0.1898432	1.757271	1.908099
10296	-1883.876	-2072.693	188.8176	0.1260992	1.725763	1.908099
10302	-1889.615	-2078.292	188.6769	0.1568645	1.763878	1.902188
10308	-1886.673	-2075.438	188.7655	0.181519	1.875904	1.707291
10314	-1898.022	-2085.517	187.4957	0.2980723	1.484335	2.588536
10320	-1897.242	-2084.412	187.17	0.2638995	1.451639	2.858946
10326	-1884.131	-2072.076	187.9458	0.3214368	1.526315	2.244473
10332	-1906.711	-2094.222	187.5114	0.4321322	1.436656	2.43599
10338	-1906.685	-2094.349	187.6639	0.2361169	1.623113	2.494354
10344	-1904.983	-2094.346	189.3631	0.2548325	2.070162	0.8696183
10350	-1906.664	-2095.725	189.0607	0.2548325	2.174229	1.074629
10356	-1891.064	-2080.349	189.2845	0.2548325	2.167477	0.847234
10362	-1891.607	-2080.627	189.02	0.2338016	2.204489	1.135093
10368	-1891.541	-2080.758	189.2167	0.227769	2.103811	1.062169
10374	-1894.009	-2083.164	189.1556	0.2522257	2.066791	1.092493
10380	-1886.736	-2075.785	189.0492	0.2522257	2.066791	1.187345
10386	-1881.931	-2071.057	189.1263	0.2197769	2.103705	1.164673
10392	-1884.284	-2073.268	188.9837	0.2528916	2.156627	1.164673
10398	-1884.537	-2073.28	188.7438	0.4178091	2.253549	0.9579259
10404	-1893.442	-2082.635	189.1929	0.2369792	2.261548	0.8995128
10410	-1902.685	-2091.611	188.9263	0.3065033	2.261548	0.9986291
10416	-1896.561	-2085.61	189.0493	0.249139	2.143309	1.126952
10422	-1895.223	-2084.242	189.0187	0.3295422	1.981654	1.126952
10428	-1889.327	-2078.24	188.9127	0.293553	1.998058	1.274006
10434	-1892.226	-2080.947	188.721	0.2713342	2.019485	1.451136
10440	-1881.039	-2069.746	188.7063	0.288517	1.992306	1.451136
10446	-1888.588	-2077.24	188.6525	0.2012579	1.788248	1.805272
10452	-1874.357	-2062.699	188.3422	0.214375	1.781327	1.994611
10458	-1875.972	-2064.761	188.7896	0.2066018	1.892408	1.623749
10464	-1876.791	-2065.244	188.4538	0.3076394	1.761905	1.769389
10470	-1878.006	-2066.017	188.0111	0.1874183	1.455838	2.469979
10476	-1893.101	-2080.803	187.702	0.1979346	1.53143	2.595444
10482	-1883.377	-2072.15	188.7735	0.2176856	1.910153	1.599386
10488	-1880.454	-2069.121	188.6671	0.2542374	1.861843	1.639667
10494	-1892.327	-2081.217	188.8891	0.2454523	2.101949	1.30649
10500	-1890.883	-2079.337	188.4544	0.3865773	1.950172	1.512788
10506	-1882.475	-2071.075	188.6004	0.2879798	2.017797	1.512788
10512	-1881.605	-2070.033	188.4277	0.2879798	1.848148	1.759505
10518	-1894.42	-2082.738	188.3172	0.2894746	1.687629	1.942795
10524	-1885.916	-2074.809	188.8934	0.2948894	1.871837	1.388063
10530	-1886.048	-2074.534	188.4866	0.3822721	1.874334	1.551539
10536	-1893.969	-2082.82	188.8519	0.3021811	1.931943	1.360019
10542	-1890.546	-2079.297	188.7512	0.2866211	1.772376	1.585081
10548	-1882.992	-2071.289	188.2974	0.2866211	1.664262	1.976342
10554	-1873.144	-2061.563	188.4195	0.2037977	1.762128	1.976342
10560	-1880.723	-2068.273	187.5499	0.3245205	1.658442	2.408165
10566	-1886.771	-2075.382	188.611	0.2972526	1.747868	1.685551
10572	-1884.583	-2072.598	188.0145	0.2377999	1.768124	2.175997
10578	-1877.793	-2066.347	188.5542	0.2377999	1.828204	1.774019
10584	-1880.483	-2068.643	188.1601	0.258772	1.703179	2.087334
10590	-1876.954	-2064.773	187.8188	0.2291387	1.593208	2.427906
10596	-1880.395	-2067.063	186.6678	0.2720157	1.478227	3.132241
10602	-1875.19	-2061.987	186.7975	0.2153943	1.412613	3.183622
10608	-1881.577	-2068.038	186.4617	0.2255597	1.412613	3.364861
10614	-1888.925	-2074.063	185.1383	0.2412193	1.295382	4.171264
10620	-1890.299	-2074.905	184.6068	0.2166581	1.220175	4.552177
10626	-1889.722	-2074.325	184.6026	0.2757773	1.242107	4.454273
10632	-1885.136	-2071.584	186.4476	0.1944482	1.332359	3.473053
10638	-1881.108	-2068.032	186.9243	0.239406	1.509543	3.010572
10644	-1889.489	-2076.397	186.9079	0.3354905	1.367391	2.966986
10650	-1889.037	-2077.34	188.3025	0.1650993	1.507994	2.297924
10656	-1880.378	-2068.245	187.8674	0.2660922	1.652268	2.297924
10662	-1888.193	-2076.878	188.6844	0.2481793	1.730065	1.732223
10668	-1879.908	-2068.853	188.9455	0.2832264	1.859998	1.378305
10674	-1879.08	-2067.961	188.8812	0.2787854	1.846584	1.446853
10680	-1885.634	-2074.245	188.6111	0.3202742	1.946421	1.502417
10686	-1883.221	-2071.758	188.5365	0.2769944	1.923838	1.647801
10692	-1883.901	-2072.526	188.6252	0.3151496	1.92756	1.514581
10698	-1879.839	-2068.655	188.816	0.3366333	2.0578	1.223685
10704	-1893.304	-2080.915	187.611	0.2558996	1.767628	2.40396
10710	-1892.572	-2080.465	187.8934	0.2144483	1.597814	2.40396
10716	-1885.447	-2073.526	188.0798	0.2297886	1.725349	2.175577
10722	-1889.932	-2077.653	187.7212	0.2428275	1.725349	2.38271
10728	-1902.231	-2090.383	188.1524	0.2225397	1.893838	2.030624
10734	-1885.282	-2074.201	188.9195	0.1974278	1.78231	1.629157
10740	-1893.13	-2081.876	188.7456	0.2526299	1.975202	1.501963
10746	-1888.884	-2077.238	188.3537	0.2353219	1.994265	1.802563
10752	-1890.674	-2079.443	188.7696	0.2296219	1.928178	1.564646
10758	-1886.015	-2074.793	188.7788	0.250116	1.864079	1.564646
10764	-1891.541	-2079.951	188.4103	0.250116	1.780446	1.883414
10770	-1882	-2070.834	188.834	0.2272744	1.837252	1.588856
10776	-1895.267	-2084.318	189.0512	0.143656	1.884028	1.587769
10782	-1886.958	-2076.025	189.0671	0.2341037	1.897209	1.35238
10788	-1891.028	-2079.616	188.5882	0.2002762	1.705008	1.908229
10794	-1889.89	-2079.097	189.2062	0.1861863	2.01997	1.25287
10800	-1881.847	-2070.913	189.0661	0.2076352	2.084768	1.261708
10806	-1884.503	-2073.705	189.2017	0.2076352	2.252871	0.987143
10812	-1873.707	-2063.053	189.3457	0.1884256	2.148207	1.005577
10818	-1873.138	-2062.374	189.2362	0.1884256	2.085065	1.165901
10824	-1888.589	-2077.939	189.3492	0.2203379	2.148924	0.9020748
10830	-1894.644	-2083.778	189.134	0.2297741	1.999634	1.22355
10836	-1886.722	-2075.662	188.9397	0.2833281	1.93453	1.323547
10842	-1894.287	-2083.403	189.1163	0.2159997	1.972144	1.293138
10848	-1889.8	-2078.745	188.9449	0.2751718	2.110195	1.189784
10854	-1894.927	-2083.809	188.8818	0.261788	1.900662	1.437385
10860	-1890.335	-2078.744	188.4091	0.3575987	1.870908	1.646891
10866	-1892.489	-2081.314	188.8252	0.2186426	1.905622	1.562892
10872	-1870.86	-2059.654	188.794	0.2911592	1.936085	1.422202
10878	-1881.148	-2070.032	188.8834	0.2294969	1.949861	1.463775
10884	-1876.457	-2065.057	188.5999	0.1648608	1.7865	1.920701
10890	-1873.434	-2061.788	188.3539	0.1949511	1.658428	2.106001
10896	-1877.731	-2066.453	188.7218	0.1677958	1.745322	1.859225
10902	-1878.225	-2067.112	188.8871	0.1697085	1.778535	1.717084
10908	-1879.407	-2068.327	188.9201	0.2072632	1.832216	1.571229
10914	-1876.289	-2065.264	188.9749	0.1470308	2.055193	1.50885
10920	-1886.869	-2075.706	188.8367	0.2080588	1.913318	1.571202
10926	-1882.57	-2071.876	189.3053	0.1590326	1.847614	1.383088
10932	-1887.377	-2076.28	188.9035	0.290207	2.122547	1.183464
10938	-1897.158	-2086.122	188.964	0.3049857	2.025926	1.184753
10944	-1897.992	-2086.876	188.8846	0.2477541	2.083361	1.32028
10950	-1902.619	-2091.279	188.6603	0.2064713	1.990661	1.646424
10956	-1896.459	-2085.034	188.5748	0.2119828	1.894662	1.76349
10962	-1885.811	-2074.348	188.537	0.198762	1.947245	1.780267
10968	-1891.798	-2080.681	188.8831	0.198762	1.76049	1.668039
10974	-1887.102	-2075.246	188.1436	0.2291225	1.713212	2.14315
10980	-1884.504	-2072.604	188.0999	0.2505501	1.673916	2.15973
10986	-1915.638	-2103.296	187.6573	0.2505501	1.661341	2.450466
10992	-1890.671	-2078.333	187.6623	0.2256336	1.514525	2.580912
10998	-1893.167	-2080.555	187.3878	0.3151381	1.565254	2.580912
11004	-1893.963	-2083.018	189.0555	0.24239	2.106613	1.169802
11010	-1886.196	-2074.995	188.7995	0.3119708	2.057696	1.282974
11016	-1879.857	-2068.491	188.6341	0.269395	1.86	1.637034
11022	-1882.48	-2071.068	188.588	0.1778408	1.929325	1.802253
11028	-1883.596	-2072.494	188.8978	0.1811375	1.855842	1.628001
11034	-1878.209	-2066.588	188.379	0.2422877	1.822172	1.890367
11040	-1882.005	-2069.746	187.7408	0.179837	1.729489	2.482788
11046	-1885.55	-2073.174	187.6237	0.2297402	1.62735	2.527677
11052	-1884.976	-2072.016	187.0397	0.1969863	1.529708	3.001563
11058	-1887.508	-2074.587	187.0794	0.1860772	1.465991	3.036
11064	-1893.406	-2080.59	187.1841	0.1410216	1.486026	3.051721
11070	-1880.31	-2067.989	187.6795	0.1791936	1.51775	2.653566
11076	-1892.142	-2079.277	187.1348	0.235159	1.459663	2.920878
11082	-1892.56	-2080.594	188.0338	0.153546	1.512721	2.489597
11088	-1888.168	-2075.84	187.6722	0.2877539	1.491156	2.489597
11094	-1894.025	-2081.634	187.6086	0.3058903	1.512124	2.489597
11100	-1905.861	-2094.088	188.2268	0.1416147	1.809168	2.205338
11106	-1901.598	-2089.483	187.8854	0.2229926	1.892656	2.205338
11112	-1888.088	-2076.853	188.7646	0.2132963	2.030589	1.526597
11118	-1890.053	-2078.415	188.3617	0.2549852	1.948809	1.79246
11124	-1881.908	-2069.314	187.4063	0.1906014	1.482935	2.820183
11130	-1880.34	-2067.648	187.3077	0.2015835	1.39088	2.915584
11136	-1875.774	-2062.335	186.5609	0.2657686	1.458135	3.216843
11142	-1883.316	-2069.721	186.4054	0.3462223	1.457825	3.199228
11148	-1879.834	-2066.05	186.2163	0.2785579	1.305357	3.490521
11154	-1890.333	-2077.634	187.3006	0.2372801	1.374406	2.86867
11160	-1889.042	-2075.101	186.0591	0.2267456	1.399993	3.605356
11166	-1903.246	-2089.104	185.8584	0.2241812	1.321838	3.770767
11172	-1884.931	-2070.697	185.7666	0.2833287	1.346371	3.721049
11178	-1878.289	-2063.697	185.4078	0.2747491	1.294138	3.969297
11184	-1881.416	-2068.617	187.2008	0.2886442	1.432763	2.81478
11190	-1865.244	-2053.468	188.2231	0.2361716	1.746203	2.05666
11196	-1875.3	-2063.064	187.7635	0.2061517	1.801928	2.372283
11202	-1881.158	-2069.492	188.3343	0.2113058	1.669337	2.079892
11208	-1892.434	-2080.653	188.2188	0.2516089	1.623847	2.112988
11214	-1885.064	-2073.014	187.95	0.2520286	1.627801	2.283729
11220	-1896.67	-2083.613	186.9425	0.2520286	1.59228	2.929821
11226	-1904.936	-2090.807	185.8704	0.3068956	1.458624	3.56362
11232	-1888.61	-2075.7	187.0894	0.154297	1.454466	3.099149
11238	-1889.41	-2076.376	186.966	0.1577537	1.476462	3.15243
11244	-1888.212	-2076.631	188.4198	0.1425504	1.630274	2.19401
11250	-1884.321	-2072.892	188.5714	0.2369191	1.675316	1.869163
11256	-1887.47	-2075.969	188.4984	0.2829445	1.838532	1.725159
11262	-1904.496	-2092.59	188.0937	0.1969252	1.64258	2.280956
11268	-1893.329	-2081.992	188.6629	0.2017892	1.76969	1.809796
11274	-1895.65	-2084.202	188.5514	0.2089879	1.860015	1.809796
11280	-1891.253	-2080.45	189.1972	0.1824723	2.084145	1.216272
11286	-1905.762	-2095.053	189.2904	0.1792816	2.001072	1.216272
11292	-1895.701	-2083.657	187.9561	0.2069747	1.637964	2.352552
11298	-1878.49	-2065.93	187.4391	0.1904445	1.465701	2.811035
11304	-1901.667	-2089.151	187.484	0.1512585	1.549058	2.811035
11310	-1893.536	-2081.122	187.5852	0.1728017	1.581167	2.685225
11316	-1882.818	-2070.304	187.4862	0.1728017	1.561122	2.758161
11322	-1887.125	-2075.427	188.3018	0.1754007	1.719944	2.139795
11328	-1886.918	-2074.532	187.6146	0.218008	1.596711	2.572773
11334	-1896.659	-2083.783	187.1235	0.2089702	1.587933	2.89466
11340	-1880.996	-2068.899	187.9022	0.2006445	1.678187	2.373112
11346	-1874.998	-2063.163	188.1646	0.1462058	1.629791	2.349557
11352	-1885.641	-2074.554	188.9135	0.2151995	1.957221	1.465769
11358	-1881.157	-2069.603	188.4455	0.2585353	1.74593	1.868099
11364	-1896.867	-2085.513	188.6455	0.2585353	1.877129	1.636209
11370	-1880.366	-2069.195	188.8288	0.2629843	1.893486	1.480805
11376	-1881.039	-2069.251	188.2122	0.228715	1.855007	2.005211
11382	-1892.602	-2081.333	188.7313	0.1956472	1.779743	1.76815
11388	-1887.284	-2075.433	188.149	0.1959641	1.760007	2.171463
11394	-1883.06	-2071.312	188.2511	0.1959641	1.581784	2.2207
11400	-1896.462	-2084.428	187.966	0.246077	1.649323	2.269721
11406	-1889.834	-2078.707	188.8734	0.2391329	2.050813	1.373299
11412	-1886.919	-2076.159	189.24	0.2101674	2.141331	1.051809
11418	-1882.483	-2071.714	189.2303	0.1485964	2.141331	1.235273
11424	-1894.896	-2083.743	188.847	0.2479846	1.986645	1.425443
11430	-1897.243	-2086.413	189.1701	0.1970271	1.88198	1.366814
11436	-1890.694	-2079.141	188.4466	0.2592219	1.947845	1.726207
11442	-1881.258	-2070.001	188.7426	0.2585122	1.893085	1.553956
11448	-1885.297	-2074.057	188.7598	0.2445313	1.932878	1.538736
11454	-1898.008	-2086.585	188.5767	0.2746513	1.844711	1.679693
11460	-1889.09	-2078.124	189.0333	0.1763194	1.791999	1.58719
11466	-1882.909	-2070.818	187.9089	0.2944479	1.837204	2.106795
11472	-1879.202	-2067.292	188.0897	0.2069269	1.624301	2.276174
11478	-1877.813	-2065.849	188.0355	0.1992413	1.787097	2.220975
11484	-1871.559	-2059.81	188.2505	0.1779108	1.620973	2.231976
11490	-1894.038	-2082.449	188.4116	0.1554935	1.831604	2.037723
11496	-1887.621	-2076.15	188.5289	0.1805654	1.612755	2.050193
11502	-1885.157	-2072.814	187.657	0.2530925	1.434661	2.587982
11508	-1880.825	-2068.307	187.4827	0.266946	1.611635	2.564394
11514	-1881.222	-2068.629	187.4078	0.3358849	1.469288	2.5996
11520	-1878.88	-2065.501	186.6206	0.3358849	1.35688	3.144568
11526	-1895.86	-2080.781	184.9206	0.2820059	1.266921	4.252051
11532	-1894.305	-2079.387	185.0824	0.2541762	1.15319	4.264275
11538	-1882.91	-2069.763	186.8528	0.2364607	1.365558	3.143933
11544	-1878.749	-2066.276	187.5266	0.2136762	1.449746	2.725212
11550	-1874.078	-2060.744	186.666	0.2144328	1.459527	3.23535
11556	-1888.716	-2075.988	187.2721	0.3291584	1.516165	2.663489
11562	-1884.658	-2072.046	187.3877	0.2321965	1.519107	2.736052
11568	-1890.506	-2077.313	186.8068	0.2972443	1.517083	2.989569
11574	-1879.262	-2065.886	186.624	0.2783251	1.458816	3.160575
11580	-1879.455	-2066.916	187.4615	0.2462781	1.460939	2.703268
11586	-1897.377	-2084.517	187.1407	0.2652522	1.444938	2.878668
11592	-1892.199	-2078.004	185.8055	0.2392332	1.407088	3.728347
11598	-1892.488	-2080.22	187.7317	0.2658699	1.478062	2.494104
11604	-1895.413	-2083.311	187.8981	0.2097036	1.416712	2.523263
11610	-1880.614	-2067.777	187.1632	0.2409997	1.506906	2.865607
11616	-1882.675	-2069.933	187.2575	0.2167888	1.491361	2.85838
11622	-1885.307	-2072.58	187.2726	0.2116698	1.490983	2.85838
11628	-1868.625	-2056.423	187.7981	0.2125928	1.540889	2.502917
11634	-1880.405	-2068.576	188.1706	0.2221898	1.521862	2.261911
11640	-1879.588	-2067.805	188.217	0.1828201	1.668922	2.212663
11646	-1869.154	-2057.316	188.1626	0.1970328	1.679488	2.212663
11652	-1862.455	-2050.47	188.0148	0.242953	1.717536	2.199642
11658	-1876.275	-2063.898	187.6227	0.2301617	1.586887	2.552746
11664	-1879.894	-2068.442	188.5486	0.2011801	1.63782	1.978337
11670	-1879.445	-2067.836	188.3912	0.1796506	1.763393	2.043586
11676	-1882.542	-2071.006	188.4646	0.2661439	1.984034	1.675402
11682	-1888.371	-2077.016	188.6457	0.2661439	1.796531	1.679953
11688	-1892.472	-2080.879	188.4068	0.3329043	1.761265	1.763239
11694	-1890.644	-2079.025	188.381	0.2993155	1.767574	1.829196
11700	-1883.719	-2071.955	188.2357	0.311396	1.885023	1.829196
11706	-1868.94	-2057.171	188.2309	0.2936712	1.736905	1.961006
11712	-1882.574	-2071.11	188.5359	0.3090624	1.873766	1.629611
11718	-1884.612	-2073.385	188.7735	0.1944435	2.037566	1.55614
11724	-1885.175	-2073.904	188.7293	0.212258	1.743589	1.760559
11730	-1879.673	-2068.45	188.7767	0.2143684	1.857946	1.641678
11736	-1872.399	-2061.272	188.8729	0.2281368	1.900644	1.51154
11742	-1888.533	-2077.129	188.5951	0.2853633	2.060445	1.489503
11748	-1881.9	-2070.945	189.0443	0.2033779	2.09391	1.28243
11754	-1876.858	-2065.795	188.9363	0.2738584	2.048279	1.252254
11760	-1875.547	-2064.463	188.9161	0.2738584	2.047923	1.269343
11766	-1872.411	-2061.279	188.8683	0.232406	1.942018	1.47508
11772	-1868.907	-2057.719	188.8114	0.232406	1.881273	1.562777
11778	-1882.628	-2071.117	188.4892	0.2904648	1.925912	1.656905
11784	-1874.27	-2063.253	188.9825	0.2057988	1.948327	1.440726
11790	-1873.185	-2062.145	188.9595	0.1922218	1.899952	1.52527
11796	-1871.06	-2059.319	188.2594	0.2878403	1.773219	1.926675
11802	-1871.43	-2059.916	188.4869	0.2837973	1.849942	1.723778
11808	-1876.027	-2064.702	188.6752	0.226657	1.865601	1.683967
11814	-1875.001	-2063.164	188.1628	0.2460309	1.762621	2.068253
11820	-1873.531	-2060.219	186.6885	0.2214512	1.562334	3.149218
11826	-1877.776	-2064.603	186.8265	0.2200142	1.384697	3.1752
11832	-1876.486	-2064.064	187.5781	0.1919385	1.547098	2.673427
11838	-1892.141	-2078.739	186.5982	0.2266668	1.513944	3.222878
11844	-1892.367	-2079.211	186.8439	0.1988267	1.622316	3.060013
11850	-1886.425	-2073.943	187.5181	0.1737036	1.537987	2.751008
11856	-1886.536	-2074.148	187.6118	0.1741139	1.562628	2.677673
11862	-1895.806	-2084.255	188.4488	0.1232677	1.597518	2.24287
11868	-1905.07	-2093.067	187.9977	0.1584418	1.594764	2.45028
11874	-1874.322	-2062.463	188.1411	0.2013225	1.667763	2.225836
11880	-1878.239	-2066.13	187.8908	0.176292	1.576075	2.491992
11886	-1875.952	-2063.193	187.2412	0.2196114	1.572784	2.813978
11892	-1869.914	-2057.345	187.4313	0.1543526	1.519361	2.854522
11898	-1875.589	-2062.451	186.862	0.2613242	1.52481	3.004411
11904	-1877.487	-2064.312	186.8256	0.1937752	1.459154	3.177168
11910	-1883.866	-2071.182	187.316	0.2136371	1.583038	2.772557
11916	-1885.502	-2073.626	188.124	0.1581109	1.550384	2.399355
11922	-1877.496	-2065.147	187.6513	0.178526	1.628438	2.603985
11928	-1893.669	-2078.552	184.8834	0.2688901	1.326379	4.257736
11934	-1880.918	-2065.458	184.5405	0.2160516	1.138886	4.635982
11940	-1890.065	-2075.766	185.7001	0.2390392	1.213079	3.900926
11946	-1872.802	-2059.388	186.5858	0.1752466	1.363291	3.409248
11952	-1876.397	-2063.433	187.0363	0.2520036	1.32051	3.036766
11958	-1885.798	-2071.908	186.11	0.1721532	1.288014	3.735528
11964	-1898.924	-2084.61	185.6861	0.1748465	1.312083	3.960261
11970	-1899.169	-2087.606	188.4365	0.2495852	1.647699	1.956344
11976	-1897.506	-2085.814	188.3082	0.3095401	1.662581	1.934191
11982	-1887.357	-2075.629	188.2713	0.2708111	1.662581	2.020622
11988	-1879.339	-2067.146	187.8074	0.2419417	1.64447	2.380793
11994	-1878.234	-2064.269	186.0358	0.2821413	1.374518	3.550323
12000	-1884.131	-2071.784	187.653	0.27684	1.479142	2.525549
12006	-1899.161	-2087.461	188.3005	0.2293294	1.683949	2.059025
12012	-1891.147	-2078.938	187.7916	0.3007505	1.677745	2.276528
12018	-1893.595	-2081.397	187.8025	0.303371	1.660714	2.276528
12024	-1882.459	-2070.419	187.9596	0.2641351	1.598412	2.276528
12030	-1889.905	-2076.626	186.7206	0.2422399	1.224502	3.296489
12036	-1888.776	-2075.366	186.5899	0.1395126	1.444882	3.430694
12042	-1887.043	-2072.453	185.4094	0.2243802	1.188483	4.104039
12048	-1875.311	-2061.879	186.5682	0.1667421	1.344619	3.446784
12054	-1879.119	-2065.329	186.2101	0.1807077	1.31473	3.646254
12060	-1898.594	-2086.716	188.1222	0.1991267	1.611237	2.27854
12066	-1899.232	-2087.383	188.1508	0.1991267	1.6058	2.263677
12072	-1889.421	-2077.299	187.8777	0.1383373	1.486975	2.636185
12078	-1886.289	-2074.3	188.0113	0.267526	1.632414	2.215972
12084	-1892.881	-2081.13	188.2483	0.1933833	1.599753	2.215972
12090	-1894.7	-2083.58	188.8802	0.1863929	1.844208	1.637223
12096	-1896.193	-2084.957	188.7634	0.2233118	1.868386	1.625453
12102	-1886.908	-2075.631	188.7229	0.162234	1.764795	1.85784
12108	-1890.461	-2079.37	188.9089	0.2523365	1.851601	1.472601
12114	-1877.413	-2066.637	189.2231	0.2362832	2.205248	0.9303865
12120	-1871.915	-2061.096	189.1808	0.2020334	2.042186	1.215016
12126	-1867.248	-2056.743	189.495	0.1382379	2.104285	1.066668
12132	-1870.868	-2059.752	188.8838	0.1682522	2.012206	1.554536
12138	-1877.928	-2066.842	188.9146	0.2652811	2.012206	1.317066
12144	-1883.915	-2072.931	189.0158	0.2633736	2.005758	1.243291
12150	-1882.063	-2070.906	188.8432	0.2341907	2.033144	1.420934
12156	-1888.897	-2077.595	188.6985	0.2341907	1.970217	1.57677
12162	-1883.344	-2072.155	188.8106	0.226131	1.940932	1.532092
12168	-1875.445	-2064.331	188.8868	0.2129488	1.902043	1.532092
12174	-1887.626	-2075.998	188.3715	0.292436	1.948855	1.720873
12180	-1888.786	-2077.016	188.23	0.3258209	1.7462	1.905778
12186	-1884.078	-2072.845	188.7671	0.2641063	1.854378	1.553929
12192	-1890.817	-2078.832	188.0156	0.2857468	1.998047	1.942876
12198	-1889.799	-2078.102	188.3027	0.2857468	1.876754	1.830017
12204	-1906.945	-2094.941	187.9955	0.241012	1.636366	2.267691
12210	-1900.983	-2088.478	187.4956	0.2299805	1.626125	2.607557
12216	-1888.649	-2077.241	188.5918	0.2070219	1.730117	1.875197
12222	-1881.95	-2070.052	188.1025	0.275461	1.781117	2.046344
12228	-1883.419	-2071.987	188.5681	0.2319529	1.716308	1.852599
12234	-1885.983	-2074.468	188.4856	0.2273904	1.787776	1.868732
12240	-1893.765	-2082.732	188.9667	0.2425921	1.79314	1.492469
12246	-1887.177	-2075.748	188.5711	0.3334882	1.980788	1.484716
12252	-1891.076	-2079.938	188.862	0.2351601	1.980788	1.444668
12258	-1881.979	-2070.713	188.7336	0.1802489	1.85368	1.748245
12264	-1888.655	-2077.143	188.4882	0.3153239	1.789242	1.713803
12270	-1892.492	-2081.471	188.9784	0.2007388	1.893145	1.497042
12276	-1889.127	-2078.017	188.8901	0.2316435	1.893145	1.497042
12282	-1890.102	-2079.162	189.0596	0.2383209	1.942519	1.312945
12288	-1892.958	-2082.247	189.2889	0.1620126	2.043396	1.229541
12294	-1897.43	-2085.464	188.0343	0.2473345	1.715304	2.180936
12300	-1899.912	-2087.936	188.0241	0.2647132	1.57045	2.252173
12306	-1896.84	-2084.734	187.8935	0.123893	1.484782	2.661193
12312	-1890.593	-2077.841	187.2476	0.15217	1.582299	2.932108
12318	-1889.106	-2077.352	188.2461	0.1377418	1.773567	2.224981
12324	-1892.537	-2081.03	188.4923	0.1122406	1.625367	2.224981
12330	-1892.404	-2080.846	188.442	0.1347989	1.588445	2.224981
12336	-1888.362	-2075.714	187.3517	0.1703985	1.620383	2.80874
12342	-1893.551	-2080.821	187.2699	0.1546505	1.385061	3.032019
12348	-1905.43	-2092.177	186.7465	0.1507579	1.281066	3.411413
12354	-1901.045	-2087.488	186.4433	0.1521742	1.281059	3.585441
12360	-1882.006	-2067.916	185.9105	0.1521742	1.241854	3.91545
12366	-1892.226	-2078.833	186.6064	0.1582346	1.239931	3.502269
12372	-1895.57	-2081.97	186.4	0.2453687	1.341615	3.411166
12378	-1897.511	-2084.503	186.9916	0.1733428	1.549486	3.062738
12384	-1891.187	-2080.158	188.9709	0.2516505	1.92645	1.368345
12390	-1891.903	-2080.738	188.8349	0.2893613	1.911626	1.412787
12396	-1900.208	-2088.808	188.6001	0.3088945	1.852578	1.598745
12402	-1890.178	-2079.061	188.8827	0.1724567	1.823266	1.682119
12408	-1890.868	-2079.714	188.8461	0.1645542	1.814089	1.732865
12414	-1893.189	-2081.98	188.7905	0.3240157	1.861562	1.424238
12420	-1896.475	-2085.015	188.5397	0.3071172	2.024381	1.519717
12426	-1892.231	-2080.949	188.718	0.3071172	2.09024	1.33158
12432	-1888.722	-2077.241	188.5186	0.2587662	2.088371	1.574534
12438	-1892.952	-2081.864	188.9118	0.2609214	2.105806	1.251743
12444	-1886.039	-2074.81	188.7711	0.2752773	2.139265	1.310229
12450	-1884.772	-2073.541	188.7689	0.2745313	2.150701	1.304258
12456	-1870.281	-2059.263	188.9827	0.229393	2.147977	1.226983
12462	-1888.589	-2077.025	188.436	0.3242952	1.787412	1.737759
12468	-1880.261	-2068.617	188.3556	0.2911937	1.731279	1.88451
12474	-1877.161	-2065.566	188.4049	0.178455	1.731471	2.058136
12480	-1890.361	-2078.311	187.9496	0.2100144	1.713492	2.303013
12486	-1882.839	-2070.636	187.7966	0.2383553	1.785848	2.303882
12492	-1889.366	-2077.594	188.2276	0.2060996	1.74418	2.11076
12498	-1899.243	-2087.879	188.6363	0.131439	1.801204	1.96582
12504	-1894.267	-2083.271	189.0043	0.1748147	2.093742	1.385146
12510	-1887.003	-2076.056	189.0531	0.1964627	1.901953	1.443461
12516	-1894.585	-2083.778	189.1933	0.1964627	1.797754	1.415783
12522	-1883.788	-2072.757	188.9688	0.1811359	1.975095	1.487925
12528	-1880.526	-2069.558	189.0319	0.2509739	2.003034	1.258635
12534	-1893.098	-2082.135	189.0366	0.1944681	2.100971	1.304732
12540	-1884.804	-2073.706	188.9027	0.2123116	1.982192	1.461364
12546	-1885.378	-2074.212	188.8347	0.1974924	2.027577	1.511303
12552	-1872.832	-2061.451	188.6189	0.2458788	1.888406	1.670792
12558	-1886.939	-2075.685	188.7451	0.3032016	2.043896	1.354059
12564	-1880.103	-2069.211	189.1078	0.2549606	1.950784	1.2303
12570	-1882.645	-2071.296	188.6508	0.2549606	1.896995	1.624686
12576	-1883.859	-2072.598	188.7388	0.2966012	2.001806	1.404138
12582	-1874.174	-2063.046	188.872	0.2966012	1.923203	1.361321
12588	-1876.194	-2065.14	188.9456	0.2457019	1.996932	1.344953
12594	-1878.299	-2067.474	189.1752	0.2180365	2.034033	1.187031
12600	-1881.546	-2070.866	189.3196	0.1758369	2.097911	1.115554
12606	-1899.864	-2089.402	189.5386	0.1933345	2.079397	0.8547183
12612	-1892.875	-2081.918	189.0428	0.2177884	2.300441	1.067133
12618	-1895.599	-2084.514	188.9146	0.3132192	2.254379	1.002137
12624	-1881.464	-2070.602	189.1375	0.2278202	2.325993	0.9172704
12630	-1877.293	-2066.53	189.2365	0.2598874	2.275401	0.7494971
12636	-1893.642	-2083.088	189.4461	0.1579094	2.392965	0.704886
12642	-1882.527	-2071.625	189.0976	0.2419585	2.357328	0.8837343
12648	-1884.883	-2074.129	189.2464	0.2520315	2.357328	0.6140036
12654	-1883.823	-2073.199	189.3761	0.1775434	2.2441	0.9091919
12660	-1879.257	-2068.477	189.2201	0.2071879	2.322769	0.8942533
12666	-1889.361	-2078.49	189.1289	0.2158115	1.915407	1.329204
12672	-1876.65	-2065.753	189.1037	0.198662	1.831337	1.453727
12678	-1882.625	-2071.47	188.8451	0.2379082	1.877053	1.529991
12684	-1889.154	-2078.177	189.0233	0.1539032	1.852571	1.604702
12690	-1875.988	-2064.314	188.3259	0.2461577	1.815592	1.92387
12696	-1880.469	-2069.12	188.6513	0.2461577	1.730913	1.758547
12702	-1889.06	-2077.789	188.7292	0.2405227	1.73378	1.712374
12708	-1886.881	-2075.46	188.5788	0.2580054	1.744506	1.778156
12714	-1894.275	-2082.374	188.0989	0.2580054	1.681918	2.142628
12720	-1906.767	-2094.556	187.7886	0.278364	1.58667	2.370466
12726	-1896.438	-2083.608	187.1707	0.2621111	1.554813	2.798616
12732	-1884.018	-2071.478	187.4595	0.2621111	1.602955	2.5917
12738	-1880.513	-2068.31	187.7969	0.2337071	1.559176	2.455153
12744	-1896.951	-2084.788	187.8364	0.2337071	1.519682	2.455153
12750	-1895.881	-2083.692	187.8114	0.2167666	1.592473	2.454786
12756	-1893.578	-2081.942	188.3643	0.2657173	1.611767	2.001043
12762	-1888.692	-2077.008	188.3159	0.299312	1.712447	1.911215
12768	-1886.941	-2075.849	188.9084	0.2642787	1.834543	1.4627
12774	-1901.321	-2089.891	188.5704	0.2393936	1.75257	1.812249
12780	-1897.629	-2086.182	188.5526	0.2843625	1.666369	1.805078
12786	-1885.484	-2073.955	188.4711	0.3549173	1.829236	1.636239
12792	-1893.286	-2081.932	188.6457	0.274752	1.836177	1.636239
12798	-1902.934	-2091.689	188.755	0.3333336	2.070726	1.269756
12804	-1899.986	-2087.033	187.047	0.2075661	1.506445	2.992313
12810	-1895.573	-2084.539	188.9659	0.2257984	2.105219	1.284717
12816	-1886.75	-2075.314	188.5642	0.2966952	1.808081	1.676924
12822	-1880.61	-2069.12	188.5097	0.2198507	1.788284	1.8663
12828	-1887.564	-2075.782	188.2184	0.2170504	1.888504	2.00058
12834	-1895.377	-2083.709	188.3323	0.2530512	1.955863	1.811401
12840	-1881.72	-2070.154	188.434	0.2167365	1.952794	1.811401
12846	-1888.34	-2076.912	188.5716	0.2709121	1.965752	1.60299
12852	-1867.38	-2055.797	188.4168	0.2205244	1.92035	1.8382
12858	-1872.247	-2060.465	188.2177	0.2000391	1.827576	2.074299
12864	-1878.96	-2067.798	188.8385	0.1462146	1.857787	1.751832
12870	-1898.027	-2086.742	188.7141	0.1913334	1.828775	1.755148
12876	-1890.851	-2079.839	188.9882	0.1987489	1.998369	1.413933
12882	-1887.456	-2076.575	189.1189	0.1746345	2.018403	1.354651
12888	-1881.075	-2070.068	188.993	0.2048073	1.94794	1.435239
12894	-1881.211	-2070.024	188.8122	0.2448248	1.803058	1.594976
12900	-1882.651	-2070.87	188.2193	0.2458324	1.814758	1.996524
12906	-1888.485	-2076.316	187.8309	0.2458324	1.672885	2.341331
12912	-1879.558	-2066.947	187.3886	0.3110364	1.541242	2.601067
12918	-1876.376	-2064.033	187.657	0.3083164	1.647907	2.370178
12924	-1886.352	-2075.154	188.8029	0.2954907	1.812733	1.501406
12930	-1885.837	-2074.404	188.567	0.1676753	1.763124	1.952403
12936	-1890.678	-2079.016	188.3374	0.2250657	1.786094	1.974384
12942	-1887.74	-2075.714	187.9746	0.1858427	1.643458	2.377827
12948	-1886.35	-2074.191	187.8418	0.2423252	1.717001	2.312194
12954	-1880.165	-2068.042	187.8773	0.2661208	1.651415	2.292078
12960	-1891.276	-2079.347	188.071	0.1952696	1.496089	2.391742
12966	-1891.424	-2078.417	186.9924	0.3039154	1.384695	2.948241
12972	-1887.763	-2074.794	187.031	0.2746463	1.547629	2.868754
12978	-1881.245	-2067.868	186.6228	0.2872809	1.423418	3.169447
12984	-1887.482	-2076.582	189.0998	0.158753	1.966538	1.45069
12990	-1888.782	-2077.467	188.6849	0.2112871	1.966538	1.635959
12996	-1897.62	-2086.663	189.0433	0.1747296	2.051304	1.388015
13002	-1889.923	-2078.898	188.975	0.1880191	1.771109	1.617891
13008	-1891.696	-2080.322	188.6252	0.2174822	1.863232	1.739202
13014	-1891.546	-2080.597	189.051	0.2208838	1.983499	1.325559
13020	-1901.807	-2090.909	189.1019	0.1823211	1.970602	1.386411
13026	-1888.788	-2077.757	188.9695	0.2261241	1.873135	1.463737
13032	-1887.299	-2076.127	188.8282	0.1803841	2.001161	1.57468
13038	-1893.684	-2082.102	188.4174	0.2975464	1.884845	1.725156
13044	-1879.916	-2068.92	189.0046	0.2260572	1.877063	1.434044
13050	-1880.001	-2068.973	188.972	0.1982383	1.947689	1.46639
13056	-1881.129	-2070.342	189.2123	0.1943343	1.995064	1.247674
13062	-1883.613	-2072.471	188.8584	0.2986929	1.995064	1.310887
13068	-1879.468	-2068.153	188.6846	0.1674892	1.817611	1.835862
13074	-1891.346	-2080.257	188.9113	0.1514123	1.787902	1.736952
13080	-1890.928	-2079.399	188.4711	0.1457882	1.686807	2.116302
13086	-1891.715	-2079.431	187.7164	0.1713061	1.582062	2.606798
13092	-1897.236	-2085.397	188.1605	0.1713061	1.582062	2.328197
13098	-1891.206	-2079.173	187.9672	0.2588914	1.57711	2.293836
13104	-1883.429	-2071.275	187.8453	0.2419035	1.606515	2.380911
13110	-1889.488	-2077.489	188.0012	0.1901986	1.598493	2.380911
13116	-1874.719	-2063.19	188.4704	0.1438664	1.539397	2.217005
13122	-1886.796	-2074.772	187.976	0.1616632	1.546705	2.487178
13128	-1899.866	-2086.924	187.0577	0.2934656	1.417928	2.903571
13134	-1900.866	-2086.656	185.7903	0.2399601	1.248191	3.827552
13140	-1884.992	-2071.776	186.7845	0.2593701	1.428344	3.111411
13146	-1880.786	-2067.559	186.7731	0.2566219	1.454282	3.106921
13152	-1886.657	-2072.273	185.6159	0.2177117	1.292664	3.93736
13158	-1890.255	-2077.22	186.9658	0.2042562	1.417585	3.099826
13164	-1885.73	-2071.92	186.1904	0.2167472	1.458497	3.511299
13170	-1882.899	-2070.088	187.1881	0.2458525	1.483237	2.857052
13176	-1881.007	-2069.117	188.1108	0.1796845	1.441989	2.431266
13182	-1892.824	-2080.543	187.7192	0.2361882	1.594228	2.47772
13188	-1881.562	-2070.035	188.4728	0.282002	1.706466	1.836357
13194	-1879.399	-2067.861	188.4611	0.2009389	1.71211	1.987655
13200	-1890.232	-2079.059	188.8271	0.2103107	1.733444	1.702864
13206	-1878.415	-2066.672	188.2565	0.3030646	1.593806	2.02478
13212	-1878.777	-2067.322	188.5455	0.2357387	1.760544	1.830686
13218	-1881.057	-2069.576	188.5193	0.2713182	1.817828	1.745026
13224	-1883.665	-2071.805	188.1406	0.234646	1.655193	2.172998
13230	-1878.302	-2066.511	188.2084	0.234646	1.687022	2.10801
13236	-1880.806	-2069.233	188.4274	0.2522607	1.719993	1.909026
13242	-1882.1	-2070.682	188.5817	0.330303	1.93859	1.513656
13248	-1893.795	-2082.225	188.4298	0.330303	1.975897	1.598103
13254	-1888.442	-2077.393	188.9507	0.2828059	1.960588	1.294629
13260	-1887.476	-2074.852	187.3759	0.2900725	1.559219	2.627946
13266	-1885.713	-2073.17	187.4565	0.2900725	1.564106	2.575038
13272	-1887.859	-2075.737	187.8779	0.2695444	1.589559	2.325751
13278	-1878.946	-2066.363	187.4178	0.2403992	1.615209	2.644921
13284	-1869.61	-2057.068	187.458	0.256641	1.532331	2.644921
13290	-1890.272	-2076.461	186.1883	0.3245568	1.405103	3.385954
13296	-1880.634	-2067.21	186.5759	0.3370905	1.458471	3.109108
13302	-1877.738	-2064.685	186.947	0.287451	1.285783	3.058087
13308	-1868.916	-2056.895	187.9788	0.1935011	1.539051	2.426228
13314	-1887.307	-2074.831	187.5242	0.3529288	1.506193	2.481541
13320	-1885.119	-2072.228	187.1086	0.1779332	1.475501	3.028176
13326	-1889.598	-2076.578	186.98	0.2674793	1.473284	2.955134
13332	-1897.836	-2083.938	186.1021	0.2838651	1.43721	3.472663
13338	-1891.197	-2078.437	187.2402	0.1829313	1.438926	2.96165
13344	-1892.693	-2080.296	187.6028	0.2574951	1.523202	2.559625
13350	-1894.574	-2082.31	187.7362	0.1991495	1.492763	2.595941
13356	-1882.139	-2069.841	187.7024	0.1813586	1.470056	2.664629
13362	-1891.618	-2079.137	187.5194	0.1849343	1.552794	2.719275
13368	-1898.953	-2086.342	187.3888	0.2439773	1.630494	2.647482
13374	-1881.335	-2069.04	187.7054	0.1815996	1.585943	2.590711
13380	-1891.712	-2079.306	187.5939	0.1815996	1.659144	2.614437
13386	-1887.392	-2075.269	187.877	0.2002435	1.580434	2.451438
13392	-1887.138	-2074.905	187.7672	0.2002435	1.544846	2.54232
13398	-1887.252	-2075.213	187.9612	0.2426878	1.688026	2.253679
13404	-1890.013	-2077.698	187.685	0.2200511	1.605833	2.519725
13410	-1898.192	-2085.552	187.3594	0.179317	1.480732	2.871401
13416	-1897.134	-2084.136	187.0014	0.2429575	1.450408	2.994073
13422	-1898.762	-2087.401	188.639	0.1291018	1.618744	2.090902
13428	-1901.387	-2089.201	187.8139	0.2038572	1.697043	2.410967
13434	-1884.191	-2071.21	187.0195	0.2038572	1.565626	2.979821
13440	-1878.736	-2066.109	187.3729	0.1978866	1.524882	2.801547
13446	-1895.641	-2082.378	186.7373	0.2433408	1.393846	3.184768
13452	-1896.887	-2083.018	186.1317	0.2433408	1.481015	3.489719
13458	-1896.326	-2081.837	185.5104	0.3167949	1.336428	3.829445
13464	-1896.582	-2082.38	185.7981	0.2536645	1.310894	3.766161
13470	-1892.77	-2079.161	186.3907	0.2287107	1.229606	3.508392
13476	-1896.49	-2082.786	186.2963	0.2144527	1.319095	3.534633
13482	-1893.846	-2080.128	186.2821	0.2140268	1.384417	3.505526
13488	-1879.8	-2065.799	185.999	0.1927784	1.287633	3.762294
13494	-1888.032	-2073.83	185.7981	0.1767054	1.255394	3.925204
13500	-1888.705	-2075.212	186.5065	0.1420743	1.267451	3.577379
13506	-1889.173	-2075.982	186.8094	0.1629398	1.573048	3.177637
13512	-1897.347	-2085.04	187.6929	0.2182686	1.721956	2.4452
13518	-1894.462	-2082.203	187.7408	0.2031791	1.639111	2.494526
13524	-1897.291	-2084.662	187.3704	0.1940904	1.508093	2.820243
13530	-1888.513	-2076.727	188.2141	0.1550972	1.414641	2.434657
13536	-1903.939	-2091.171	187.232	0.1438103	1.525617	2.993332
13542	-1894.949	-2083.983	189.0337	0.1557332	1.939835	1.528327
13548	-1900.971	-2089.948	188.9764	0.19328	1.875745	1.528327
13554	-1898.262	-2087.463	189.2008	0.1809108	1.960638	1.319372
13560	-1899.728	-2089.044	189.3161	0.201469	2.170506	0.9730301
13566	-1902.441	-2091.241	188.7996	0.3159151	1.946977	1.364643
13572	-1895.649	-2084.248	188.5996	0.2715228	1.771915	1.720566
13578	-1902.164	-2090.011	187.8468	0.2617013	1.580915	2.363542
13584	-1908.389	-2096.477	188.0879	0.3132818	1.569022	2.136652
13590	-1908.911	-2096.303	187.3922	0.2434362	1.467491	2.746292
13596	-1900.047	-2087.199	187.152	0.2885972	1.563505	2.764958
13602	-1894.489	-2080.763	186.2735	0.338615	1.328419	3.362979
13608	-1879.861	-2066.129	186.2676	0.2026515	1.409073	3.518982
13614	-1892.931	-2080.865	187.9339	0.2269626	1.525377	2.401895
13620	-1892.05	-2079.176	187.126	0.2321671	1.438251	2.943986
13626	-1889.108	-2075.554	186.4469	0.2508379	1.490479	3.287714
13632	-1881.24	-2068.969	187.729	0.2401478	1.512281	2.516151
13638	-1883.327	-2071.344	188.0177	0.2499444	1.690486	2.203338
13644	-1893.128	-2081.511	188.3831	0.2499444	1.68354	1.967522
13650	-1883.363	-2070.107	186.7435	0.2401888	1.356807	3.20801
13656	-1888.391	-2075.394	187.0032	0.3239717	1.429292	2.887451
13662	-1888.103	-2075.875	187.7721	0.2965728	1.781189	2.228872
13668	-1889.015	-2077.816	188.8015	0.2696079	1.962408	1.436546
13674	-1884.656	-2073.239	188.5836	0.3471254	2.002405	1.436546
13680	-1883.61	-2072.009	188.3991	0.3319572	1.798245	1.744205
13686	-1891.586	-2080.167	188.5812	0.3455439	1.75223	1.626657
13692	-1881.662	-2070.413	188.7504	0.3651987	1.915648	1.344651
13698	-1883.345	-2072.241	188.8966	0.2326491	1.985466	1.419775
13704	-1883.313	-2071.175	187.8622	0.2857075	1.779462	2.188429
13710	-1893.763	-2081.723	187.9597	0.2264395	1.75925	2.237237
13716	-1897.039	-2085.043	188.0049	0.2466725	1.845154	2.116619
13722	-1890.266	-2078.395	188.1293	0.3001099	1.782104	1.98865
13728	-1895.046	-2083.339	188.2935	0.3001099	1.867823	1.819151
13734	-1885.186	-2073.476	188.2902	0.2963872	1.9189	1.792102
13740	-1885.877	-2074.817	188.9397	0.2983313	2.035512	1.210702
13746	-1883.145	-2072.01	188.8649	0.1828115	1.762629	1.714241
13752	-1882.938	-2071.479	188.5414	0.2097245	1.688937	1.931934
13758	-1888.789	-2076.923	188.1341	0.1748346	1.688937	2.269502
13764	-1881.978	-2070.309	188.331	0.2385378	1.811145	1.937094
13770	-1879.29	-2068.312	189.0216	0.1700348	1.801319	1.603766
13776	-1874.459	-2063.535	189.076	0.1505333	1.812855	1.603766
13782	-1872.99	-2061.372	188.3816	0.1505333	1.853182	2.054689
13788	-1870.946	-2059.559	188.6138	0.1790103	1.940149	1.774244
13794	-1880.302	-2069.176	188.8744	0.1461789	1.786576	1.776535
13800	-1877.476	-2065.947	188.4701	0.2249527	1.744327	1.913378
13806	-1883.448	-2071.438	187.9897	0.2053415	1.787955	2.238278
13812	-1880.493	-2069.141	188.6485	0.2706655	1.906286	1.590777
13818	-1892.814	-2081.114	188.2992	0.2370721	1.842274	1.940213
13824	-1897.329	-2085.349	188.0204	0.2161291	1.771646	2.208855
13830	-1890.814	-2079.449	188.6352	0.2161291	1.950628	1.673049
13836	-1888.876	-2077.295	188.4185	0.2317744	1.745336	1.934833
13842	-1897.346	-2086.109	188.7633	0.2658342	1.892919	1.524972
13848	-1896.536	-2085.401	188.8654	0.1762467	2.044559	1.524972
13854	-1892.913	-2081.48	188.5665	0.2130723	1.992934	1.698008
13860	-1892.625	-2081.763	189.1383	0.1442224	1.923888	1.492265
13866	-1899.633	-2088.658	189.0254	0.1865865	2.123822	1.314848
13872	-1901.515	-2090.673	189.1578	0.2142534	2.143386	1.115227
13878	-1898.557	-2088.001	189.4437	0.1489837	2.208685	0.9768239
13884	-1907.648	-2097.084	189.436	0.1554798	2.208685	0.9614515
13890	-1902.521	-2091.941	189.4204	0.1256419	2.072481	1.203941
13896	-1904.516	-2093.699	189.1833	0.1704246	2.090972	1.254695
13902	-1896.714	-2085.771	189.057	0.2039333	2.050785	1.305841
13908	-1892.767	-2082.037	189.2703	0.1613534	1.986197	1.29411
13914	-1897.119	-2086.274	189.155	0.1512643	1.970591	1.42508
13920	-1890.457	-2079.572	189.115	0.13536	2.067719	1.42508
13926	-1886.232	-2075.481	189.2486	0.1813982	2.043887	1.209688
13932	-1894.159	-2083.337	189.1781	0.1780428	2.150153	1.188165
13938	-1885.757	-2075.119	189.3622	0.14039	2.077248	1.202589
13944	-1889.712	-2078.496	188.7834	0.2290452	1.91271	1.567045
13950	-1885.973	-2075.027	189.0538	0.1375858	1.859424	1.619717
13956	-1899.456	-2088.591	189.1356	0.1076572	1.893776	1.619717
13962	-1886.36	-2075.419	189.0595	0.1610155	1.992792	1.455566
13968	-1883.574	-2072.436	188.862	0.175019	1.844856	1.675602
13974	-1886.903	-2075.453	188.5503	0.2923855	1.834063	1.675602
13980	-1881.573	-2070.442	188.8691	0.2290017	2.018115	1.423517
13986	-1877.858	-2066.902	189.0439	0.2038655	1.935189	1.407942
13992	-1887.192	-2076.075	188.883	0.2596438	1.977941	1.38081
13998	-1891.549	-2080.698	189.1488	0.2004343	2.273656	1.039832
14004	-1891.176	-2080.086	188.9099	0.3157572	2.207203	1.047161
14010	-1884.004	-2073.103	189.0994	0.2638955	2.292305	0.8909462
14016	-1878.078	-2067.39	189.3117	0.2141184	2.341356	0.7223657
14022	-1885.255	-2074.515	189.26	0.197406	2.44213	0.7223657
14028	-1897.614	-2086.813	189.1987	0.2181847	2.509904	0.5727176
14034	-1886.016	-2075.25	189.2335	0.2181847	2.41822	0.7051236
14040	-1889.478	-2078.589	189.1105	0.2691471	2.41822	0.6828409
14046	-1893.961	-2083.228	189.2665	0.2155996	2.12125	1.030523
14052	-1899.056	-2088.098	189.042	0.2046505	2.160449	1.225862
14058	-1885.746	-2074.791	189.0456	0.2039126	2.087722	1.285105
14064	-1899.305	-2088.421	189.1161	0.1826467	2.029311	1.327894
14070	-1890.329	-2079.343	189.0136	0.1502335	2.018437	1.498933
14076	-1901.929	-2090.669	188.7395	0.2590167	2.018437	1.461493
14082	-1896.154	-2084.735	188.5808	0.2736041	1.894155	1.643265
14088	-1881.813	-2070.524	188.7106	0.2316632	1.902573	1.622186
14094	-1879.533	-2067.791	188.2575	0.3065415	1.870717	1.831698
14100	-1877.275	-2065.565	188.2904	0.2792314	1.870717	1.853492
14106	-1882.053	-2070.249	188.196	0.3240044	1.861038	1.853492
14112	-1875.573	-2063.966	188.3923	0.3479142	1.920591	1.637807
14118	-1873.456	-2062.127	188.6716	0.2369839	1.905534	1.637807
14124	-1878.135	-2067.154	189.0193	0.1663304	1.905534	1.537952
14130	-1879.06	-2067.925	188.8641	0.2480353	1.905534	1.474169
14136	-1881.752	-2070.355	188.6032	0.2368289	1.874384	1.709064
14142	-1884.983	-2074.002	189.0183	0.2073328	1.934125	1.420673
14148	-1889.376	-2078.595	189.2189	0.190538	1.839834	1.377124
14154	-1879.764	-2068.61	188.8455	0.190538	1.726131	1.736676
14160	-1872.916	-2061.383	188.4669	0.2381275	1.656931	1.950195
14166	-1878.134	-2066.521	188.3862	0.2562852	1.689841	1.950195
14172	-1875.97	-2064.172	188.2027	0.2090921	1.640873	2.188633
14178	-1879.191	-2067.16	187.9694	0.2589195	1.593292	2.282018
14184	-1884.091	-2072.6	188.5089	0.1748594	1.551827	2.115432
14190	-1875.428	-2063.255	187.8269	0.1928459	1.649332	2.453639
14196	-1873.474	-2061.146	187.6723	0.1730386	1.677189	2.571696
14202	-1880.523	-2067.999	187.4758	0.1571855	1.629557	2.754456
14208	-1882.677	-2069.58	186.9031	0.1476483	1.405264	3.252673
14214	-1878.414	-2065.442	187.0281	0.1522105	1.438024	3.149724
14220	-1892.396	-2079.485	187.0891	0.1477724	1.697084	2.967657
14226	-1887.179	-2074.252	187.0731	0.1517294	1.564434	3.04849
14232	-1882.463	-2069.385	186.9213	0.1958088	1.344053	3.185006
14238	-1871.54	-2058.725	187.1846	0.2069405	1.486642	2.92251
14244	-1875.457	-2062.767	187.3093	0.1952184	1.446969	2.892282
14250	-1869.11	-2057.212	188.1019	0.1974245	1.58175	2.313611
14256	-1866.606	-2054.904	188.2985	0.2109822	1.703825	2.081386
14262	-1873.831	-2062.307	188.4758	0.2319238	1.780087	1.872176
14268	-1889.752	-2077.995	188.2429	0.2576302	1.724343	2.020559
14274	-1873.878	-2062.658	188.7799	0.2233716	1.759461	1.691512
14280	-1883.172	-2071.606	188.434	0.2789243	1.623131	1.924688
14286	-1887.281	-2074.947	187.6657	0.3250126	1.623131	2.356519
14292	-1882.436	-2070.144	187.708	0.3245301	1.581881	2.356519
14298	-1882.658	-2070.538	187.8806	0.233217	1.610015	2.371178
14304	-1884.998	-2073.314	188.316	0.1762182	1.6388	2.181628
14310	-1873.881	-2061.999	188.1175	0.2330296	1.763768	2.120181
14316	-1866.418	-2054.821	188.4036	0.2055078	1.698355	2.026065
14322	-1878.38	-2066.765	188.3854	0.1583862	1.698355	2.136125
14328	-1889.329	-2078.007	188.6776	0.1772587	1.80267	1.829115
14334	-1893.717	-2082.75	189.0332	0.1506193	1.80267	1.641883
14340	-1892.656	-2081.488	188.8322	0.2322475	1.838616	1.579172
14346	-1894.942	-2083.333	188.3917	0.1636618	1.671513	2.137893
14352	-1885.46	-2073.909	188.4484	0.2574991	1.753282	1.862922
14358	-1889.354	-2077.468	188.1134	0.2574991	1.921345	1.975783
14364	-1886.265	-2074.6	188.3351	0.2162622	1.75176	2.015411
14370	-1885.363	-2073.87	188.5076	0.2140793	1.654333	1.969456
14376	-1885.705	-2074.034	188.3288	0.1953932	1.810641	2.021248
14382	-1884.551	-2072.223	187.6716	0.201609	1.653518	2.53163
14388	-1886.068	-2073.408	187.3399	0.1671264	1.584479	2.844313
14394	-1886.241	-2074.033	187.7926	0.1605405	1.648214	2.540623
14400	-1879.123	-2066.502	187.3793	0.1824478	1.496442	2.843818
14406	-1890.455	-2077.034	186.5782	0.1462951	1.326217	3.492616
14412	-1880.684	-2067.799	187.115	0.157437	1.406152	3.106226
14418	-1882.841	-2068.73	185.8896	0.1841092	1.294639	3.836695
14424	-1885.548	-2070.287	184.7395	0.2038361	1.09283	4.570061
14430	-1886.822	-2070.701	183.8792	0.2485817	1.138064	4.955893
14436	-1871.238	-2055.299	184.0616	0.2643402	1.148087	4.826174
14442	-1885.706	-2069.729	184.0237	0.1773759	1.15422	4.981015
14448	-1889.71	-2074.01	184.3006	0.2039561	1.219407	4.744817
14454	-1879.794	-2067.354	187.5602	0.1841385	1.433378	2.76885
14460	-1896.04	-2083.784	187.7435	0.2939988	1.454531	2.458574
14466	-1889.7	-2077.252	187.5523	0.2663781	1.624811	2.513749
14472	-1892.354	-2080.201	187.8465	0.25736	1.584711	2.368364
14478	-1908.94	-2096.716	187.776	0.3304261	1.664749	2.251905
14484	-1891.858	-2079.842	187.9839	0.3304423	1.669379	2.114007
14490	-1885.077	-2072.955	187.8783	0.3304423	1.722652	2.148189
14496	-1890.617	-2078.091	187.4741	0.327836	1.611096	2.480934
14502	-1881.48	-2068.496	187.0161	0.3710882	1.490594	2.78176
14508	-1882.39	-2069.856	187.466	0.3710882	1.636674	2.412598
14514	-1886.456	-2073.976	187.5191	0.2887104	1.637087	2.492603
14520	-1893.116	-2080.452	187.336	0.3040691	1.556465	2.634036
14526	-1904.212	-2092.198	187.9859	0.2069532	1.602427	2.356264
14532	-1894.448	-2081.967	187.519	0.2342595	1.741769	2.513888
14538	-1886.935	-2074.521	187.5857	0.2025279	1.551084	2.646649
14544	-1881.344	-2068.683	187.3395	0.2295195	1.706878	2.654874
14550	-1883.945	-2072.197	188.2521	0.185571	1.728889	2.145376
14556	-1884.582	-2072.696	188.1148	0.185571	1.843286	2.160274
14562	-1873.812	-2062.12	188.3082	0.2209521	1.857736	1.953678
14568	-1876.843	-2065.304	188.4608	0.2268939	1.843542	1.848467
14574	-1876.142	-2065.202	189.0602	0.1866432	1.869849	1.485286
14580	-1886.935	-2075.655	188.7202	0.2718538	1.973955	1.485286
14586	-1892.792	-2081.788	188.9958	0.1858586	1.90482	1.509222
14592	-1895.802	-2085.064	189.2619	0.1545915	1.910593	1.379643
14598	-1883.262	-2072.204	188.9416	0.2189692	1.889553	1.487595
14604	-1894.288	-2082.913	188.6244	0.2965146	1.982433	1.506189
14610	-1891.392	-2080.285	188.8931	0.2565506	1.925931	1.419543
14616	-1886.466	-2075.081	188.6157	0.2609202	1.968412	1.587212
14622	-1891.173	-2079.729	188.556	0.2568801	2.038534	1.587212
14628	-1885.469	-2074.331	188.862	0.2443451	1.944715	1.453455
14634	-1894.325	-2083.268	188.9428	0.1598559	1.964026	1.567223
14640	-1898.52	-2087.209	188.6888	0.268696	2.000977	1.494498
14646	-1903.018	-2091.693	188.6744	0.1710247	1.786688	1.856125
14652	-1899.522	-2088.544	189.0222	0.1732142	1.786688	1.606377
14658	-1894.143	-2082.937	188.7932	0.2505805	1.714151	1.661964
14664	-1892.22	-2080.916	188.6959	0.2387973	1.879111	1.635767
14670	-1888.669	-2077.423	188.7536	0.2266944	1.854539	1.635767
14676	-1891.391	-2080.423	189.0319	0.1996435	2.008138	1.370147
14682	-1885.219	-2073.894	188.6745	0.1891646	1.73555	1.851663
14688	-1889.662	-2078.229	188.5671	0.2467654	1.867921	1.720381
14694	-1887.717	-2074.961	187.2443	0.2519642	1.585068	2.751153
14700	-1893.64	-2081.292	187.6524	0.2447047	1.509606	2.557949
14706	-1898.729	-2084.411	185.6822	0.2572088	1.236097	3.870612
14712	-1893.032	-2077.985	184.9534	0.2350212	1.229536	4.322828
14718	-1883.829	-2069.214	185.3844	0.2660375	1.271169	4.008214
14724	-1887.257	-2073.231	185.9739	0.297085	1.477422	3.505674
14730	-1906.596	-2093.995	187.399	0.2296809	1.572587	2.700565
14736	-1889.395	-2074.764	185.3688	0.2573736	1.318314	4.002796
14742	-1892.053	-2077.5	185.4461	0.2235819	1.331498	4.002796
14748	-1891.288	-2078.086	186.798	0.2027161	1.354544	3.239562
14754	-1881.27	-2069.988	188.718	0.2181006	1.882626	1.658457
14760	-1875.056	-2063.422	188.3651	0.2082861	1.666664	2.067142
14766	-1893.304	-2081.076	187.7717	0.2831933	1.588879	2.372354
14772	-1888.226	-2075.686	187.4595	0.2077136	1.538994	2.722274
14778	-1879.387	-2067.223	187.8366	0.2042552	1.534981	2.497771
14784	-1891.803	-2079.435	187.6313	0.2484072	1.587916	2.516214
14790	-1889.77	-2077.356	187.5855	0.2542408	1.618612	2.516214
14796	-1889.66	-2077.259	187.5992	0.2521637	1.520862	2.571863
14802	-1884.874	-2072.333	187.4589	0.3098148	1.520862	2.571863
14808	-1895.781	-2082.522	186.7418	0.2168815	1.42097	3.209162
14814	-1898.026	-2084.566	186.5407	0.3172855	1.368908	3.209162
14820	-1890.382	-2077.325	186.9439	0.3752926	1.454306	2.842618
14826	-1891.012	-2076.984	185.972	0.2776578	1.396244	3.581139
14832	-1894.83	-2082.078	187.2473	0.2776578	1.374178	2.838255
14838	-1896.587	-2084.029	187.4413	0.2776578	1.330234	2.746873
14844	-1885.001	-2072.547	187.5461	0.2072991	1.406293	2.751209
14850	-1904.261	-2091.443	187.1814	0.2491741	1.499402	2.84605
14856	-1885.556	-2073.524	187.9684	0.2506569	1.516995	2.344972
14862	-1888.465	-2076.069	187.6038	0.2273931	1.566147	2.58209
14868	-1884.622	-2072.736	188.1142	0.2795594	1.778076	2.033951
14874	-1890.328	-2078.804	188.476	0.2102234	1.658859	1.995039
14880	-1869.504	-2057.856	188.3519	0.2294525	1.728554	1.995039
14886	-1898.748	-2087.113	188.3645	0.262554	1.884037	1.821888
14892	-1888.607	-2076.788	188.1814	0.3660738	1.832091	1.821888
14898	-1889.964	-2078.297	188.3334	0.2488572	1.733429	1.969317
14904	-1882.251	-2071.439	189.1879	0.2488572	2.050365	1.086015
14910	-1890.067	-2079.003	188.9359	0.2097014	1.825762	1.559139
14916	-1877.193	-2065.77	188.5768	0.2277208	1.85232	1.760604
14922	-1874.224	-2062.935	188.7107	0.1953581	1.81206	1.760604
14928	-1878.456	-2066.523	188.0674	0.262732	1.849823	2.045101
14934	-1884.838	-2073.856	189.0175	0.2939055	2.012602	1.172307
14940	-1893.187	-2082.141	188.9549	0.2939055	1.993996	1.241692
14946	-1883.152	-2072.316	189.1637	0.2336929	1.937712	1.241692
14952	-1885.487	-2074.561	189.0738	0.202079	1.937485	1.387002
14958	-1893.45	-2082.497	189.047	0.1752581	1.935576	1.472835
14964	-1889.032	-2077.823	188.7903	0.2423313	1.996209	1.472835
14970	-1890.131	-2079.013	188.8819	0.2484639	1.649041	1.649025
14976	-1876.547	-2065.638	189.0908	0.1868161	1.815917	1.502473
14982	-1885.814	-2074.645	188.8316	0.2114707	1.841826	1.619697
14988	-1889.85	-2078.667	188.8166	0.1838462	1.940056	1.619697
14994	-1897.785	-2086.935	189.1509	0.2116562	1.863562	1.36249
15000	-1893.809	-2082.59	188.781	0.1799263	1.709806	1.81602
15006	-1903.038	-2091.921	188.8829	0.2143164	1.799849	1.607011
15012	-1885.231	-2073.918	188.6868	0.2489018	1.901216	1.607011
15018	-1887.668	-2076.662	188.9933	0.2386181	1.848642	1.438172
15024	-1887.641	-2076.518	188.8763	0.2386181	1.829781	1.540497
15030	-1877.692	-2065.43	187.7384	0.1971878	1.617783	2.520517
15036	-1892.547	-2080.429	187.882	0.1476216	1.492483	2.609476
15042	-1881.133	-2068.716	187.5835	0.2269108	1.543651	2.609476
15048	-1888.33	-2075.706	187.3762	0.2649419	1.553568	2.669201
15054	-1894.89	-2082.29	187.4002	0.2617055	1.537811	2.669201
15060	-1901.838	-2090.374	188.5364	0.3263638	2.804076	0.3020883
15066	-1895.54	-2084.166	188.6268	0.2981266	2.842716	0.3670402
15072	-1898.245	-2086.813	188.5687	0.3146444	2.842716	0.3424848
15078	-1899.068	-2087.807	188.739	0.3146444	2.698046	0.3749352
15084	-1903.419	-2092.213	188.7934	0.271661	2.744716	0.3739596
15090	-1897.367	-2086.123	188.7557	0.2529075	2.742188	0.2889888
15096	-1889.157	-2077.784	188.6273	0.2863569	2.789601	0.2906828
15102	-1880.538	-2069.193	188.6554	0.301508	2.789601	0.3464129
15108	-1884.922	-2073.649	188.7269	0.301508	2.729362	0.359874
15114	-1885.533	-2074.397	188.8641	0.28463	2.665319	0.4175717
15120	-1889.509	-2078.379	188.8702	0.28463	2.665319	0.4351301
15126	-1887.432	-2076.591	189.1591	0.2382656	2.462833	0.6567311
15132	-1881.517	-2070.709	189.1918	0.2382656	2.462833	0.5665494
15138	-1883.986	-2072.978	188.9926	0.2934162	2.466482	0.7021065
15144	-1882.744	-2072.139	189.3948	0.1793945	2.356434	0.733048
15150	-1881.656	-2071.009	189.3525	0.1882398	2.410411	0.6633741
15156	-1886.578	-2075.573	188.9945	0.3824653	2.227561	0.7712659
15162	-1876.52	-2065.477	188.9569	0.3253043	2.301945	0.8770064
15168	-1897.515	-2086.255	188.7402	0.3977215	2.136563	1.111892
15174	-1881.367	-2070.151	188.7836	0.2883572	2.026261	1.365194
15180	-1886.665	-2075.01	188.3455	0.3719574	1.912072	1.641829
15186	-1882.148	-2070.86	188.7119	0.2408369	1.849224	1.641829
15192	-1882.693	-2071.109	188.4165	0.2807438	1.852059	1.776798
15198	-1891.447	-2079.416	187.9684	0.338268	1.722402	2.078252
15204	-1884.124	-2073.218	189.094	0.2676791	1.722402	1.399711
15210	-1875.623	-2064.058	188.435	0.3418969	1.722402	1.757102
15216	-1882.944	-2070.845	187.9014	0.3290267	1.616221	2.204353
15222	-1889.993	-2078.026	188.0329	0.2890598	1.677348	2.138579
15228	-1898.007	-2086.752	188.745	0.2960262	1.897635	1.480108
15234	-1881.292	-2070.266	188.9737	0.2486498	1.807572	1.464151
15240	-1887.593	-2076.291	188.698	0.3078155	1.836785	1.540292
15246	-1873.759	-2062.483	188.7249	0.3078155	1.836785	1.520355
15252	-1881.122	-2069.708	188.5863	0.2523304	1.707917	1.8085
15258	-1884.575	-2073.089	188.5147	0.2901586	1.719035	1.785235
15264	-1886.422	-2074.813	188.3906	0.2683162	1.719035	1.906914
15270	-1884.345	-2072.583	188.2382	0.3038931	1.785919	1.906914
15276	-1879.137	-2067.515	188.3783	0.2648608	1.785919	1.875693
15282	-1894.19	-2082.744	188.5541	0.2648608	1.869408	1.695586
15288	-1907.177	-2095.92	188.7429	0.2077293	1.835501	1.695586
15294	-1884.703	-2073.341	188.6387	0.2421037	1.907957	1.649807
15300	-1889.464	-2078.403	188.939	0.258313	1.918157	1.386416
15306	-1894.704	-2083.137	188.4332	0.1847083	1.741015	2.019954
15312	-1883.285	-2071.669	188.3847	0.167102	1.761577	2.075952
15318	-1896.167	-2084.639	188.4713	0.1641399	1.684802	2.075952
15324	-1889.334	-2077.346	188.0118	0.2295408	1.678039	2.25046
15330	-1899.528	-2087.549	188.0214	0.2499701	1.646992	2.228974
15336	-1892.144	-2080.028	187.8846	0.1900463	1.620681	2.44079
15342	-1894.258	-2082.357	188.0993	0.1166544	1.661608	2.44079
15348	-1902.624	-2091.054	188.4292	0.1360538	1.615601	2.212706
15354	-1883.493	-2072.285	188.7918	0.1159092	1.710513	1.962556
15360	-1908.102	-2095.515	187.413	0.3240845	1.601352	2.530362
15366	-1892.659	-2080.598	187.9391	0.1707536	1.484292	2.530362
15372	-1890.106	-2077.985	187.8785	0.2330175	1.612574	2.371236
15378	-1892.87	-2080.976	188.1056	0.2330175	1.717714	2.157959
15384	-1892.523	-2080.054	187.5312	0.2623813	1.683141	2.496749
15390	-1880.193	-2067.853	187.6602	0.2410069	1.609854	2.496749
15396	-1895.509	-2083.798	188.2889	0.2173018	1.541786	2.181667
15402	-1889.753	-2077.703	187.9502	0.2772855	1.722331	2.181667
15408	-1889.521	-2077.496	187.975	0.282699	1.684277	2.181667
15414	-1893.917	-2081.835	187.9179	0.2764839	1.790327	2.159751
15420	-1881.989	-2069.766	187.7771	0.1990266	1.540906	2.540879
15426	-1888.198	-2075.282	187.0831	0.1708161	1.554956	3.009646
15432	-1895.279	-2082.811	187.5322	0.1537376	1.558497	2.770647
15438	-1896.462	-2083.707	187.2449	0.1886507	1.510491	2.904953
15444	-1885.265	-2074.124	188.8585	0.2164268	1.918708	1.533343
15450	-1892.9	-2081.676	188.7767	0.2022258	1.805916	1.704089
15456	-1885.229	-2074.099	188.87	0.2054872	1.805916	1.630547
15462	-1887.021	-2075.623	188.6024	0.3131498	1.752883	1.661998
15468	-1896.531	-2085.539	189.0075	0.2285735	1.703139	1.557302
15474	-1886.289	-2074.583	188.2939	0.262276	1.660923	2.020939
15480	-1912.713	-2101.358	188.6443	0.3657294	2.036559	1.331934
15486	-1901.738	-2090.463	188.7252	0.2836207	1.937923	1.486992
15492	-1903.205	-2091.318	188.1135	0.1960274	1.62539	2.281006
15498	-1897.003	-2085.127	188.1233	0.2052341	1.631647	2.253098
15504	-1888.638	-2076.549	187.9107	0.2922996	1.614967	2.253098
15510	-1883.432	-2071.322	187.8906	0.2757737	1.511638	2.357403
15516	-1898.411	-2086.358	187.9468	0.1982444	1.440582	2.49909
15522	-1883.653	-2071.637	187.9841	0.2282602	1.485756	2.392899
15528	-1884.385	-2073.01	188.6254	0.2634791	1.640832	1.808061
15534	-1896.1	-2084.765	188.6647	0.2351406	1.801336	1.720457
15540	-1893.156	-2081.793	188.6364	0.3018466	1.929809	1.527177
15546	-1898.411	-2087.206	188.795	0.3072595	1.906804	1.415013
15552	-1894.817	-2082.828	188.0104	0.1769049	1.533797	2.442268
15558	-1894.783	-2082.619	187.8352	0.1583437	1.528331	2.593256
15564	-1890.914	-2078.572	187.6582	0.1861181	1.547475	2.634918
15570	-1879.282	-2067.628	188.3463	0.1764735	1.649951	2.154162
15576	-1899.672	-2088.006	188.3333	0.1718566	1.677871	2.154162
15582	-1898.739	-2087.485	188.7456	0.3104806	1.942101	1.4202
15588	-1898.849	-2087.763	188.9141	0.2433276	2.018673	1.357707
15594	-1889.797	-2078.748	188.9514	0.2433276	1.981326	1.357707
15600	-1888.854	-2077.642	188.7882	0.3229913	1.746778	1.514708
15606	-1886.374	-2075.097	188.7235	0.2717817	1.7837	1.623299
15612	-1886.566	-2074.748	188.1822	0.3116528	1.792079	1.928595
15618	-1879.265	-2067.365	188.1003	0.255393	1.638709	2.174237
15624	-1887.416	-2075.46	188.0434	0.255393	1.66247	2.195691
15630	-1888.249	-2076.701	188.4519	0.2932466	1.694977	1.840118
15636	-1880.292	-2068.611	188.3191	0.3223474	1.536487	1.992136
15642	-1897.257	-2084.17	186.913	0.3072517	1.536487	2.899981
15648	-1885.167	-2072.282	187.1148	0.2668519	1.427996	2.902109
15654	-1896.435	-2084.027	187.5923	0.1556155	1.350613	2.85658
15660	-1894.35	-2082.766	188.4161	0.2072181	1.657466	2.041566
15666	-1893.517	-2081.813	188.2963	0.2674773	1.614306	2.041566
15672	-1891.881	-2080.252	188.3712	0.2674773	1.753966	1.897754
15678	-1893.737	-2082.279	188.5421	0.1985522	1.65905	1.97375
15684	-1892.517	-2081.124	188.6065	0.2921608	1.876174	1.605224
15690	-1893.184	-2082.353	189.1688	0.2921608	2.131191	0.9162272
15696	-1886.521	-2075.422	188.9017	0.427378	2.143813	0.8858357
15702	-1881.052	-2070.091	189.0389	0.2905955	2.197256	0.9874181
15708	-1874.57	-2063.718	189.1479	0.2830634	2.126053	0.9671338
15714	-1882.966	-2071.882	188.9164	0.2924465	2.086018	1.19923
15720	-1890.541	-2079.438	188.8966	0.296035	2.097406	1.19923
15726	-1888.944	-2077.965	189.021	0.296035	1.911143	1.251458
15732	-1874.921	-2063.863	188.9425	0.2803074	2.027228	1.251458
15738	-1879.91	-2068.987	189.0765	0.2803074	2.079635	1.088555
15744	-1884.647	-2073.749	189.1019	0.2803074	2.085579	1.059217
15750	-1886.63	-2075.647	189.0169	0.276165	2.180634	1.059217
15756	-1887.143	-2076.21	189.0675	0.2497502	1.984173	1.247396
15762	-1899.576	-2088.64	189.064	0.2455127	2.145022	1.120768
15768	-1907.041	-2096.168	189.1271	0.2375503	2.059663	1.159496
15774	-1902.738	-2091.303	188.5644	0.2193903	1.936475	1.726623
15780	-1884.213	-2073.013	188.7996	0.188708	1.949765	1.613979
15786	-1891.495	-2080.181	188.6859	0.2321958	1.841784	1.682434
15792	-1890.748	-2079.058	188.3095	0.2321958	1.942272	1.874445
15798	-1881.875	-2069.576	187.7006	0.230062	1.527873	2.541208
15804	-1893.446	-2080.692	187.2464	0.230062	1.661439	2.73896
15810	-1885.611	-2073.195	187.5834	0.2074649	1.472562	2.687467
15816	-1884.5	-2072.411	187.9113	0.1933074	1.618913	2.41879
15822	-1880.959	-2068.941	187.9817	0.202744	1.618913	2.356316
15828	-1893.819	-2080.836	187.0173	0.2997747	1.486865	2.877346
15834	-1884.091	-2071.406	187.3146	0.2333069	1.552369	2.758504
15840	-1880.874	-2068.049	187.1749	0.2721862	1.591072	2.758504
15846	-1891.54	-2080.035	188.4944	0.2116641	1.946803	1.783843
15852	-1872.772	-2061.733	188.9605	0.2144891	1.903514	1.472429
15858	-1880.088	-2068.795	188.7071	0.1993171	1.838657	1.736139
15864	-1876.514	-2065.254	188.7392	0.2202631	1.848779	1.663107
15870	-1876.937	-2065.262	188.3254	0.2891396	1.97383	1.74119
15876	-1877.308	-2065.855	188.5475	0.1699516	1.99638	1.80158
15882	-1886.772	-2075.364	188.5916	0.2496669	1.879486	1.689487
15888	-1889.306	-2078.059	188.7525	0.215385	1.964464	1.579908
15894	-1875.374	-2063.988	188.6135	0.2151493	1.964464	1.680606
15900	-1880.56	-2069.248	188.6884	0.2037133	1.894081	1.701064
15906	-1891.977	-2080.23	188.2532	0.21655	1.793334	2.041658
15912	-1886.632	-2074.563	187.9313	0.2162602	1.697306	2.313486
15918	-1894.758	-2082.021	187.2635	0.208227	1.70137	2.741905
15924	-1889.706	-2077.261	187.5548	0.208227	1.609949	2.619059
15930	-1882.15	-2070.14	187.9898	0.1918154	1.595879	2.386652
15936	-1890.55	-2078.56	188.0106	0.1654958	1.543376	2.459547
15942	-1879.298	-2067.442	188.1436	0.2333007	1.602772	2.207378
15948	-1882.687	-2071.196	188.5086	0.2333007	1.735932	1.877303
15954	-1889.245	-2078.014	188.7692	0.1512912	1.727442	1.877303
15960	-1890.655	-2079.392	188.7373	0.1714529	1.691313	1.877303
15966	-1887.631	-2075.282	187.6504	0.233058	1.656993	2.486808
15972	-1892.438	-2080.145	187.7068	0.2541917	1.492428	2.519329
15978	-1897.593	-2084.034	186.4404	0.2726396	1.520423	3.241152
15984	-1895.255	-2082.342	187.087	0.2052019	1.441825	3.011205
15990	-1902.587	-2090.347	187.7598	0.1957131	1.471257	2.601069
15996	-1895.699	-2080.173	184.4741	0.1832973	1.047725	4.778983
16002	-1899.877	-2085.595	185.7177	0.2374742	1.16	3.923683
16008	-1908.595	-2093.473	184.8777	0.2761642	1.165913	4.341546
16014	-1879.726	-2067.503	187.7768	0.2317982	1.692853	2.386921
16020	-1878.633	-2066.377	187.744	0.2173314	1.461433	2.577616
16026	-1880.162	-2067.596	187.4335	0.234335	1.394342	2.780698
16032	-1890.506	-2078.207	187.7003	0.234335	1.544509	2.52374
16038	-1899.332	-2087.028	187.6959	0.2231538	1.594988	2.514245
16044	-1905.893	-2093.75	187.8569	0.2916015	1.677695	2.248439
16050	-1899.097	-2087.487	188.3899	0.2785623	1.810475	1.82762
16056	-1891.882	-2080.342	188.4598	0.2329442	1.897314	1.800689
16062	-1875.787	-2064.343	188.5562	0.2248392	1.711353	1.877514
16068	-1881.432	-2069.745	188.3129	0.202553	1.661586	2.11588
16074	-1894.9	-2083.262	188.3627	0.2377083	1.767424	1.946686
16080	-1894.125	-2082.822	188.6962	0.2474141	1.9014	1.602852
16086	-1891.009	-2079.28	188.2704	0.3534507	1.866703	1.754196
16092	-1902.536	-2090.865	188.3288	0.3808398	1.781515	1.733766
16098	-1903.887	-2092.317	188.4296	0.4151284	1.816438	1.589265
16104	-1904.131	-2092.965	188.8346	0.2817586	1.838216	1.483092
16110	-1887.227	-2075.119	187.8921	0.2713515	1.687839	2.250876
16116	-1879.294	-2068.085	188.7912	0.2713515	1.789095	1.570813
16122	-1882.773	-2071.62	188.8468	0.2713515	1.871359	1.468079
16128	-1880.368	-2068.472	188.104	0.2732835	1.678615	2.1163
16134	-1882.084	-2069.258	187.1735	0.2684862	1.571339	2.77704
16140	-1893.497	-2080.846	187.3494	0.2102697	1.552024	2.77704
16146	-1898.902	-2086.255	187.3538	0.2254626	1.504398	2.77704
16152	-1901.548	-2088.805	187.2575	0.268925	1.310428	2.883817
16158	-1902.494	-2090.584	188.0902	0.2116774	1.427107	2.392568
16164	-1895.783	-2082.89	187.1074	0.1861104	1.427107	3.042406
16170	-1898.05	-2083.149	185.0988	0.2350078	1.270018	4.217553
16176	-1891.65	-2078.258	186.6076	0.2583754	1.244324	3.326527
16182	-1892.391	-2079.22	186.8293	0.1549488	1.328294	3.326527
16188	-1886.761	-2074.508	187.7473	0.1525258	1.498555	2.678194
16194	-1899.315	-2085.655	186.34	0.2283342	1.212599	3.548465
16200	-1887.982	-2074.349	186.3673	0.1839686	1.312328	3.55044
16206	-1892.144	-2077.805	185.6602	0.1839686	1.171456	4.038864
16212	-1891.335	-2075.175	183.8398	0.1757675	0.98911	5.17742
16218	-1902.496	-2086.56	184.0639	0.195556	1.020201	5.001718
16224	-1882.528	-2069.195	186.6672	0.1779268	1.477195	3.289424
16230	-1883.457	-2071.537	188.0796	0.2036973	1.410454	2.424468
16236	-1901.272	-2089.423	188.1508	0.301205	1.802922	1.958605
16242	-1888.047	-2076.627	188.5796	0.2203914	1.82613	1.791106
16248	-1894.676	-2082.887	188.2106	0.2203914	1.59405	2.192837
16254	-1905.872	-2093.495	187.6233	0.2248361	1.454687	2.643381
16260	-1892.307	-2079.922	187.615	0.2135151	1.540889	2.615056
16266	-1894.528	-2082.322	187.7934	0.1605606	1.481856	2.643125
16272	-1903.183	-2090.49	187.3066	0.2180173	1.483295	2.83134
16278	-1900.933	-2088	187.0672	0.1718923	1.531454	3.031164
16284	-1900.402	-2088.242	187.8395	0.09784146	1.529038	2.732145
16290	-1888.113	-2075.127	187.0138	0.1368403	1.450067	3.183645
16296	-1878.477	-2066.388	187.9112	0.1153812	1.485679	2.670269
16302	-1877.769	-2066.757	188.9885	0.1165727	1.70949	1.827862
16308	-1880.771	-2069.72	188.9488	0.2153523	1.945067	1.44785
16314	-1876.986	-2066.158	189.1714	0.1635228	2.032327	1.330862
16320	-1893.713	-2083.337	189.6239	0.1335494	2.012473	1.047858
16326	-1883.407	-2072.634	189.2279	0.2147328	2.16211	1.030758
16332	-1885.572	-2074.754	189.1826	0.2147328	2.150086	1.085136
16338	-1872.862	-2062.051	189.1885	0.1788694	1.977917	1.320588
16344	-1874.567	-2063.325	188.7583	0.1788694	1.769078	1.793053
16350	-1898.769	-2087.624	188.8556	0.2211837	1.882274	1.552433
16356	-1877.876	-2066.6	188.7241	0.1567169	1.728719	1.894341
16362	-1887.208	-2076.13	188.9213	0.1823677	1.822173	1.632574
16368	-1885.078	-2073.717	188.6396	0.2326276	1.711117	1.805679
16374	-1886.999	-2075.821	188.8222	0.2710751	1.843678	1.508011
16380	-1883.756	-2072.576	188.8202	0.1572211	1.874042	1.726361
16386	-1884.093	-2072.872	188.7783	0.1967268	1.696412	1.791174
16392	-1886.931	-2075.065	188.1348	0.1966142	1.589964	2.288926
16398	-1901.569	-2089.165	187.5959	0.3182026	1.718852	2.349673
16404	-1887.32	-2075.942	188.622	0.2095853	1.653381	1.901758
16410	-1884.331	-2072.448	188.1162	0.2095853	1.620521	2.256638
16416	-1891.352	-2078.845	187.4925	0.2689568	1.576433	2.576995
16422	-1888.866	-2076.092	187.226	0.2774835	1.494208	2.778462
16428	-1891.737	-2080.091	188.3541	0.1779147	1.564164	2.201769
16434	-1876.808	-2064.725	187.917	0.2376578	1.698787	2.28378
16440	-1877.052	-2065.408	188.3561	0.2699889	1.808597	1.866612
16446	-1893.153	-2081.125	187.9719	0.2759137	1.752987	2.1498
16452	-1897.876	-2085.311	187.4352	0.3184201	1.631181	2.505807
16458	-1898.872	-2086.525	187.6536	0.2979332	1.43314	2.522384
16464	-1891.165	-2079.591	188.426	0.2382165	1.836137	1.85623
16470	-1886.941	-2075.076	188.1351	0.2707869	1.729288	2.066672
16476	-1892.583	-2081.051	188.468	0.3339628	1.870589	1.640828
16482	-1883.172	-2071.59	188.4183	0.3539384	1.805409	1.692493
16488	-1884.173	-2073.072	188.899	0.2786866	1.841098	1.437561
16494	-1898.352	-2087.198	188.8451	0.2383703	1.864418	1.538395
16500	-1903.925	-2092.567	188.6417	0.335976	1.946268	1.453311
16506	-1891.296	-2080.369	189.0727	0.2379518	1.932454	1.311289
16512	-1890.153	-2079.226	189.0727	0.2379518	1.932454	1.311289
16518	-1888.25	-2077.091	188.841	0.2633968	1.932454	1.441127
16524	-1877.688	-2066.477	188.7888	0.2612802	1.959701	1.464242
16530	-1880.456	-2069.369	188.9136	0.2660181	2.091189	1.251691
16536	-1882.377	-2071.238	188.8614	0.2647327	2.035507	1.342187
16542	-1888.154	-2076.852	188.6979	0.2310257	1.952334	1.596583
16548	-1895.364	-2084.305	188.9415	0.2553073	2.051944	1.283644
16554	-1878.769	-2067.812	189.0424	0.2371882	1.946217	1.326264
16560	-1899.963	-2088.772	188.8093	0.2345804	1.882045	1.559408
16566	-1885.663	-2074.302	188.6393	0.2911312	1.940287	1.535956
16572	-1886.781	-2075.883	189.1017	0.2304743	2.087521	1.174233
16578	-1884.636	-2073.676	189.0402	0.2304743	2.149018	1.174233
16584	-1887.841	-2076.708	188.8673	0.2588765	1.957803	1.410218
16590	-1883.909	-2072.942	189.0328	0.2263254	1.834622	1.444371
16596	-1895.924	-2084.7	188.7758	0.2228991	1.834622	1.641709
16602	-1900.827	-2089.571	188.7434	0.2700655	1.937819	1.498399
16608	-1898.035	-2086.522	188.4876	0.2002404	1.693571	1.983725
16614	-1894.016	-2082.296	188.2803	0.2069437	1.687249	2.111924
16620	-1886.892	-2075.758	188.8662	0.1829665	1.837515	1.659771
16626	-1882.335	-2071.65	189.3147	0.1400235	1.933637	1.360551
16632	-1881.097	-2070.158	189.0608	0.1869211	1.956226	1.4183
16638	-1886.796	-2075.651	188.8543	0.1963322	1.912915	1.584095
16644	-1875.449	-2064.153	188.7046	0.2436551	1.836748	1.650688
16650	-1887.198	-2076.335	189.1376	0.1888083	1.852958	1.4342
16656	-1889.184	-2078.174	188.9904	0.1910714	1.87266	1.525236
16662	-1878.873	-2067.795	188.9216	0.1795094	1.865113	1.607817
16668	-1884.509	-2073.279	188.7697	0.2090929	1.920527	1.612587
16674	-1881.189	-2070.073	188.8848	0.1830249	1.909515	1.59425
16680	-1885.737	-2074	188.2631	0.2230418	1.776353	2.034143
16686	-1892.612	-2081.987	189.3747	0.1644505	1.832011	1.325949
16692	-1880.724	-2069.169	188.4448	0.2902683	1.919277	1.693601
16698	-1884.387	-2073.036	188.649	0.2203946	1.919277	1.676894
16704	-1876.886	-2064.95	188.0647	0.3117713	1.799785	2.002025
16710	-1890.181	-2078.783	188.6016	0.1909084	1.799785	1.853886
16716	-1878.789	-2066.825	188.0359	0.1839911	1.757422	2.269859
16722	-1882.953	-2070.942	187.989	0.2457155	1.646147	2.257598
16728	-1884.546	-2072.087	187.5406	0.2646001	1.494404	2.604818
16734	-1881.461	-2069.011	187.55	0.2506853	1.5855	2.564631
16740	-1896.854	-2084.787	187.9335	0.2506853	1.501619	2.376839
16746	-1896.361	-2084.295	187.9339	0.2506853	1.650359	2.281861
16752	-1896.45	-2084.13	187.6804	0.3253509	1.720878	2.284393
16758	-1896.257	-2084.798	188.5413	0.3253509	1.780201	1.666642
16764	-1887.396	-2075.88	188.4838	0.3145416	1.72072	1.766217
16770	-1883.414	-2072.33	188.9163	0.2592957	1.895746	1.419517
16776	-1889.672	-2078.551	188.8792	0.2517908	1.895746	1.462732
16782	-1887.227	-2075.692	188.4644	0.3066201	1.84502	1.705233
16788	-1889.842	-2078.682	188.8405	0.204539	1.80647	1.653331
16794	-1895.659	-2084.192	188.5333	0.2008548	1.702158	1.946107
16800	-1894.213	-2081.707	187.4945	0.1848011	1.457307	2.793043
16806	-1887.11	-2075.021	187.9112	0.1727383	1.517068	2.523278
16812	-1885.855	-2073.418	187.5625	0.2504971	1.639928	2.523278
16818	-1883.784	-2072.069	188.2856	0.2300831	1.593212	2.127038
16824	-1871.4	-2060.196	188.7966	0.2359534	1.841391	1.595772
16830	-1878.559	-2067.034	188.4756	0.2175474	1.884466	1.828261
16836	-1884.342	-2072.894	188.5523	0.236733	1.754617	1.828261
16842	-1905.085	-2093.289	188.2037	0.1730198	1.698286	2.222489
16848	-1900.044	-2087.786	187.7423	0.2020313	1.663205	2.480644
16854	-1908.419	-2096.327	187.9086	0.2067298	1.722032	2.329779
16860	-1898.845	-2086.4	187.5548	0.2067298	1.73771	2.542532
16866	-1911.534	-2099.117	187.5831	0.1557408	1.503225	2.769114
16872	-1888.185	-2076.161	187.9758	0.1557408	1.547522	2.499382
16878	-1889.121	-2076.47	187.3487	0.1823733	1.525853	2.844673
16884	-1883.606	-2071.731	188.1247	0.1823733	1.600908	2.316406
16890	-1876.439	-2064.337	187.8978	0.2787202	1.751333	2.194552
16896	-1875.997	-2064.933	188.9363	0.2747116	1.920996	1.353827
16902	-1879.911	-2068.394	188.4831	0.2716897	1.975009	1.658731
16908	-1882.529	-2070.791	188.2622	0.3518839	1.926041	1.720606
16914	-1880.14	-2068.341	188.2004	0.2442953	1.796785	2.023806
16920	-1889.926	-2077.72	187.7942	0.2247797	1.612865	2.438599
16926	-1899.823	-2087.413	187.5902	0.1745575	1.520734	2.71576
16932	-1888.166	-2075.44	187.2739	0.3436585	1.484159	2.662747
16938	-1888.17	-2075.929	187.7589	0.2997123	1.606315	2.344478
16944	-1890.421	-2078.285	187.8648	0.3571219	1.695814	2.137434
16950	-1895.418	-2083.917	188.499	0.2799887	1.925776	1.668011
16956	-1889.166	-2078.014	188.8481	0.276685	1.855087	1.469428
16962	-1888.438	-2076.268	187.8298	0.2630928	1.611282	2.352796
16968	-1885.023	-2073.046	188.0223	0.1893226	1.493106	2.435823
16974	-1882.094	-2070.241	188.1474	0.2146594	1.557003	2.267947
16980	-1891.775	-2079.172	187.3969	0.1991528	1.530605	2.781118
16986	-1886.659	-2074.282	187.6234	0.197557	1.453053	2.692943
16992	-1899.511	-2087.401	187.8897	0.1604259	1.510599	2.566053
16998	-1902.75	-2089.871	187.1212	0.2728569	1.514609	2.836749
17004	-1892.677	-2080.781	188.104	0.2053551	1.681385	2.233266
17010	-1877.392	-2065.42	188.0272	0.184309	1.587055	2.383298
17016	-1887.794	-2075.628	187.8334	0.2276932	1.653186	2.383298
17022	-1881.568	-2069.924	188.3563	0.1469337	1.562758	2.268377
17028	-1879.378	-2067.67	188.2917	0.2616696	1.752025	1.962609
17034	-1887.55	-2075.672	188.1217	0.2950087	1.70297	2.054208
17040	-1883.427	-2071.745	188.3178	0.148307	1.649877	2.233975
17046	-1883.498	-2071.756	188.2579	0.1705447	1.63689	2.232354
17052	-1880.438	-2068.107	187.6694	0.2155572	1.722237	2.46466
17058	-1880.137	-2067.554	187.4176	0.19062	1.504753	2.800028
17064	-1875.157	-2062.217	187.0597	0.1368747	1.496832	3.1285
17070	-1879.081	-2066.415	187.3348	0.2013622	1.428054	2.877128
17076	-1878.47	-2064.963	186.4928	0.1860627	1.341882	3.456174
17082	-1887.412	-2072.642	185.2295	0.2087969	1.313546	4.160491
17088	-1874.629	-2060.42	185.7904	0.2555775	1.320092	3.762447
17094	-1874.795	-2061.058	186.2631	0.203174	1.343122	3.559112
17100	-1884.595	-2070.691	186.0959	0.1997796	1.273106	3.702483
17106	-1885.966	-2071.462	185.4959	0.1997796	1.260484	4.054168
17112	-1882.527	-2068.058	185.5311	0.2175964	1.212878	4.03165
17118	-1888.114	-2074.294	186.1805	0.2494841	1.298004	3.558497
17124	-1889.702	-2076.204	186.5025	0.1396396	1.30334	3.563956
17130	-1884.827	-2071.388	186.5602	0.2352715	1.368262	3.317318
17136	-1890.633	-2078.053	187.4202	0.2072687	1.347005	2.863893
17142	-1884.404	-2071.572	187.1684	0.2229211	1.320143	3.004853
17148	-1887.359	-2074.377	187.0186	0.1556783	1.341431	3.205563
17154	-1897.178	-2083.706	186.528	0.1607943	1.310925	3.501547
17160	-1896.525	-2083.283	186.7577	0.2932545	1.548969	3.005564
17166	-1890.753	-2078.497	187.7437	0.2124279	1.411956	2.617149
17172	-1892.577	-2080.747	188.1709	0.2547499	1.714346	2.079726
17178	-1893.134	-2081.305	188.1709	0.2547499	1.714346	2.079726
17184	-1887.75	-2076.095	188.3447	0.3094947	1.63393	1.928961
17190	-1890.807	-2078.663	187.8558	0.2639926	1.536727	2.382154
17196	-1889.383	-2076.667	187.2847	0.2133951	1.488358	2.849592
17202	-1897.281	-2084.531	187.2506	0.2461729	1.435667	2.847504
17208	-1892.908	-2080.563	187.655	0.2461729	1.600702	2.497147
17214	-1906.091	-2095.23	189.1397	0.2909167	2.192625	0.8830611
17220	-1898.87	-2087.572	188.702	0.2909167	1.895508	1.523017
17226	-1916.06	-2104.913	188.853	0.2353493	1.848892	1.550084
17232	-1904.417	-2092.324	187.9066	0.2972576	1.813897	2.11919
17238	-1903.038	-2090.113	187.0752	0.2054009	1.471205	3.0003
17244	-1891.677	-2078.934	187.2573	0.3215325	1.562628	2.654326
17250	-1887.459	-2074.925	187.4662	0.2086234	1.640275	2.654326
17256	-1906.468	-2093.922	187.4547	0.1358035	1.515927	2.882482
17262	-1911.954	-2098.796	186.8416	0.2610985	1.422674	3.078085
17268	-1890.804	-2078.249	187.4452	0.2818171	1.498994	2.634592
17274	-1903.994	-2091.996	188.0014	0.2729683	1.566472	2.256053
17280	-1890.898	-2079.157	188.2584	0.2943778	1.793265	1.903274
17286	-1877.152	-2065.998	188.846	0.2225747	1.741837	1.658543
17292	-1886.874	-2075.47	188.5958	0.223741	1.827546	1.772383
17298	-1888.757	-2077.466	188.7091	0.255577	1.715601	1.711457
17304	-1893.944	-2082.287	188.3422	0.2268875	1.664965	2.048424
17310	-1878.738	-2066.833	188.0954	0.216465	1.555019	2.299203
17316	-1880.408	-2068.543	188.1352	0.1800388	1.624784	2.299203
17322	-1881.213	-2069.243	188.0299	0.2023538	1.469275	2.421212
17328	-1884.549	-2072.45	187.9004	0.1648666	1.463601	2.579343
17334	-1882.866	-2070.394	187.5279	0.2140319	1.488236	2.700251
17340	-1867.764	-2055.814	188.0504	0.261437	1.601811	2.220399
17346	-1887.328	-2074.098	186.7701	0.261437	1.380508	3.145315
17352	-1880.62	-2067.552	186.9319	0.1876273	1.622015	3.027976
17358	-1891.99	-2079.653	187.6638	0.1989394	1.302967	2.757579
17364	-1885.02	-2072.031	187.0105	0.19367	1.428706	3.085469
17370	-1884.208	-2070.74	186.5322	0.2101727	1.334438	3.395034
17376	-1894.565	-2081.003	186.4385	0.2247584	1.386675	3.395034
17382	-1883.888	-2071.918	188.0299	0.2572349	1.679545	2.19031
17388	-1894.111	-2081.979	187.8684	0.1847626	1.564774	2.496262
17394	-1901.729	-2089.191	187.4618	0.2378848	1.472202	2.709896
17400	-1904.363	-2090.723	186.3597	0.1791308	1.357904	3.5372
17406	-1893.509	-2081.48	187.9712	0.2036381	1.598423	2.374324
17412	-1895.976	-2084.647	188.6709	0.2373493	1.712196	1.774352
17418	-1882.633	-2071.031	188.3986	0.3159325	1.78754	1.776817
17424	-1889.364	-2077.962	188.5981	0.2310382	1.798652	1.776817
17430	-1889.997	-2078.539	188.5415	0.2634939	1.75348	1.788147
17436	-1898.619	-2086.857	188.2373	0.2667057	1.776309	1.974255
17442	-1899.464	-2087.993	188.5292	0.3266682	1.771888	1.6791
17448	-1888.225	-2076.894	188.6693	0.2748135	1.75254	1.6791
17454	-1901.518	-2089.635	188.117	0.3159179	1.800643	1.960228
17460	-1887.584	-2076.497	188.9126	0.2199337	1.837359	1.546145
17466	-1879.573	-2068.576	189.0028	0.1788473	2.007253	1.443213
17472	-1882.469	-2071.67	189.2002	0.1738765	2.007253	1.300353
17478	-1887.803	-2076.814	189.011	0.2605701	1.948376	1.300353
17484	-1883.24	-2072.353	189.1123	0.2605701	2.085139	1.095756
17490	-1890.421	-2079.285	188.864	0.2605701	1.889932	1.461484
17496	-1882.919	-2071.739	188.8206	0.3010715	1.984925	1.344898
17502	-1886.623	-2075.455	188.8318	0.2815603	1.995015	1.364704
17508	-1892.348	-2081.259	188.9107	0.2659374	1.954702	1.364704
17514	-1890.438	-2079.263	188.8258	0.2646802	1.918566	1.460885
17520	-1891.901	-2080.907	189.0067	0.1572189	1.922506	1.55736
17526	-1889.244	-2078.089	188.8444	0.2176708	1.896718	1.55736
17532	-1883.684	-2072.779	189.0958	0.160468	1.85534	1.533023
17538	-1893.166	-2081.865	188.6993	0.2570945	1.85534	1.615815
17544	-1888.852	-2077.487	188.6355	0.1945089	1.752889	1.855263
17550	-1890.503	-2079.083	188.5796	0.2762739	1.932323	1.611854
17556	-1890.762	-2079.969	189.2073	0.1696967	1.747525	1.507322
17562	-1890.711	-2079.717	189.0064	0.1732776	1.93682	1.507322
17568	-1884.059	-2072.994	188.9355	0.1768727	1.87887	1.593815
17574	-1890.954	-2080.085	189.1305	0.1980311	1.880891	1.396337
17580	-1892.036	-2081.244	189.2083	0.2275506	2.064893	1.106635
17586	-1894.983	-2084.102	189.1188	0.2087893	2.25659	1.061214
17592	-1897.055	-2086.415	189.36	0.1987271	2.049996	1.056625
17598	-1885.351	-2074.711	189.3599	0.1691625	1.951146	1.22741
17604	-1882.114	-2071.388	189.2736	0.1691625	2.110291	1.164764
17610	-1884.608	-2073.928	189.3206	0.1541583	2.185874	1.100233
17616	-1871.171	-2060.38	189.2091	0.1971721	2.177389	1.083101
17622	-1892.215	-2081.501	189.2861	0.1971721	2.100327	1.083101
17628	-1887.211	-2076.516	189.3044	0.1721601	2.131117	1.110015
17634	-1889.02	-2078.18	189.1601	0.2411347	2.132433	1.054271
17640	-1885.7	-2074.965	189.2654	0.1852662	2.126623	1.111553
17646	-1891.512	-2080.853	189.3408	0.1493157	2.084518	1.187369
17652	-1882.611	-2071.5	188.8884	0.2028032	1.935405	1.52812
17658	-1897.859	-2086.259	188.3999	0.1814117	1.915666	1.932308
17664	-1892.933	-2081.243	188.3103	0.2270263	1.702835	2.044265
17670	-1892.205	-2080.435	188.2301	0.2625581	1.688896	2.044265
17676	-1874.468	-2063.39	188.9221	0.1573256	1.715874	1.765508
17682	-1877.968	-2066.245	188.2763	0.1573256	1.772513	2.161225
17688	-1880.546	-2069.018	188.4727	0.1265921	1.650258	2.185142
17694	-1882.491	-2070.748	188.2579	0.2009395	1.767512	2.08559
17700	-1895.763	-2084.704	188.9408	0.1507669	1.770188	1.730253
17706	-1878.146	-2066.863	188.717	0.2047648	1.806725	1.740232
17712	-1883.474	-2072.058	188.5841	0.2290462	1.845374	1.757829
17718	-1899.319	-2088.117	188.7982	0.169235	1.654968	1.865502
17724	-1888.086	-2075.945	187.8589	0.2148127	1.539658	2.461627
17730	-1885.592	-2074.202	188.6092	0.1853694	1.806094	1.856077
17736	-1887.013	-2075.417	188.4034	0.2259678	1.806094	1.91482
17742	-1880.96	-2069.436	188.4765	0.2099963	1.984337	1.773543
17748	-1883.369	-2071.886	188.5172	0.19064	1.84331	1.882364
17754	-1891.581	-2080.29	188.7094	0.1461857	1.84331	1.851255
17760	-1892.131	-2081.14	189.0091	0.1586514	1.84331	1.609944
17766	-1899.794	-2088.683	188.8891	0.1916298	1.80438	1.647794
17772	-1909.813	-2098.269	188.4552	0.1998572	1.719505	1.988822
17778	-1897.453	-2085.837	188.3842	0.1998572	1.703119	2.046862
17784	-1901.412	-2089.61	188.198	0.2225203	1.692309	2.133239
17790	-1897.481	-2085.259	187.7778	0.2225203	1.629607	2.442363
17796	-1906.967	-2094.844	187.8773	0.2933495	1.573156	2.299686
17802	-1901.739	-2089.296	187.5566	0.2741795	1.459061	2.601987
17808	-1904.998	-2092.24	187.242	0.2636947	1.453958	2.814154
17814	-1900.063	-2087.202	187.1397	0.2560083	1.479909	2.872324
17820	-1894.389	-2082.536	188.1467	0.2560083	1.734008	2.08057
17826	-1885.426	-2072.706	187.2807	0.2663771	1.529158	2.740548
17832	-1884.894	-2072.437	187.5431	0.2028728	1.546905	2.674852
17838	-1890.472	-2078.134	187.6617	0.2362514	1.559345	2.535297
17844	-1887.397	-2075.249	187.8517	0.2451733	1.648842	2.34447
17850	-1892.279	-2080.693	188.4141	0.2716732	1.656682	1.927519
17856	-1881.11	-2069.575	188.465	0.2871493	1.843529	1.738059
17862	-1881.234	-2069.09	187.8555	0.2467664	1.639725	2.345222
17868	-1877.572	-2065.447	187.8755	0.294508	1.558606	2.308427
17874	-1870.944	-2059.746	188.8022	0.2525226	1.825696	1.571042
17880	-1878.42	-2067.096	188.6762	0.3005374	1.867364	1.546251
17886	-1879.835	-2068.22	188.3852	0.3005374	1.834283	1.778128
17892	-1875.045	-2063.683	188.6378	0.2399399	1.857046	1.690929
17898	-1874.32	-2063.05	188.73	0.2399399	1.835677	1.640311
17904	-1877.523	-2066.556	189.0336	0.2345144	1.991603	1.302632
17910	-1883.024	-2071.872	188.8477	0.2492101	2.067413	1.359403
17916	-1887.77	-2076.773	189.0031	0.2300199	1.96342	1.359403
17922	-1893.801	-2082.601	188.8001	0.2735999	1.823702	1.534627
17928	-1889.469	-2078.278	188.8093	0.2504902	1.873204	1.534627
17934	-1885.494	-2074.62	189.126	0.2569336	1.985762	1.18044
17940	-1886.235	-2075.219	188.984	0.2461326	2.104152	1.22473
17946	-1893.252	-2082.563	189.311	0.2094025	2.016973	1.103666
17952	-1898.476	-2087.442	188.9657	0.2094025	1.924348	1.463838
17958	-1899.659	-2088.716	189.0569	0.2440398	1.999238	1.256209
17964	-1893.969	-2082.892	188.923	0.2440398	1.965891	1.390707
17970	-1890.979	-2079.928	188.9483	0.2059174	1.948502	1.466439
17976	-1890.332	-2079.225	188.8933	0.210444	1.869809	1.556455
17982	-1886.306	-2075.023	188.7165	0.2509508	1.816381	1.642942
17988	-1880.786	-2069.515	188.7291	0.2157202	1.979719	1.585117
17994	-1878.957	-2067.973	189.0158	0.2157202	1.898139	1.431642
18000	-1880.624	-2069.245	188.6212	0.2018727	1.75046	1.851577
18006	-1864.946	-2052.97	188.0237	0.2956759	1.682959	2.130715
18012	-1892.597	-2081.411	188.814	0.1680606	1.852322	1.720374
18018	-1888.256	-2076.96	188.7042	0.1874321	1.852322	1.753982
18024	-1885.898	-2074.62	188.7217	0.1771895	1.867071	1.753982
18030	-1877.791	-2066.39	188.5989	0.2520586	1.906974	1.660264
18036	-1878.409	-2067.087	188.6782	0.2520586	2.019563	1.52029
18042	-1884.548	-2073.267	188.7184	0.2520586	2.067496	1.453895
18048	-1877.139	-2066.06	188.9213	0.2304162	1.927928	1.449674
18054	-1877.314	-2066.044	188.73	0.2304162	2.029039	1.517687
18060	-1877.559	-2066.654	189.0957	0.2354258	2.040292	1.208434
18066	-1876.635	-2065.851	189.2157	0.1980818	2.157091	1.093209
18072	-1883.39	-2072.476	189.0857	0.2021101	2.087899	1.256332
18078	-1899.061	-2087.867	188.8059	0.2300421	2.313919	1.234566
18084	-1886.549	-2075.814	189.2651	0.178366	2.130952	1.12753
18090	-1887.306	-2076.302	188.9963	0.2101324	2.068616	1.325779
18096	-1877.225	-2065.905	188.6804	0.2850104	2.208238	1.308686
18102	-1886.945	-2076.09	189.145	0.2044764	2.197065	1.103905
18108	-1889.614	-2078.676	189.0616	0.2464684	2.197065	1.072885
18114	-1895.892	-2084.914	189.0224	0.2379865	2.045512	1.259842
18120	-1892.433	-2081.301	188.8684	0.2794776	1.990624	1.343208
18126	-1888.863	-2077.474	188.611	0.1832909	1.765708	1.886904
18132	-1874.941	-2063.612	188.6707	0.2121435	1.87855	1.707119
18138	-1890.107	-2078.178	188.0709	0.2416929	1.75987	2.137877
18144	-1891.678	-2080.068	188.3897	0.20497	1.763125	1.993285
18150	-1889.902	-2078.467	188.5657	0.2504633	1.831928	1.739861
18156	-1903.604	-2092.451	188.8474	0.2683446	1.894367	1.455866
18162	-1891.731	-2080.139	188.4072	0.2887632	1.857129	1.766263
18168	-1891.423	-2079.942	188.5189	0.2443868	1.758178	1.834649
18174	-1889.542	-2077.895	188.3526	0.26023	1.783898	1.90249
18180	-1891.346	-2079.449	188.1029	0.2700827	1.76356	2.066431
18186	-1890.071	-2078.62	188.549	0.2883116	1.876412	1.653184
18192	-1887.973	-2076.57	188.5975	0.2781062	1.875832	1.636503
18198	-1883.886	-2072.325	188.4388	0.2665332	1.777487	1.837207
18204	-1882.073	-2070.382	188.3095	0.2887106	1.749911	1.907171
18210	-1876.864	-2065.167	188.3029	0.2994789	1.749911	1.894366
18216	-1884.365	-2072.508	188.1425	0.2994789	1.695078	2.038737
18222	-1882.01	-2070.097	188.0874	0.2770024	1.803844	2.038737
18228	-1880.438	-2069.401	188.9631	0.199644	1.971085	1.452139
18234	-1872.78	-2061.797	189.0164	0.2157212	1.932564	1.404575
18240	-1875.029	-2063.995	188.9666	0.2375774	1.969666	1.367067
18246	-1886.019	-2075.242	189.223	0.1991206	2.012831	1.211484
18252	-1888.441	-2077.313	188.8719	0.2396459	2.041157	1.380958
18258	-1882.915	-2071.439	188.5236	0.2638669	1.834031	1.743791
18264	-1888.165	-2076.343	188.178	0.2023032	1.617749	2.232441
18270	-1873.447	-2062.059	188.6126	0.1850942	1.665506	1.949712
18276	-1878.062	-2066.222	188.1595	0.1672156	1.626319	2.309215
18282	-1895.79	-2083.459	187.6688	0.1683549	1.498455	2.693626
18288	-1893.072	-2079.853	186.7814	0.1683549	1.407343	3.281585
18294	-1876.655	-2064.86	188.205	0.1809704	1.566323	2.290061
18300	-1884.551	-2073.008	188.4565	0.2177428	1.796173	1.901233
18306	-1868.778	-2057.287	188.5089	0.1454254	1.738251	2.058445
18312	-1880.763	-2069.273	188.5096	0.1795691	1.755973	1.969829
18318	-1886.427	-2072.362	185.9349	0.2223608	1.266907	3.761257
18324	-1892.174	-2076.373	184.199	0.196759	1.266146	4.787479
18330	-1887.262	-2072.789	185.5269	0.196759	1.326427	4.004055
18336	-1886.643	-2074.37	187.7274	0.1500527	1.637037	2.610402
18342	-1889.896	-2077.001	187.1043	0.230979	1.653253	2.829046
18348	-1891.702	-2079.762	188.0598	0.2260518	1.635679	2.253033
18354	-1893.666	-2082.142	188.4762	0.2076315	1.686833	1.981219
18360	-1890.429	-2078.316	187.8867	0.2076315	1.556157	2.446854
18366	-1901.655	-2088.86	187.2048	0.2150322	1.539624	2.864131
18372	-1891.952	-2080.298	188.3464	0.2165979	1.642635	2.079524
18378	-1893.963	-2082.493	188.5298	0.1655218	1.698982	2.024862
18384	-1896.646	-2084.892	188.2469	0.1919642	1.767461	2.110622
18390	-1886.395	-2073.961	187.5658	0.1485414	1.562615	2.758725
18396	-1887.278	-2074.687	187.4087	0.2753659	1.489558	2.672653
18402	-1894.507	-2081.43	186.923	0.2245447	1.560695	3.005054
18408	-1898.128	-2085.561	187.4333	0.2336401	1.507523	2.712765
18414	-1898.436	-2084.916	186.4795	0.2678743	1.418209	3.285428
18420	-1889.784	-2077.534	187.75	0.1517429	1.317648	2.788907
18426	-1887.378	-2072.732	185.3545	0.1639096	1.125786	4.275466
18432	-1893.79	-2078.58	184.7902	0.155947	1.087283	4.630207
18438	-1891.426	-2074.01	182.5838	0.2038598	0.9825615	5.82427
18444	-1915.91	-2099.057	183.1468	0.2953567	0.9961285	5.375645
18450	-1891.806	-2077.021	185.2146	0.2280182	1.125189	4.244866
18456	-1890.627	-2077.234	186.6071	0.2608113	1.328026	3.273886
18462	-1884.897	-2071.89	186.9929	0.2325263	1.460516	3.009988
18468	-1886.892	-2073.237	186.3456	0.288741	1.375785	3.359164
18474	-1873.645	-2060.762	187.117	0.1525101	1.488099	3.066284
18480	-1888.043	-2074.88	186.837	0.1717583	1.469591	3.205323
18486	-1873.622	-2060.979	187.3574	0.1717583	1.609615	2.809127
18492	-1889.422	-2076.691	187.2698	0.161657	1.343905	3.04243
18498	-1893.179	-2079.015	185.8353	0.2809473	1.363429	3.674783
18504	-1881.492	-2068.333	186.8405	0.1646817	1.285169	3.325916
18510	-1882.839	-2069.725	186.8869	0.1799666	1.458689	3.166573
18516	-1888.544	-2075.473	186.929	0.1928985	1.44152	3.127793
18522	-1888.523	-2075.424	186.9012	0.1571087	1.457872	3.203208
18528	-1883.033	-2070.293	187.2607	0.1859471	1.393283	2.971095
18534	-1889.729	-2076.595	186.8654	0.1719326	1.437779	3.207023
18540	-1897.273	-2084.141	186.8681	0.2740883	1.547853	2.967697
18546	-1900.936	-2088.231	187.2952	0.2740883	1.515785	2.728108
18552	-1882.248	-2069.743	187.4948	0.1564224	1.385925	2.892527
18558	-1883.352	-2070.582	187.2292	0.222026	1.448421	2.892527
18564	-1883.371	-2071.633	188.2613	0.2383848	1.622701	2.10886
18570	-1880.751	-2068.635	187.8841	0.2587697	1.679635	2.281626
18576	-1879.997	-2067.705	187.7078	0.2106174	1.584208	2.535796
18582	-1873.678	-2061.617	187.9387	0.2385679	1.6868	2.276023
18588	-1895.051	-2083.594	188.5433	0.2284301	1.739666	1.860192
18594	-1896.19	-2084.592	188.4024	0.2190028	1.90695	1.860192
18600	-1892.459	-2081.605	189.146	0.1847892	1.828993	1.455666
18606	-1901.851	-2090.853	189.0015	0.2124981	1.80069	1.523092
18612	-1896.784	-2085.749	188.9653	0.2124981	1.773635	1.569842
18618	-1892.771	-2081.562	188.7916	0.2823118	1.827885	1.522019
18624	-1903.527	-2092.054	188.5271	0.3358457	1.788785	1.65421
18630	-1900.064	-2088.897	188.8323	0.2353309	1.783487	1.613097
18636	-1890.747	-2078.875	188.1283	0.2564379	1.677247	2.129085
18642	-1894.427	-2082.794	188.3666	0.2238244	1.685592	2.024271
18648	-1899.954	-2087.593	187.6384	0.3182719	1.496594	2.463041
18654	-1891.601	-2079.664	188.0627	0.3710971	1.612191	2.043444
18660	-1893.701	-2082.049	188.3477	0.3814437	1.837331	1.68013
18666	-1904.971	-2093.069	188.098	0.3732601	1.790803	1.897175
18672	-1892.955	-2080.696	187.7414	0.1964691	1.563741	2.55367
18678	-1894.309	-2081.803	187.4932	0.2012855	1.764398	2.574234
18684	-1898.144	-2085.188	187.0436	0.2404214	1.709835	2.815974
18690	-1892.483	-2078.644	186.1608	0.1507815	1.479833	3.636826
18696	-1907.769	-2094.061	186.2919	0.2186403	1.377661	3.496106
18702	-1897.887	-2084.14	186.2535	0.2142246	1.390817	3.518144
18708	-1893.566	-2079.514	185.9483	0.2233622	1.390817	3.680325
18714	-1898.359	-2084.541	186.1824	0.2530359	1.407593	3.488132
18720	-1905.806	-2093.974	188.1674	0.227688	1.613977	2.194721
18726	-1898.752	-2086.711	187.9599	0.2445522	1.579832	2.320567
18732	-1900.093	-2087.592	187.4988	0.2532336	1.472317	2.662175
18738	-1896.096	-2082.821	186.724	0.2503065	1.37854	3.190851
18744	-1897.262	-2084.85	187.5876	0.2625801	1.757724	2.414193
18750	-1891.309	-2079.277	187.968	0.2317747	1.590996	2.330239
18756	-1893.018	-2081.256	188.2382	0.1994636	1.662592	2.169939
18762	-1890.799	-2078.697	187.8986	0.2644123	1.691937	2.255229
18768	-1884.473	-2072.7	188.2266	0.2248632	1.74433	2.07605
18774	-1887.093	-2075.085	187.9925	0.2257808	1.743276	2.227607
18780	-1887.591	-2075.622	188.0312	0.2257808	1.70455	2.227607
18786	-1879.051	-2067.786	188.7356	0.2271824	1.988995	1.549901
18792	-1894.797	-2083.6	188.8024	0.2271824	1.92212	1.549901
18798	-1884.973	-2073.917	188.9442	0.2732538	2.0446	1.25003
18804	-1881.647	-2070.373	188.7262	0.2732538	2.042163	1.426164
18810	-1886.448	-2075.22	188.7724	0.2833655	2.109427	1.317366
18816	-1896.909	-2086.006	189.0972	0.2309365	2.184893	1.089937
18822	-1889.947	-2079.056	189.1083	0.216382	2.396431	0.9072482
18828	-1884.829	-2074.001	189.1719	0.2423932	2.29034	0.8738874
18834	-1879.196	-2068.396	189.2	0.2423932	2.379824	0.7141719
18840	-1888.008	-2077.125	189.1167	0.2448981	2.484872	0.6621627
18846	-1877.633	-2066.881	189.2481	0.1895616	2.484872	0.7109001
18852	-1890.046	-2079.269	189.2232	0.2040048	2.466188	0.7109001
18858	-1887.281	-2076.581	189.3003	0.2040048	2.39183	0.7063905
18864	-1894.306	-2083.442	189.1353	0.1997455	2.39183	0.9358769
18870	-1894.123	-2083.379	189.2559	0.1997455	2.226626	0.9824485
18876	-1893.304	-2082.483	189.1791	0.1997455	2.258143	1.027489
18882	-1900.928	-2090.074	189.1462	0.2581438	2.36361	0.7592221
18888	-1893.739	-2082.825	189.0859	0.2833676	2.356533	0.765922
18894	-1889.498	-2078.439	188.9407	0.333967	2.356533	0.8061936
18900	-1893.653	-2082.773	189.1197	0.2549277	2.447945	0.677426
18906	-1893.33	-2082.556	189.2263	0.2380116	2.246394	0.8754257
18912	-1884.679	-2073.968	189.2889	0.2011059	2.288295	0.8754257
18918	-1891.27	-2080.41	189.1404	0.252186	2.327124	0.8365256
18924	-1889.405	-2078.65	189.2442	0.2309213	2.431892	0.5594969
18930	-1888.455	-2077.524	189.0695	0.289108	2.358512	0.7668527
18936	-1879.17	-2068.212	189.0421	0.2731323	2.300127	0.9204119
18942	-1888.96	-2077.99	189.0304	0.3377309	2.188671	0.8915339
18948	-1887.449	-2076.551	189.1013	0.2972735	2.22796	0.8691804
18954	-1887.973	-2076.874	188.9014	0.2972735	2.22796	1.075784
18960	-1889.626	-2078.899	189.2726	0.223862	2.257646	0.8531392
18966	-1887.476	-2076.524	189.0486	0.3010892	2.257646	0.8855613
18972	-1891.812	-2080.93	189.1179	0.2526435	2.115164	1.081613
18978	-1904.757	-2093.821	189.0637	0.279412	1.966478	1.202335
18984	-1909.916	-2098.583	188.6672	0.2500518	1.978639	1.562578
18990	-1893.639	-2082.395	188.7565	0.2836497	1.978639	1.432171
18996	-1892.586	-2081.625	189.0387	0.1736706	1.94372	1.476851
19002	-1888.993	-2078.057	189.0641	0.2923562	1.869952	1.25706
19008	-1888.261	-2077.035	188.7741	0.3195458	1.975398	1.355924
19014	-1891.782	-2080.622	188.8408	0.2445873	1.832964	1.55256
19020	-1900.343	-2089.113	188.7702	0.2721585	1.832964	1.55256
19026	-1904.262	-2092.471	188.2089	0.2116354	1.812512	2.067571
19032	-1883.129	-2071.273	188.144	0.2414001	1.656982	2.157787
19038	-1881.989	-2070.17	188.1803	0.2668426	1.736234	2.038724
19044	-1894.727	-2082.77	188.043	0.3155825	1.736234	2.052869
19050	-1902.199	-2090.299	188.0997	0.4146625	1.849349	1.80063
19056	-1886.108	-2074.3	188.1925	0.2821202	1.791134	1.968897
19062	-1885.534	-2073.955	188.4203	0.1878327	1.809064	1.976739
19068	-1887.444	-2076.215	188.771	0.2382798	1.889537	1.574717
19074	-1896.625	-2085.313	188.6879	0.2583702	1.919899	1.574717
19080	-1896.06	-2085.453	189.3932	0.1769432	2.332159	0.7826295
19086	-1885.852	-2075.113	189.2613	0.2398936	2.252706	0.818813
19092	-1877.484	-2066.737	189.2531	0.2197711	2.108782	1.044083
19098	-1883.022	-2072.291	189.2681	0.1728957	2.108782	1.160211
19104	-1879.116	-2068.454	189.3383	0.1728957	2.118233	1.088522
19110	-1874.331	-2063.309	188.9783	0.2240885	1.884227	1.452875
19116	-1882.823	-2072.061	189.2373	0.2025976	1.884227	1.297915
19122	-1874.001	-2063.173	189.1719	0.1881502	1.804797	1.446346
19128	-1880.221	-2069.483	189.2616	0.1942576	1.848185	1.327639
19134	-1883.345	-2071.769	188.4238	0.2764635	1.697352	1.885394
19140	-1881.791	-2069.942	188.1505	0.2285723	1.633282	2.191581
19146	-1891.566	-2079.215	187.6488	0.3672576	1.735164	2.238408
19152	-1887.424	-2075.361	187.9372	0.3076722	1.493064	2.29132
19158	-1874.607	-2062.476	187.8693	0.2570492	1.595089	2.347794
19164	-1873.166	-2060.175	187.0088	0.2570492	1.572381	2.893969
19170	-1884.697	-2072.88	188.1831	0.2740226	1.531054	2.159838
19176	-1871.549	-2059.408	187.859	0.2740226	1.704112	2.257439
19182	-1886.577	-2075.188	188.6111	0.2064009	1.721061	1.86943
19188	-1880.706	-2069.442	188.7366	0.1815062	1.83393	1.757197
19194	-1885.469	-2074.021	188.5522	0.2295508	1.876737	1.757197
19200	-1896.362	-2085.178	188.8165	0.1539285	1.785046	1.798995
19206	-1890.831	-2079.211	188.3806	0.2748607	1.870372	1.798995
19212	-1896.683	-2084.371	187.6876	0.2038422	1.585053	2.560177
19218	-1883.782	-2072.196	188.4138	0.216148	1.757166	1.959434
19224	-1872.288	-2060.621	188.3331	0.216148	1.837836	1.959434
19230	-1874.931	-2064.151	189.2191	0.1793375	2.028916	1.252603
19236	-1885.987	-2074.993	189.0053	0.2319933	2.081108	1.258031
19242	-1898.586	-2087.368	188.7824	0.2450199	2.032187	1.446078
19248	-1892.959	-2081.852	188.893	0.2466948	2.046641	1.345169
19254	-1883.249	-2072.339	189.0897	0.2879268	1.793651	1.307332
19260	-1897.545	-2086.409	188.8642	0.3546225	1.801799	1.362033
19266	-1901.44	-2090.125	188.6843	0.3557245	1.773153	1.520005
19272	-1883.288	-2072.586	189.2977	0.1806373	2.067896	1.148262
19278	-1893.816	-2082.718	188.9013	0.3046491	2.217725	1.069414
19284	-1894.035	-2083.095	189.0601	0.2602712	2.349413	0.8810097
19290	-1893.962	-2082.907	188.9452	0.1867777	1.981971	1.487155
19296	-1885.449	-2074.149	188.6994	0.2174879	2.026707	1.568773
19302	-1885.095	-2074.101	189.0063	0.2000227	1.848611	1.511129
19308	-1883.479	-2071.929	188.4496	0.2142464	1.712992	1.968699
19314	-1892.621	-2080.24	187.6191	0.2622421	1.712992	2.423111
19320	-1901.963	-2090.8	188.8372	0.1800305	1.777002	1.729834
19326	-1885.864	-2074.577	188.7131	0.2545883	1.688105	1.729834
19332	-1887.774	-2075.869	188.0947	0.2662401	1.651362	2.151679
19338	-1885.295	-2073.475	188.1798	0.2252522	1.626355	2.183039
19344	-1887.346	-2076.001	188.6552	0.2542049	1.796124	1.695158
19350	-1904.626	-2092.387	187.7609	0.3155362	1.776068	2.211241
19356	-1902.032	-2089.877	187.8453	0.2349489	1.459409	2.485277
19362	-1895.239	-2082.953	187.7142	0.2822391	1.882225	2.223081
19368	-1886.21	-2074.074	187.8644	0.2299695	1.780062	2.27884
19374	-1885.005	-2072.983	187.9774	0.1866205	1.713968	2.329794
19380	-1887.222	-2074.463	187.2411	0.2244257	1.699473	2.728496
19386	-1868.798	-2056.58	187.7816	0.2200079	1.554681	2.491402
19392	-1871.14	-2059.286	188.1463	0.2344219	1.664534	2.163595
19398	-1875.247	-2063.356	188.1091	0.1856929	1.790155	2.198224
19404	-1877.038	-2065.468	188.4303	0.2143412	1.872062	1.874032
19410	-1876.095	-2064.571	188.4757	0.2598686	2.034869	1.64244
19416	-1881.489	-2070.431	188.9416	0.2256688	2.134159	1.281236
19422	-1875.158	-2064.186	189.0276	0.2256688	2.048181	1.281176
19428	-1872.609	-2061.661	189.0519	0.1990223	2.073928	1.303113
19434	-1874.798	-2063.715	188.9174	0.1990223	1.991483	1.472765
19440	-1884.002	-2072.732	188.7303	0.1720007	1.994748	1.669552
19446	-1886.492	-2075.289	188.7963	0.1729282	1.779453	1.772663
19452	-1886.932	-2074.347	187.4153	0.1901853	1.670209	2.701112
19458	-1891.092	-2078.484	187.3924	0.2123978	1.659263	2.681296
19464	-1891.168	-2078.258	187.0899	0.2181252	1.505007	2.949087
19470	-1893.43	-2079.711	186.2813	0.2218068	1.42242	3.47094
19476	-1905.306	-2091.736	186.4299	0.2418063	1.516847	3.296236
19482	-1888.193	-2076.21	188.0176	0.2066504	1.597389	2.339921
19488	-1884.953	-2073.346	188.3931	0.1649968	1.700804	2.114894
19494	-1896.694	-2084.696	188.0019	0.1966938	1.658846	2.32963
19500	-1880.555	-2068.078	187.5235	0.1945653	1.683084	2.618365
19506	-1892.285	-2079.264	186.9791	0.1409145	1.633504	3.086311
19512	-1876.966	-2063.672	186.706	0.1668379	1.477507	3.287646
19518	-1877.447	-2065.238	187.7908	0.1310117	1.496361	2.700545
19524	-1893.35	-2080.414	187.0646	0.2643633	1.547184	2.864183
19530	-1896.938	-2083.669	186.7316	0.2175608	1.571286	3.124847
19536	-1892.671	-2081.729	189.0579	0.1718927	1.830609	1.551282
19542	-1887.841	-2076.877	189.0365	0.1718927	1.85203	1.551282
19548	-1890.945	-2079.889	188.9433	0.2261849	1.892815	1.468541
19554	-1882.01	-2070.888	188.8781	0.1676721	1.892815	1.646943
19560	-1882.53	-2071.373	188.843	0.1749177	1.904201	1.646943
19566	-1889.879	-2079.042	189.1629	0.1093257	1.889465	1.598046
19572	-1891.617	-2080.613	188.9969	0.3382955	2.187586	0.9285803
19578	-1880.883	-2069.889	189.0056	0.2528216	2.133505	1.165904
19584	-1892.707	-2081.78	189.073	0.2528216	2.122532	1.11567
19590	-1889.524	-2078.469	188.9452	0.2866211	2.050002	1.217256
19596	-1900.413	-2088.89	188.4774	0.373446	1.933494	1.527634
19602	-1890.19	-2078.817	188.6263	0.3483894	1.977408	1.420846
19608	-1899.613	-2088.767	189.1541	0.2177477	2.100303	1.148195
19614	-1888.278	-2077.169	188.8911	0.2982861	2.100303	1.196893
19620	-1875.003	-2064.104	189.1008	0.2852094	2.101018	1.03408
19626	-1869.361	-2058.538	189.1764	0.2349067	2.071517	1.111245
19632	-1882.157	-2071.081	188.9237	0.3024957	2.071517	1.185149
19638	-1882.537	-2071.248	188.711	0.2330562	2.027815	1.527405
19644	-1880.017	-2068.084	188.0668	0.2529456	1.818515	2.082737
19650	-1877.907	-2066.125	188.218	0.3125319	1.720518	1.951346
19656	-1885.838	-2074.323	188.4855	0.2751794	1.699566	1.843839
19662	-1886.408	-2075.047	188.6389	0.25365	1.687504	1.783799
19668	-1887.825	-2075.644	187.8188	0.2999077	1.452869	2.403455
19674	-1884.15	-2071.051	186.9008	0.2124333	1.452782	3.103397
19680	-1899.948	-2087.116	187.1686	0.1843947	1.35236	3.053755
19686	-1888.789	-2075.248	186.4591	0.2438758	1.393283	3.348494
19692	-1887.516	-2072.965	185.4492	0.2060672	1.128786	4.145155
19698	-1882.868	-2070.185	187.3172	0.211449	1.42343	2.872647
19704	-1883.874	-2069.947	186.0727	0.211449	1.444795	3.596619
19710	-1881.863	-2068.543	186.6805	0.2370191	1.234042	3.322774
19716	-1881.416	-2067.802	186.3864	0.2113575	1.300267	3.498265
19722	-1891.711	-2077.955	186.2435	0.235992	1.363049	3.504803
19728	-1884.011	-2070.252	186.2408	0.2675203	1.279765	3.507078
19734	-1880.677	-2065.867	185.1899	0.2305879	1.092339	4.273449
19740	-1890.119	-2075.377	185.2578	0.2305879	1.212382	4.166871
19746	-1885.232	-2070.751	185.5188	0.2354498	1.343067	3.935872
19752	-1884.358	-2070.932	186.5741	0.2354498	1.241328	3.383498
19758	-1892.077	-2078.108	186.0311	0.1902239	1.222202	3.785971
19764	-1880.982	-2067.16	186.1778	0.2633541	1.296947	3.53986
19770	-1887.119	-2074.122	187.0033	0.2553441	1.327736	3.047035
19776	-1883.32	-2069.37	186.0501	0.2625912	1.392935	3.559481
19782	-1890.595	-2076.681	186.086	0.2625912	1.357051	3.559481
19788	-1890.432	-2076.552	186.1201	0.204894	1.259557	3.687555
19794	-1888.54	-2075.318	186.7779	0.2326969	1.462553	3.136894
19800	-1890.36	-2077.951	187.5911	0.2417214	1.525676	2.590924
19806	-1892.183	-2079.261	187.0783	0.3394845	1.520316	2.765969
19812	-1887.786	-2076.874	189.0885	0.1560579	1.953105	1.476512
19818	-1883.583	-2072.434	188.8509	0.1556517	1.841547	1.731386
19824	-1886.52	-2074.864	188.3444	0.1893056	1.746787	2.065533
19830	-1882.435	-2071.268	188.8325	0.1599346	1.800096	1.763065
19836	-1895.131	-2084.093	188.9618	0.16493	1.851293	1.623109
19842	-1904.485	-2093.142	188.6566	0.2775666	1.945823	1.54329
19848	-1888.548	-2077.27	188.7214	0.2708453	1.902229	1.539853
19854	-1892.649	-2081.447	188.7979	0.2174969	1.82128	1.646367
19860	-1895.342	-2083.974	188.6322	0.3031836	1.82128	1.607735
19866	-1888.707	-2077.59	188.8831	0.2063485	1.88697	1.560104
19872	-1892.46	-2081.36	188.9003	0.2310177	1.932422	1.460961
19878	-1905.741	-2094.897	189.1566	0.1602743	2.068559	1.322406
19884	-1894.991	-2083.794	188.8023	0.1908274	1.77812	1.729885
19890	-1894.265	-2082.648	188.3829	0.1908274	1.561664	2.158503
19896	-1881.8	-2069.764	187.964	0.2209663	1.557417	2.373196
19902	-1877.017	-2065.475	188.4587	0.2059757	1.820455	1.906311
19908	-1876.967	-2065.728	188.7604	0.193557	1.862424	1.694044
19914	-1877.595	-2066.161	188.5664	0.193557	1.966709	1.75719
19920	-1885.352	-2073.87	188.518	0.2083308	1.999584	1.737224
19926	-1874.543	-2062.908	188.3649	0.2943273	1.927749	1.737224
19932	-1885.965	-2075.211	189.2467	0.2057925	1.927749	1.246559
19938	-1883.083	-2071.664	188.5805	0.3104918	1.887061	1.585236
19944	-1881.095	-2069.407	188.3121	0.2737669	1.748477	1.930899
19950	-1882.183	-2070.307	188.1236	0.1982845	1.642807	2.259005
19956	-1893.316	-2081.326	188.0099	0.3072653	1.835847	2.021349
19962	-1889.025	-2076.762	187.7371	0.223285	1.780943	2.371189
19968	-1876.491	-2064.735	188.2431	0.2622157	1.918481	1.882049
19974	-1881.494	-2070.228	188.7335	0.2622157	1.845824	1.588329
19980	-1877.463	-2066.244	188.7813	0.2575654	1.876193	1.539577
19986	-1881.803	-2070.908	189.1054	0.1787264	1.830594	1.499552
19992	-1878.789	-2067.571	188.782	0.2758424	1.980818	1.425512
19998	-1880.169	-2069.007	188.8382	0.2278437	1.914517	1.527675
20004	-1886.707	-2075.558	188.8509	0.2203375	1.947729	1.509086
20010	-1893.869	-2083.04	189.1709	0.2092314	2.291605	0.9742685
20016	-1891.018	-2079.767	188.7483	0.3066217	2.146287	1.262227
20022	-1890.971	-2080.066	189.0956	0.3066217	2.259244	0.8107428
20028	-1889.671	-2078.755	189.0837	0.2543688	2.187412	1.041432
20034	-1880.442	-2069.423	188.9815	0.2695877	2.137815	1.14572
20040	-1891.467	-2080.302	188.8352	0.2192644	2.038596	1.45468
20046	-1887.359	-2076.41	189.0509	0.1896245	1.858132	1.494194
20052	-1875.472	-2064.385	188.913	0.2025092	2.043352	1.428605
20058	-1884.087	-2073.07	188.983	0.1743594	1.975926	1.492886
20064	-1890.675	-2079.648	188.973	0.2061085	1.808076	1.552523
20070	-1886.701	-2075.548	188.8472	0.2061085	2.042384	1.471435
20076	-1888.182	-2077.132	188.9508	0.2734526	1.977043	1.299785
20082	-1882.452	-2071.289	188.8362	0.2733515	2.060084	1.325415
20088	-1876.722	-2065.624	188.9027	0.3288549	2.106006	1.12074
20094	-1878.647	-2067.327	188.6803	0.2299113	1.823216	1.704043
20100	-1890.934	-2079.696	188.7618	0.2474761	2.107428	1.398961
20106	-1884.548	-2073.489	188.9409	0.1974896	1.973149	1.472368
20112	-1888.416	-2077.09	188.6738	0.2296065	1.887893	1.663275
20118	-1891.98	-2080.78	188.7997	0.2647686	2.018441	1.404046
20124	-1880.192	-2068.788	188.5965	0.2736649	1.937753	1.600323
20130	-1877.631	-2066.46	188.8294	0.2959293	1.934103	1.387478
20136	-1884.038	-2073.287	189.2493	0.1658933	1.934103	1.340771
20142	-1894.454	-2083.623	189.1685	0.1668908	2.083095	1.283022
20148	-1894.057	-2083.051	188.994	0.2403589	1.979678	1.331435
20154	-1885.901	-2074.836	188.9342	0.2000186	1.875967	1.544337
20160	-1887.86	-2076.823	188.9628	0.1972045	1.855821	1.544337
20166	-1891.938	-2080.761	188.8225	0.2129143	1.949845	1.544337
20172	-1902.805	-2091.225	188.4193	0.257001	1.775752	1.868303
20178	-1897.088	-2085.785	188.6965	0.2197079	1.901435	1.657075
20184	-1880.475	-2069.384	188.9086	0.2073362	1.847195	1.568457
20190	-1884.252	-2073.123	188.8705	0.171758	2.00077	1.56432
20196	-1892.457	-2081.287	188.8291	0.1940189	1.972088	1.56432
20202	-1892.989	-2082.072	189.0827	0.1804501	2.040281	1.351307
20208	-1901.936	-2091.01	189.0744	0.1363447	1.992846	1.509898
20214	-1884.83	-2073.216	188.386	0.2036586	1.86133	1.932443
20220	-1897.946	-2086.865	188.9193	0.2402964	1.887422	1.461614
20226	-1885.488	-2074.115	188.6275	0.1929261	1.827913	1.812473
20232	-1892.402	-2080.938	188.5354	0.1958483	1.796009	1.891386
20238	-1886.569	-2074.975	188.4056	0.2619151	1.902885	1.781534
20244	-1874.832	-2063.458	188.6258	0.2070719	1.830141	1.782827
20250	-1876.298	-2064.668	188.37	0.216221	1.877798	1.90749
20256	-1874.26	-2062.52	188.2596	0.2088056	1.781441	2.060046
20262	-1888.217	-2076.431	188.2138	0.2750964	1.831258	1.93913
20268	-1882.798	-2071.426	188.6279	0.1999912	1.652526	1.917473
20274	-1887.072	-2075.268	188.1959	0.3667624	1.792716	1.838025
20280	-1897.414	-2085.678	188.2641	0.2167832	1.847142	1.998185
20286	-1894.665	-2082.713	188.0484	0.2649485	1.751414	2.118689
20292	-1894.147	-2082.077	187.9294	0.2767367	1.611783	2.267252
20298	-1889.563	-2078.434	188.8707	0.2006637	1.83514	1.619249
20304	-1875.556	-2064.444	188.8879	0.2247329	1.748556	1.619249
20310	-1885.304	-2074.123	188.8194	0.2258533	1.967162	1.506567
20316	-1891.256	-2080.214	188.9586	0.2494827	2.172831	1.180219
20322	-1890.081	-2079.161	189.0802	0.2494827	2.309215	0.9345069
20328	-1892.963	-2082.068	189.1055	0.2394868	2.226506	1.020421
20334	-1893.148	-2082.387	189.2391	0.2467251	2.148097	0.944533
20340	-1893.52	-2082.808	189.2873	0.2030555	2.221788	0.944533
20346	-1894.935	-2084.099	189.1645	0.2030555	2.256049	1.0341
20352	-1905.222	-2094.177	188.9549	0.2534427	2.256049	1.100141
20358	-1897.112	-2086.078	188.9661	0.2534427	2.256049	1.089806
20364	-1888.037	-2077.248	189.2114	0.2200356	2.063407	1.124198
20370	-1889.242	-2078.265	189.0227	0.2200356	2.0117	1.327523
20376	-1893.512	-2082.825	189.3128	0.2128087	2.0117	1.097754
20382	-1889.378	-2078.325	188.9468	0.2140651	2.09682	1.333744
20388	-1882.547	-2071.858	189.3113	0.2166624	1.964042	1.132315
20394	-1884.343	-2073.087	188.7432	0.3267236	1.853973	1.461677
20400	-1889.19	-2078.356	189.1662	0.2306396	2.055477	1.145318
20406	-1906.344	-2095.546	189.2015	0.2285144	2.055477	1.118906
20412	-1903.845	-2092.774	188.9288	0.2409467	2.176056	1.222292
20418	-1917.365	-2106.13	188.7649	0.2409467	1.971566	1.513264
20424	-1901.07	-2089.879	188.8096	0.2096189	1.832959	1.645836
20430	-1886.385	-2075.206	188.8207	0.255039	1.979377	1.437115
20436	-1883.667	-2072.582	188.9149	0.2308775	1.997758	1.399851
20442	-1884.078	-2072.581	188.5032	0.2332864	1.938602	1.741059
20448	-1875.996	-2064.638	188.6417	0.2802302	1.997461	1.51115
20454	-1885.037	-2073.517	188.4792	0.2641831	1.984138	1.668431
20460	-1877.932	-2067.07	189.1384	0.1922966	1.909445	1.381437
20466	-1881.392	-2070.451	189.0597	0.2145096	1.883716	1.411562
20472	-1880.21	-2069.111	188.9012	0.1944651	1.944271	1.530582
20478	-1887.206	-2076.042	188.8358	0.2012779	1.945671	1.562794
20484	-1886.334	-2075.133	188.7992	0.2322275	1.941667	1.527505
20490	-1886.896	-2075.926	189.0301	0.1444679	1.884359	1.600755
20496	-1888.545	-2077.315	188.7703	0.2305943	1.886698	1.592538
20502	-1886.932	-2076.05	189.1178	0.2098554	1.988871	1.292719
20508	-1884.468	-2073.623	189.1552	0.191371	2.006533	1.292719
20514	-1884.782	-2073.99	189.2081	0.21386	2.110927	1.099995
20520	-1880.153	-2069.456	189.3029	0.203574	2.10972	1.040341
20526	-1885.345	-2074.774	189.4291	0.1394104	2.026709	1.191643
20532	-1886.445	-2075.792	189.3466	0.1816813	2.073119	1.096515
20538	-1893.563	-2082.734	189.1701	0.2395701	2.277499	0.8993615
20544	-1893.424	-2082.653	189.2289	0.2244129	2.260187	0.8993615
20550	-1890.711	-2079.998	189.2877	0.2253442	2.203937	0.8935335
20556	-1898.712	-2088.135	189.423	0.2058805	2.203937	0.7957707
20562	-1877.95	-2067.116	189.1653	0.2370059	2.295144	0.8925813
20568	-1878.703	-2067.782	189.0792	0.2989644	2.285803	0.8206006
20574	-1905.352	-2094.653	189.3015	0.239888	2.17802	0.8614608
20580	-1892.072	-2080.955	188.8825	0.3368707	2.364272	0.8614608
20586	-1891.973	-2080.974	189.0017	0.325968	2.370416	0.7232783
20592	-1887.938	-2077.054	189.1164	0.2540811	2.28247	0.9110685
20598	-1894.05	-2083.049	188.9987	0.2939496	2.44981	0.7178543
20604	-1900.229	-2089.622	189.3931	0.2039119	2.252434	0.7782652
20610	-1895.278	-2084.452	189.1743	0.1940353	2.197523	1.105334
20616	-1901.61	-2091.07	189.46	0.1940353	2.035756	0.9865118
20622	-1888.469	-2077.369	188.9001	0.2889093	2.08315	1.222751
20628	-1896.961	-2086.034	189.0727	0.2574925	2.232105	1.000522
20634	-1893.459	-2082.422	188.9638	0.2274965	2.166688	1.231525
20640	-1896.513	-2085.73	189.217	0.1894878	2.010041	1.243652
20646	-1889.901	-2079	189.0993	0.2031795	2.010041	1.30642
20652	-1886.493	-2075.424	188.9309	0.2439864	1.927917	1.414174
20658	-1884.162	-2072.855	188.6936	0.3125884	2.064418	1.36161
20664	-1898.427	-2087.279	188.8516	0.3291034	2.143324	1.132696
20670	-1893.69	-2082.542	188.8516	0.323451	2.155786	1.132696
20676	-1885.967	-2074.989	189.0216	0.3062512	2.155786	1.009594
20682	-1891.6	-2080.442	188.8422	0.422934	2.172254	0.9295806
20688	-1892.753	-2081.756	189.0036	0.3510742	2.14004	0.9431287
20694	-1898.49	-2087.421	188.9315	0.263097	2.154671	1.189038
20700	-1891.318	-2080.381	189.0625	0.2867816	2.052292	1.112084
20706	-1897.477	-2086.711	189.2345	0.2733468	2.185442	0.8289264
20712	-1901.621	-2090.663	189.0421	0.3349272	2.088239	0.9926105
20718	-1887.813	-2076.815	189.0014	0.3013986	1.949354	1.225382
20724	-1900.579	-2089.487	188.9083	0.2829168	1.945689	1.340574
20730	-1901.028	-2090.186	189.1588	0.2218045	1.851811	1.342571
20736	-1901.23	-2090.008	188.7785	0.2048652	1.904109	1.627035
20742	-1910.275	-2097.381	187.106	0.2310268	1.53401	2.900164
20748	-1897.537	-2085.245	187.7082	0.1925455	1.49814	2.6223
20754	-1887.909	-2075.452	187.5432	0.2544073	1.578871	2.56701
20760	-1893.546	-2081.637	188.0908	0.2476189	1.628617	2.200017
20766	-1884.718	-2073.556	188.8372	0.2134443	1.833985	1.617217
20772	-1889.741	-2078.033	188.2923	0.2340822	1.674769	2.06187
20778	-1890.833	-2079.163	188.3303	0.2307495	1.7356	2.002374
20784	-1886.803	-2075.212	188.4093	0.1962971	1.755735	2.002374
20790	-1890.354	-2078.872	188.5174	0.167439	1.909152	1.887728
20796	-1886.801	-2075.774	188.9729	0.2005931	2.098757	1.342883
20802	-1888.211	-2077.283	189.0713	0.2543701	2.1526	1.086
20808	-1891.93	-2081.068	189.1385	0.1945548	2.189778	1.143128
20814	-1881.825	-2070.873	189.048	0.1945548	2.092655	1.301985
20820	-1877.548	-2065.94	188.3922	0.2098156	1.986251	1.830858
20826	-1869.668	-2058.684	189.0158	0.1849814	1.895823	1.503025
20832	-1872.627	-2061.14	188.5129	0.1656208	1.746515	2.004214
20838	-1882.029	-2070.512	188.4832	0.2058226	1.65074	2.004214
20844	-1879.87	-2068.303	188.4327	0.2194343	1.73484	1.955482
20850	-1880.879	-2069.659	188.7798	0.2203714	1.794473	1.672661
20856	-1875.205	-2063.764	188.5594	0.2521061	1.836571	1.738042
20862	-1884.735	-2073.229	188.4933	0.2521061	1.908593	1.733883
20868	-1880.071	-2068.881	188.81	0.2383291	1.934426	1.512545
20874	-1872.487	-2061.258	188.7705	0.2238613	1.82159	1.65292
20880	-1880.119	-2068.713	188.5938	0.2500517	1.927497	1.65292
20886	-1885.37	-2074.058	188.6879	0.2929716	1.927497	1.506059
20892	-1891.923	-2080.648	188.7259	0.2975287	1.92313	1.472667
20898	-1889.861	-2078.789	188.9274	0.2165304	2.024376	1.400655
20904	-1888.053	-2077.072	189.0187	0.2535198	2.132728	1.153517
20910	-1886.481	-2075.56	189.0792	0.2421224	2.335886	0.9277553
20916	-1884.721	-2073.818	189.0965	0.2421224	2.335886	0.9087784
20922	-1892.131	-2080.948	188.8167	0.3047437	2.037782	1.298656
20928	-1894.063	-2082.893	188.8308	0.3047437	1.961946	1.348311
20934	-1901.02	-2089.337	188.3175	0.2969458	1.782495	1.866282
20940	-1882.16	-2070.563	188.403	0.2755308	1.827572	1.811922
20946	-1893.921	-2082.484	188.5633	0.2045834	1.815748	1.841016
20952	-1889.28	-2078.038	188.7578	0.2126856	1.807865	1.69442
20958	-1888.386	-2077.008	188.6218	0.2031644	1.801198	1.813647
20964	-1875.013	-2063.649	188.6359	0.2223063	1.713494	1.82632
20970	-1895.831	-2084.875	189.0435	0.2009217	1.930872	1.418392
20976	-1889.695	-2077.962	188.2669	0.242527	1.820172	1.966937
20982	-1887.412	-2075.244	187.8324	0.170913	1.548344	2.556535
20988	-1894.906	-2081.668	186.7624	0.2785608	1.679771	2.945308
20994	-1886.163	-2073.959	187.7966	0.1902963	1.562222	2.531971
21000	-1902.644	-2090.748	188.1035	0.1611619	1.729206	2.292208
21006	-1897.298	-2085.563	188.265	0.1421662	1.726084	2.233014
21012	-1881.513	-2069.89	188.3768	0.1804112	1.68908	2.100423
21018	-1896.429	-2084.038	187.6086	0.1804112	1.658628	2.607976
21024	-1890.939	-2078.3	187.3614	0.153119	1.501447	2.910231
21030	-1898.472	-2086.084	187.6121	0.1689738	1.697112	2.604833
21036	-1884.482	-2071.961	187.4796	0.2110383	1.709401	2.599012
21042	-1880.686	-2068.429	187.7434	0.1378645	1.716162	2.57853
21048	-1883.624	-2071.197	187.5727	0.1809306	1.740418	2.57853
21054	-1883.349	-2071.696	188.3474	0.1762624	1.749004	2.089121
21060	-1877.796	-2065.996	188.2002	0.1882523	1.656385	2.220619
21066	-1890.33	-2079.49	189.1597	0.2020256	2.001713	1.266651
21072	-1885.661	-2074.74	189.0784	0.2020256	2.266252	1.108216
21078	-1885.509	-2074.471	188.9623	0.2305304	2.18087	1.213761
21084	-1894.705	-2083.775	189.0695	0.2628183	2.000666	1.203329
21090	-1889.716	-2078.869	189.154	0.2311969	2.162455	1.057105
21096	-1885.422	-2074.779	189.3571	0.1634938	2.255568	0.9664376
21102	-1887.278	-2076.374	189.0965	0.2056611	2.135577	1.198145
21108	-1890.801	-2080.036	189.2348	0.2056611	1.977805	1.214739
21114	-1876.046	-2065.081	189.0354	0.1660513	2.00915	1.448637
21120	-1876.249	-2065.451	189.2023	0.164684	2.140426	1.213057
21126	-1872.34	-2061.74	189.4	0.168387	2.214984	0.947027
21132	-1893.502	-2082.732	189.2302	0.1869114	2.253076	1.020741
21138	-1871.626	-2060.943	189.3165	0.1869114	2.302053	0.8775314
21144	-1869.053	-2058.333	189.2794	0.2152567	2.24329	0.8906011
21150	-1875.103	-2064.334	189.2311	0.2489194	2.080727	1.015672
21156	-1862.249	-2051.314	189.065	0.1664946	2.021364	1.415407
21162	-1874.019	-2063.25	189.2315	0.1734247	2.036675	1.25166
21168	-1876.568	-2065.616	189.0476	0.2143327	1.964066	1.35861
21174	-1876.974	-2065.469	188.4953	0.1604061	1.488457	2.196633
21180	-1878.753	-2067.323	188.5694	0.1667294	1.653619	2.025975
21186	-1880.483	-2069.071	188.588	0.1681885	1.685438	1.989236
21192	-1872.469	-2060.472	188.0029	0.2274508	1.661234	2.270666
21198	-1882.362	-2071.114	188.7514	0.2067362	1.95273	1.607486
21204	-1874.979	-2063.412	188.4331	0.2804732	1.739996	1.843153
21210	-1876.041	-2064.497	188.4561	0.2274547	1.710303	1.94112
21216	-1884.759	-2071.957	187.1978	0.2645157	1.68598	2.698133
21222	-1895.901	-2080.879	184.9785	0.2465494	1.437861	4.173034
21228	-1888.885	-2074.931	186.0462	0.2465494	1.30315	3.637921
21234	-1887.204	-2075.165	187.9613	0.2390321	1.64034	2.290452
21240	-1873.792	-2061.019	187.2271	0.2964801	1.534723	2.725196
21246	-1891.991	-2079.123	187.1317	0.2898652	1.518225	2.803074
21252	-1899.768	-2088.12	188.3523	0.232365	1.597267	2.076541
21258	-1903.058	-2091.277	188.2187	0.2227011	1.671377	2.133075
21264	-1878.79	-2067.564	188.7747	0.1644553	1.715517	1.851003
21270	-1891.462	-2080.427	188.9656	0.1506272	1.739042	1.735079
21276	-1880.094	-2068.818	188.7242	0.1942698	1.768042	1.784191
21282	-1894.554	-2083.188	188.6333	0.1766795	1.84058	1.8348
21288	-1903.381	-2091.62	188.2393	0.2569815	1.968641	1.859536
21294	-1881.887	-2070.439	188.5519	0.1944595	1.80141	1.879332
21300	-1889.122	-2077.812	188.6902	0.1773126	1.688673	1.898295
21306	-1884.087	-2072.505	188.418	0.2617683	1.720822	1.898295
21312	-1893.751	-2082.788	189.0376	0.2009737	1.805914	1.517471
21318	-1907.487	-2096.186	188.6994	0.2390981	1.896705	1.62001
21324	-1887.98	-2073.224	185.2446	0.2524019	1.253735	4.117715
21330	-1894.43	-2080.118	185.6882	0.2370416	1.143827	3.950478
21336	-1913.346	-2099.819	186.4727	0.2000977	1.25846	3.491661
21342	-1902.652	-2088.843	186.1911	0.2896597	1.356124	3.459907
21348	-1894.771	-2081.883	187.1125	0.192331	1.38518	3.052993
21354	-1890.995	-2078.158	187.1624	0.1915704	1.382678	3.026032
21360	-1886.8	-2073.433	186.6329	0.2445755	1.457883	3.206776
21366	-1896.181	-2082.645	186.4637	0.2072165	1.360453	3.424958
21372	-1903.296	-2090.589	187.2925	0.2523894	1.540555	2.748237
21378	-1899.973	-2087.855	187.8823	0.1544202	1.556049	2.555191
21384	-1895.799	-2083.527	187.7278	0.1895206	1.596104	2.555191
21390	-1900.218	-2088.73	188.5113	0.2901658	1.786765	1.740315
21396	-1890.32	-2078.844	188.5232	0.3494332	1.812653	1.618931
21402	-1893.509	-2082.021	188.5113	0.2761468	1.844922	1.723232
21408	-1888.426	-2077.031	188.6057	0.3657744	1.957279	1.424397
21414	-1879.834	-2068.561	188.7271	0.3118993	2.025242	1.367327
21420	-1887.439	-2076.026	188.5867	0.2386642	1.793562	1.773826
21426	-1895.424	-2083.998	188.5736	0.2682702	1.86567	1.678276
21432	-1874.826	-2063.441	188.6155	0.2161843	1.827918	1.773232
21438	-1885.114	-2073.234	188.1207	0.2220378	1.618618	2.232061
21444	-1878.309	-2066.195	187.8858	0.2738387	1.519471	2.358476
21450	-1870.869	-2058.747	187.8782	0.2196096	1.68664	2.348022
21456	-1878.281	-2066.063	187.7821	0.2196096	1.57812	2.477097
21462	-1886.532	-2075.06	188.5285	0.2050098	1.739118	1.916102
21468	-1888.966	-2077.512	188.5457	0.1999659	1.736831	1.916102
21474	-1875.626	-2063.704	188.0788	0.2081121	1.668494	2.252588
21480	-1891.951	-2080.158	188.2074	0.196687	1.573838	2.252588
21486	-1887.217	-2074.901	187.6835	0.2822166	1.669642	2.378529
21492	-1885.825	-2073.58	187.7551	0.2228996	1.670296	2.4304
21498	-1895.567	-2083.762	188.1949	0.2228996	1.694614	2.133091
21504	-1886.824	-2075.466	188.6421	0.1771733	1.802376	1.853886
21510	-1894.232	-2082.926	188.6946	0.1916705	1.704463	1.853886
21516	-1895.733	-2084.271	188.5385	0.2659418	1.92346	1.666261
21522	-1890.703	-2079.279	188.5765	0.2659418	1.92346	1.639005
21528	-1904.882	-2093.366	188.4841	0.2659418	1.705386	1.856579
21534	-1902.755	-2091.355	188.6001	0.3803051	1.866052	1.475898
21540	-1898.122	-2086.991	188.8692	0.2916791	1.990552	1.319096
21546	-1896.274	-2085.347	189.0728	0.242781	1.951199	1.285495
21552	-1907.054	-2096.037	188.9828	0.2079352	2.034032	1.369089
21558	-1917.012	-2105.941	188.9286	0.2079352	2.088263	1.369089
21564	-1913.104	-2102.031	188.9273	0.2208983	1.96673	1.435622
21570	-1905.339	-2093.792	188.4538	0.2464421	1.713007	1.906238
21576	-1905.279	-2092.129	186.8498	0.2655201	1.546413	2.992413
21582	-1897.031	-2084.431	187.4003	0.2050444	1.525382	2.771561
21588	-1900.04	-2087.675	187.6356	0.2090459	1.712513	2.50367
21594	-1885.197	-2073.83	188.6328	0.2090459	1.777535	1.810434
21600	-1878.576	-2067.032	188.4557	0.2554392	1.763567	1.854512
21606	-1882.37	-2070.677	188.3066	0.238335	1.844567	1.931356
21612	-1886.961	-2075.86	188.8989	0.3567124	1.959263	1.200719
21618	-1891.324	-2079.978	188.6545	0.2514424	1.869978	1.648092
21624	-1889.537	-2078.103	188.5666	0.3557407	1.863681	1.54018
21630	-1888.858	-2077.391	188.5329	0.3188782	1.855108	1.629231
21636	-1900.357	-2088.99	188.6329	0.2733673	2.001906	1.526892
21642	-1894.308	-2083.097	188.7889	0.2343188	1.847605	1.60008
21648	-1887.32	-2076.068	188.7475	0.2788179	1.814762	1.570623
21654	-1885.171	-2072.686	187.5155	0.3756514	1.598247	2.399789
21660	-1885.653	-2073.523	187.8705	0.2497869	1.627363	2.338454
21666	-1885.415	-2073.33	187.9152	0.2497869	1.520144	2.378179
21672	-1883.957	-2070.592	186.6353	0.236868	1.613544	3.125158
21678	-1889.008	-2076.972	187.9636	0.1821951	1.615426	2.409735
21684	-1892.805	-2079.869	187.0641	0.2438688	1.295832	3.047694
21690	-1886.801	-2073.642	186.8408	0.2438688	1.519123	3.047694
21696	-1898.437	-2086.043	187.6058	0.2375893	1.533928	2.583581
21702	-1885.335	-2073.47	188.1348	0.2375893	1.516051	2.26143
21708	-1885.344	-2072.915	187.5711	0.2584175	1.604581	2.527218
21714	-1890.338	-2077.92	187.5826	0.2703072	1.563023	2.527218
21720	-1867.621	-2055.218	187.5967	0.2481285	1.662386	2.491764
21726	-1880.966	-2069.433	188.4673	0.2040459	1.642342	2.023851
21732	-1873.567	-2061.644	188.0769	0.2151194	1.591769	2.290003
21738	-1888.459	-2076.918	188.4586	0.1787963	1.754011	2.006863
21744	-1887.401	-2075.529	188.1276	0.1787963	1.7873	2.202139
21750	-1897.729	-2085.557	187.8276	0.1872988	1.703718	2.429764
21756	-1901.512	-2089.642	188.1299	0.225448	1.732412	2.14616
21762	-1889.292	-2077.568	188.276	0.2016019	1.654904	2.14616
21768	-1887.655	-2075.853	188.1974	0.1707179	1.720908	2.216762
21774	-1889.045	-2076.936	187.8914	0.1714484	1.707155	2.419143
21780	-1880.229	-2068.552	188.3222	0.1714484	1.807316	2.077543
21786	-1884.037	-2072.645	188.6084	0.1960197	1.766927	1.861086
21792	-1887.355	-2076.511	189.1561	0.1743841	1.936258	1.39065
21798	-1885.311	-2074.509	189.1977	0.1870974	1.854446	1.39065
21804	-1888.736	-2077.894	189.1583	0.12896	1.909	1.530355
21810	-1887.067	-2075.685	188.618	0.1903727	1.8609	1.801694
21816	-1896.907	-2085.493	188.5859	0.1803766	1.803002	1.88482
21822	-1897.242	-2084.803	187.5617	0.1975208	1.505564	2.698641
21828	-1906.241	-2093.544	187.3021	0.2298588	1.412457	2.857019
21834	-1889.418	-2078.065	188.6469	0.3080871	1.825831	1.585458
21840	-1893.531	-2082.159	188.6282	0.2119277	1.708039	1.855631
21846	-1895.189	-2083.906	188.7168	0.3645024	2.04962	1.264372
21852	-1878.947	-2067.852	188.9051	0.2402236	2.033306	1.359747
21858	-1883.839	-2072.857	189.0182	0.2398425	1.977401	1.314908
21864	-1886.271	-2075.317	189.0463	0.1601275	1.825644	1.592109
21870	-1897.532	-2085.945	188.4123	0.1361247	1.826947	2.085889
21876	-1897.092	-2084.711	187.6192	0.2384193	1.726894	2.453447
21882	-1904.676	-2092.697	188.0205	0.3343963	1.781114	2.010439
21888	-1898.488	-2086.861	188.3728	0.307553	1.734605	1.844365
21894	-1899.694	-2087.428	187.7338	0.1948512	1.477888	2.614661
21900	-1891.754	-2078.569	186.8152	0.2272823	1.49733	3.102863
21906	-1883.864	-2071.358	187.4938	0.1844307	1.532908	2.748075
21912	-1882.608	-2069.484	186.8762	0.3987604	1.620074	2.754735
21918	-1881.931	-2069.241	187.3098	0.32254	1.575134	2.612836
21924	-1895.837	-2083.164	187.3265	0.1926123	1.572486	2.810556
21930	-1874.852	-2062.19	187.338	0.2331832	1.563234	2.737816
21936	-1880.245	-2067.178	186.9336	0.216668	1.427596	3.091629
21942	-1903.116	-2089.103	185.987	0.2089975	1.354324	3.702784
21948	-1905.769	-2092.572	186.8022	0.2338134	1.489738	3.104399
21954	-1904.462	-2093.316	188.8541	0.2221753	2.000977	1.462686
21960	-1888.472	-2077.61	189.1384	0.2301639	2.072873	1.155649
21966	-1892.319	-2081.027	188.7081	0.2698786	2.019552	1.463647
21972	-1893.544	-2082.347	188.8031	0.2760197	2.026909	1.372836
21978	-1883.267	-2071.968	188.7004	0.2908665	1.952915	1.481279
21984	-1886.255	-2074.812	188.5565	0.2197566	1.744535	1.864423
21990	-1884.735	-2072.937	188.2016	0.2304181	1.874886	1.99595
21996	-1876.85	-2064.728	187.8776	0.1960365	1.771135	2.338508
22002	-1881.121	-2069.339	188.2179	0.2490664	1.80234	2.000088
22008	-1884.22	-2072.521	188.3004	0.175746	1.959224	1.982008
22014	-1881.383	-2069.505	188.1224	0.2699741	1.871453	1.982008
22020	-1895.907	-2084.387	188.4801	0.1663439	1.717057	2.043977
22026	-1881.508	-2069.359	187.8511	0.224262	1.799086	2.285318
22032	-1892.422	-2079.992	187.5705	0.1986934	1.556904	2.659502
22038	-1894.017	-2081.74	187.7232	0.1508069	1.556904	2.66084
22044	-1893.455	-2082.052	188.5965	0.1823338	1.861335	1.833451
22050	-1902.328	-2091.043	188.7145	0.1823338	1.861335	1.751633
22056	-1881.178	-2070.31	189.1321	0.1647147	1.914906	1.450148
22062	-1884.58	-2073.187	188.6068	0.1727058	1.758177	1.917738
22068	-1898.099	-2086.512	188.4137	0.1624581	1.780292	2.054676
22074	-1896.762	-2085.428	188.6657	0.1922597	1.855892	1.767966
22080	-1890.77	-2079.199	188.4285	0.1772732	1.732663	2.04424
22086	-1884.717	-2073.062	188.3454	0.2212519	1.683885	2.04424
22092	-1899.646	-2087.885	188.2388	0.163089	1.596796	2.286188
22098	-1897.459	-2085.099	187.6399	0.2198738	1.566649	2.572442
22104	-1893.904	-2081.503	187.5992	0.2136746	1.625085	2.572442
22110	-1900.809	-2087.968	187.1586	0.3411043	1.51903	2.715481
22116	-1897.873	-2084.498	186.6255	0.2538542	1.217453	3.338695
22122	-1899.695	-2085.834	186.1386	0.2721766	1.176924	3.619565
22128	-1887.002	-2072.692	185.6899	0.2734731	1.277892	3.81862
22134	-1893.245	-2076.922	183.6766	0.300765	1.142735	4.99435
22140	-1880.708	-2067.788	187.0805	0.2523032	1.374097	2.977671
22146	-1878.327	-2064.873	186.5462	0.2405718	1.423856	3.284424
22152	-1888.461	-2071.946	183.4859	0.2459612	1.205721	5.140443
22158	-1894.697	-2080.391	185.6941	0.3046897	1.470493	3.66203
22164	-1901.333	-2088.85	187.5169	0.1539517	1.623369	2.739891
22170	-1889.407	-2077.24	187.8327	0.178719	1.623369	2.493904
22176	-1888.693	-2076.867	188.1734	0.2337948	1.686085	2.133024
22182	-1895.447	-2083.361	187.9147	0.3308529	1.705181	2.135278
22188	-1893.819	-2082.151	188.332	0.3260351	1.808761	1.792704
22194	-1895.6	-2083.901	188.3015	0.2070057	1.764681	2.046855
22200	-1879.179	-2067.58	188.4011	0.231194	1.694346	1.981874
22206	-1883.454	-2071.392	187.9378	0.3474465	1.878641	1.981874
22212	-1878.394	-2066.965	188.5709	0.3124874	1.820427	1.637211
22218	-1887.796	-2076.595	188.7991	0.2779489	1.880438	1.485024
22224	-1890.191	-2078.416	188.2259	0.2889623	1.880438	1.874852
22230	-1876.896	-2065.404	188.5082	0.2307619	1.733806	1.883759
22236	-1885.408	-2073.214	187.806	0.2555118	1.588543	2.394554
22242	-1876.519	-2064.098	187.5791	0.1627202	1.501925	2.757863
22248	-1871.813	-2058.792	186.9793	0.2585138	1.475044	2.968153
22254	-1874.776	-2060.732	185.9551	0.2616222	1.263911	3.690811
22260	-1885.11	-2073.057	187.9467	0.2601479	1.763375	2.185103
22266	-1879.043	-2067.293	188.2497	0.210887	1.632953	2.159837
22272	-1878.693	-2066.381	187.6882	0.2181442	1.530753	2.567824
22278	-1881.448	-2067.618	186.1702	0.2444252	1.468488	3.472857
22284	-1886.435	-2073.484	187.0494	0.3122692	1.511976	2.825239
22290	-1888.094	-2075.957	187.8635	0.2711517	1.504789	2.3861
22296	-1876.876	-2063.911	187.0347	0.2174775	1.446113	3.018715
22302	-1875.757	-2064.245	188.4875	0.2147126	1.685761	1.960691
22308	-1879.073	-2067.86	188.7878	0.3327145	2.042947	1.266718
22314	-1888.541	-2077.686	189.1444	0.1992466	2.096029	1.207245
22320	-1878.049	-2067.142	189.0929	0.2761327	2.107006	1.057054
22326	-1891.276	-2080.26	188.9836	0.2775833	2.069612	1.186362
22332	-1889.354	-2078.02	188.6653	0.2775833	1.843811	1.611519
22338	-1889.719	-2078.387	188.6678	0.2505551	1.909656	1.611519
22344	-1882.728	-2071.238	188.5103	0.3281583	1.881614	1.611519
22350	-1894.131	-2082.754	188.6229	0.3281583	1.823177	1.572008
22356	-1897.201	-2085.893	188.6927	0.3765644	1.929408	1.36119
22362	-1892.003	-2081.016	189.0132	0.2379744	1.929408	1.36119
22368	-1894.632	-2083.603	188.9702	0.2499477	1.94068	1.36119
22374	-1896.46	-2085.476	189.0158	0.2723595	1.969312	1.254887
22380	-1890.053	-2079.084	189.0308	0.2578093	2.191852	1.078893
22386	-1883.091	-2072.122	189.0307	0.2991534	2.329956	0.8254752
22392	-1885.596	-2074.834	189.2371	0.2453992	2.24922	0.8352515
22398	-1896.786	-2085.991	189.2055	0.2426852	2.275147	0.8511066
22404	-1884.043	-2073.35	189.3073	0.2358052	2.226512	0.807338
22410	-1883.925	-2073.132	189.2066	0.2702265	2.14218	0.9211256
22416	-1877.566	-2066.643	189.0765	0.3282724	2.113318	0.9461677
22422	-1877.362	-2066.393	189.0315	0.3109412	2.285254	0.8463161
22428	-1880.963	-2070.259	189.2966	0.213791	2.285254	0.8246732
22434	-1878.018	-2067.144	189.1255	0.280089	2.201261	0.918676
22440	-1881.421	-2070.206	188.7857	0.313928	2.201261	1.169564
22446	-1886.974	-2075.999	189.0251	0.2183842	1.902628	1.415171
22452	-1891.888	-2080.414	188.526	0.2628532	1.900241	1.6972
22458	-1881.841	-2070.714	188.8734	0.231979	1.812903	1.568336
22464	-1890.233	-2079.142	188.9093	0.1925674	1.826409	1.61529
22470	-1896.166	-2084.729	188.5625	0.2159111	1.916442	1.74897
22476	-1897.364	-2085.965	188.6014	0.1934525	1.704572	1.913569
22482	-1909.503	-2097.724	188.221	0.1934525	1.733363	2.146873
22488	-1894.577	-2082.819	188.2421	0.2585333	1.85112	1.93469
22494	-1887.192	-2075.803	188.6108	0.2585333	1.73938	1.758494
22500	-1890.135	-2078.242	188.1067	0.226852	1.724981	2.163604
22506	-1886.348	-2073.893	187.5453	0.2829543	1.623149	2.493625
22512	-1883.571	-2071.445	187.8738	0.2198765	1.644291	2.377241
22518	-1880.469	-2068.552	188.0832	0.2507455	1.640359	2.192057
22524	-1892.896	-2081.371	188.475	0.259911	1.690141	1.883598
22530	-1893.41	-2081.634	188.2234	0.2660741	1.851655	1.934089
22536	-1884.685	-2073.442	188.757	0.2546762	1.813502	1.608834
22542	-1888.089	-2076.472	188.3824	0.3837688	1.897234	1.608834
22548	-1897.629	-2086.105	188.476	0.3029391	1.828315	1.71485
22554	-1884.454	-2072.402	187.9477	0.2532419	1.718172	2.225107
22560	-1890.27	-2078.092	187.8218	0.3075663	1.75785	2.195314
22566	-1902.684	-2090.089	187.4045	0.3122196	1.634459	2.531637
22572	-1898.508	-2086.124	187.616	0.3649232	1.583128	2.359522
22578	-1906.357	-2094.445	188.0883	0.2499831	1.521282	2.26682
22584	-1896.286	-2083.119	186.8331	0.3100828	1.520402	2.953908
22590	-1904.391	-2091.224	186.8322	0.3042408	1.528584	2.957592
22596	-1902.795	-2089.745	186.9503	0.3042408	1.52845	2.886478
22602	-1903.267	-2090.391	187.1238	0.2652051	1.439706	2.892119
22608	-1889.267	-2075.845	186.5782	0.3102787	1.357619	3.20306
22614	-1888.281	-2074.568	186.287	0.3102787	1.367503	3.36892
22620	-1896.582	-2083.713	187.1303	0.2862897	1.444869	2.853658
22626	-1895.522	-2083.508	187.9864	0.2795449	1.659125	2.195598
22632	-1895.754	-2083.776	188.0226	0.3052548	1.752004	2.071475
22638	-1890.71	-2078.998	188.2884	0.3570076	1.727839	1.832884
22644	-1887.169	-2076.01	188.8406	0.3570076	2.093922	1.133359
22650	-1888.861	-2077.184	188.3236	0.2260811	1.843101	1.94348
22656	-1892.191	-2080.456	188.2647	0.225884	1.689057	2.085519
22662	-1897.332	-2086.443	189.1111	0.1441925	1.711526	1.667636
22668	-1896.118	-2084.678	188.5605	0.2517617	1.834206	1.739555
22674	-1880.568	-2069.316	188.7477	0.1799686	1.78823	1.784645
22680	-1893.586	-2081.864	188.2778	0.2164393	1.617924	2.140934
22686	-1894.243	-2081.917	187.6738	0.2683838	1.751875	2.354146
22692	-1894.605	-2082.501	187.8957	0.3264459	1.66486	2.180178
22698	-1883.238	-2071.564	188.3262	0.2471442	1.585289	2.075473
22704	-1893.11	-2081.677	188.5666	0.2586576	1.813242	1.737519
22710	-1889.401	-2077.929	188.5277	0.3570577	1.813242	1.603662
22716	-1883.234	-2071.69	188.4559	0.2715883	1.846756	1.768712
22722	-1880.261	-2068.049	187.7879	0.211245	1.696852	2.413908
22728	-1889.039	-2076.919	187.8798	0.211245	1.735276	2.331305
22734	-1898.434	-2086.631	188.197	0.2787067	1.713651	2.023115
22740	-1884.506	-2072.666	188.1591	0.2350068	1.665971	2.15329
22746	-1890.549	-2078.982	188.4331	0.1734882	1.663108	2.095113
22752	-1889.483	-2077.236	187.7538	0.2018448	1.536028	2.55318
22758	-1903.706	-2089.594	185.8886	0.2587197	1.338231	3.690607
22764	-1895.928	-2082.34	186.4118	0.1626778	1.387427	3.520963
22770	-1902.325	-2088.454	186.1289	0.15972	1.169486	3.816735
22776	-1901.95	-2087.965	186.0151	0.2249769	1.108169	3.802325
22782	-1895.249	-2083.846	188.5965	0.2465792	1.915599	1.666055
22788	-1892.782	-2081.328	188.5456	0.1897656	1.946793	1.7936
22794	-1887.221	-2075.6	188.3788	0.1705791	1.68624	2.121725
22800	-1877.534	-2066.267	188.7329	0.1859077	1.773948	1.791916
22806	-1908.29	-2097.099	188.809	0.1792694	1.848356	1.701061
22812	-1893.923	-2082.942	189.0185	0.1299223	2.010407	1.556107
22818	-1886.203	-2074.953	188.7496	0.184631	1.934666	1.669912
22824	-1877.187	-2066.283	189.0962	0.1484497	1.870031	1.552545
22830	-1880.596	-2069.828	189.2313	0.08147718	1.77003	1.720847
22836	-1890.272	-2079.297	189.0245	0.09361205	1.835945	1.781493
22842	-1877.544	-2066.335	188.7905	0.1657995	1.778203	1.793823
22848	-1894.172	-2082.632	188.4596	0.1542842	1.824663	2.013288
22854	-1899.111	-2086.808	187.6969	0.3900457	1.670352	2.219784
22860	-1891.665	-2079.686	188.0216	0.3654266	1.562948	2.110589
22866	-1896.563	-2084.422	187.8591	0.2634563	1.704604	2.27403
22872	-1893.98	-2081.318	187.3385	0.2205965	1.374351	2.873666
22878	-1886.383	-2073.541	187.1583	0.2584267	1.326948	2.949715
22884	-1876.518	-2064.266	187.7479	0.253821	1.38942	2.558473
22890	-1881.598	-2069.796	188.1981	0.2346676	1.558325	2.198514
22896	-1883.958	-2071.659	187.701	0.3079384	1.68446	2.319501
22902	-1886.055	-2073.835	187.7797	0.3656911	1.62078	2.229786
22908	-1889.63	-2077.707	188.0771	0.2957056	1.765923	2.040986
22914	-1882.997	-2071.465	188.4682	0.2835083	1.781577	1.785172
22920	-1874.081	-2063.004	188.9228	0.2732286	1.967971	1.330135
22926	-1894.654	-2083.444	188.7896	0.2890062	1.943286	1.42397
22932	-1900.227	-2089.263	189.0355	0.2231764	2.027585	1.297211
22938	-1882.261	-2071.34	189.0793	0.2479302	1.979841	1.245154
22944	-1883.959	-2073.181	189.2215	0.2265086	2.144326	1.02196
22950	-1885.774	-2074.804	189.03	0.2755166	2.047621	1.169491
22956	-1874.827	-2063.676	188.8487	0.3505183	2.067785	1.161429
22962	-1872.7	-2061.793	189.0928	0.253814	2.068248	1.144325
22968	-1876.741	-2066.386	189.645	0.1456924	2.0307	0.9648255
22974	-1885.877	-2075.382	189.5054	0.1456924	2.08485	1.04969
22980	-1896.156	-2085.213	189.0566	0.2537215	2.032132	1.207442
22986	-1900.447	-2089.599	189.1524	0.2251299	2.013105	1.207442
22992	-1897.06	-2085.952	188.8918	0.2358759	1.930602	1.458776
22998	-1897.146	-2085.838	188.6916	0.2438623	1.92257	1.597645
23004	-1892.456	-2081.065	188.609	0.2365038	1.806953	1.752997
23010	-1891.486	-2080.153	188.667	0.2938508	1.94847	1.504413
23016	-1889.258	-2078.063	188.8057	0.2462407	2.014783	1.439067
23022	-1886.822	-2075.417	188.5947	0.248364	1.902456	1.673393
23028	-1891.5	-2080.11	188.6105	0.2554688	1.850495	1.68598
23034	-1893.258	-2081.549	188.2911	0.3006448	1.850495	1.831876
23040	-1897.51	-2085.904	188.3943	0.2428682	1.852949	1.857875
23046	-1897.252	-2086.246	188.9936	0.2428682	1.921067	1.37294
23052	-1889.221	-2077.258	188.0368	0.3352805	1.921067	1.904202
23058	-1883.041	-2071.799	188.7575	0.2262907	1.793043	1.677751
23064	-1878.742	-2067.452	188.71	0.3293327	1.803674	1.520188
23070	-1875.56	-2064.508	188.9483	0.2098137	1.77925	1.58391
23076	-1871.513	-2059.298	187.7848	0.2803104	1.565111	2.383538
23082	-1880.975	-2068.899	187.924	0.2867946	1.700192	2.198053
23088	-1900.602	-2088.58	187.9782	0.347246	1.744101	2.044796
23094	-1882.625	-2070.405	187.7801	0.2070989	1.654957	2.45278
23100	-1885.323	-2072.474	187.1515	0.2659407	1.651576	2.74535
23106	-1888.949	-2076.907	187.9584	0.1257979	1.651576	2.513038
23112	-1879.215	-2067.256	188.0403	0.1224717	1.568193	2.521941
23118	-1894.889	-2082.871	187.9823	0.1633054	1.778032	2.333759
23124	-1890.781	-2078.488	187.7062	0.1858385	1.654423	2.539425
23130	-1889.535	-2077.383	187.8482	0.1338598	1.689076	2.539425
23136	-1909.267	-2096.648	187.3817	0.1077693	1.592757	2.946075
23142	-1895.531	-2082.955	187.4245	0.1230089	1.489138	2.946075
23148	-1889.105	-2077.397	188.2917	0.07955738	1.651881	2.425843
23154	-1888.56	-2077.465	188.9056	0.2749977	2.012305	1.304698
23160	-1886.96	-2074.923	187.963	0.1602419	1.59867	2.465752
23166	-1888.382	-2076.357	187.9751	0.2200687	1.685207	2.286356
23172	-1893.376	-2081.878	188.5018	0.2858481	1.849123	1.710381
23178	-1910.759	-2099.181	188.4216	0.2414096	1.885404	1.819482
23184	-1895.451	-2083.769	188.3179	0.3270032	1.747489	1.84322
23190	-1892.481	-2080.472	187.9912	0.2365796	1.747489	2.206623
23196	-1877.981	-2066.495	188.5142	0.2471154	1.732057	1.850833
23202	-1885.836	-2073.484	187.6481	0.2418579	1.604087	2.506504
23208	-1891.512	-2079.897	188.3848	0.2739171	1.720237	1.900588
23214	-1886.312	-2074.711	188.3994	0.2739171	1.830872	1.814895
23220	-1892.532	-2081.106	188.5739	0.2275458	1.777534	1.814895
23226	-1887.245	-2075.762	188.5165	0.223858	1.845138	1.814895
23232	-1895.867	-2084.458	188.5901	0.36317	1.923515	1.466163
23238	-1894.549	-2083.372	188.8233	0.2320387	1.9171	1.528283
23244	-1886.991	-2075.503	188.5118	0.3442069	1.752437	1.678256
23250	-1889.603	-2078.097	188.4941	0.3209003	1.848275	1.658757
23256	-1881.879	-2070.591	188.712	0.224681	1.741763	1.749254
23262	-1880.814	-2068.569	187.7554	0.3230416	1.595627	2.319739
23268	-1883.479	-2070.799	187.3198	0.2656889	1.603053	2.672321
23274	-1894.261	-2079.103	184.8419	0.3103591	1.364536	4.203548
23280	-1896.935	-2082.715	185.7805	0.1810031	1.214318	3.950967
23286	-1902.617	-2088.086	185.4698	0.2659472	1.286158	3.950967
23292	-1898.39	-2084.811	186.4216	0.2540345	1.296209	3.411862
23298	-1896.024	-2082.062	186.0375	0.2206255	1.170421	3.760553
23304	-1901.36	-2089.044	187.6836	0.2018926	1.637439	2.533676
23310	-1905.564	-2093.168	187.6046	0.2742144	1.541447	2.520922
23316	-1901.628	-2087.788	186.1603	0.2264334	1.31714	3.595174
23322	-1907.655	-2093.862	186.2067	0.2305517	1.31714	3.561646
23328	-1919.662	-2105.255	185.5933	0.2382325	1.394908	3.859119
23334	-1893.696	-2079.096	185.3998	0.2462308	1.408381	3.950116
23340	-1894.427	-2081.025	186.5984	0.1698727	1.458641	3.356161
23346	-1888.919	-2075.891	186.972	0.2186812	1.406311	3.077945
23352	-1882.198	-2070.623	188.4245	0.223163	1.735626	1.953404
23358	-1883.371	-2071.875	188.504	0.2517882	1.806011	1.798547
23364	-1885.902	-2074.719	188.817	0.1697277	1.731945	1.798547
23370	-1879.194	-2068.017	188.823	0.1816315	1.837582	1.693475
23376	-1882.534	-2070.949	188.4147	0.2872747	1.956644	1.693475
23382	-1879.185	-2068.023	188.8376	0.1737285	2.069357	1.533234
23388	-1882.231	-2071.073	188.8418	0.1394538	2.066499	1.618321
23394	-1872.553	-2061.453	188.8998	0.184926	2.060399	1.466591
23400	-1874.633	-2063.499	188.8664	0.2636651	2.313455	1.104649
23406	-1875.06	-2064.153	189.0926	0.1902949	2.04031	1.318805
23412	-1883.849	-2072.918	189.0693	0.1905968	2.04031	1.336758
23418	-1878.395	-2067.362	188.9666	0.2406498	1.827355	1.470572
23424	-1871.117	-2059.373	188.2556	0.2147109	1.726385	2.087671
23430	-1872.433	-2060.869	188.4361	0.1869583	1.791263	1.979862
23436	-1873.071	-2061.473	188.4016	0.2305268	1.795404	1.914794
23442	-1885.036	-2073.141	188.1052	0.3105251	1.776266	1.992633
23448	-1879.586	-2067.911	188.3252	0.1974363	1.776266	2.042327
23454	-1874.639	-2062.447	187.8087	0.1893546	1.572661	2.519702
23460	-1883.037	-2070.723	187.6862	0.2403586	1.559524	2.512989
23466	-1886.591	-2074.347	187.7569	0.344876	1.564771	2.308193
23472	-1881.134	-2069.271	188.1379	0.1584935	1.563385	2.381511
23478	-1873.19	-2060.323	187.1328	0.2068643	1.42422	2.991359
23484	-1881.471	-2068.716	187.2455	0.2098683	1.42422	2.918256
23490	-1881.406	-2068.578	187.1717	0.2297953	1.444867	2.916365
23496	-1881.624	-2068.525	186.9016	0.2699419	1.534718	2.961632
23502	-1878.403	-2065.051	186.648	0.233139	1.395533	3.252877
23508	-1876.942	-2064.445	187.5027	0.2536434	1.403072	2.701712
23514	-1883.942	-2072.062	188.1199	0.2635377	1.695443	2.11086
23520	-1882.913	-2071.675	188.7618	0.2635377	1.697096	1.672749
23526	-1870.83	-2059.281	188.4512	0.2587203	1.689243	1.902428
23532	-1882.375	-2070.164	187.7891	0.2445467	1.604582	2.413216
23538	-1874.34	-2062.116	187.7759	0.2445467	1.566707	2.445351
23544	-1880.801	-2068.501	187.7006	0.2285899	1.650889	2.46685
23550	-1873.313	-2060.58	187.2673	0.2235639	1.41579	2.886615
23556	-1876.25	-2063.912	187.6619	0.1677626	1.476077	2.712762
23562	-1874.168	-2062.104	187.9362	0.2452135	1.486186	2.393938
23568	-1886.297	-2073.693	187.3962	0.2477622	1.509689	2.711041
23574	-1880.805	-2067.8	186.9959	0.2086317	1.356509	3.110646
23580	-1895.135	-2081.185	186.0496	0.268131	1.180205	3.675074
23586	-1893.192	-2079.895	186.7028	0.1927908	1.344729	3.319174
23592	-1893.001	-2079.934	186.933	0.2106045	1.345368	3.151306
23598	-1887.645	-2074.456	186.8109	0.2494795	1.360455	3.151306
23604	-1889.474	-2076.66	187.1859	0.2494795	1.360966	2.926546
23610	-1897.383	-2083.61	186.2268	0.2193618	1.455721	3.487328
23616	-1893.256	-2081.583	188.3264	0.1905787	1.654647	2.135211
23622	-1894.833	-2082.906	188.0722	0.1905787	1.685828	2.279369
23628	-1890.154	-2078.194	188.0396	0.1794626	1.656081	2.341312
23634	-1888.735	-2076.936	188.2008	0.1794626	1.494937	2.341312
23640	-1881.47	-2069.389	187.9188	0.2635432	1.566274	2.324115
23646	-1888.255	-2076.648	188.3931	0.1952117	1.725792	2.035238
23652	-1889.167	-2077.15	187.983	0.1720035	1.744928	2.336095
23658	-1890.338	-2078.675	188.3363	0.2218786	1.723018	2.023167
23664	-1889.176	-2077.608	188.4315	0.1589526	1.731275	2.08304
23670	-1884.572	-2073.23	188.6578	0.2390265	1.702253	1.787197
23676	-1885.11	-2073.17	188.0596	0.1967746	1.693153	2.270668
23682	-1881.401	-2070.496	189.0947	0.2417028	1.939017	1.279831
23688	-1881.906	-2070.753	188.8475	0.2431831	1.9444	1.467045
23694	-1876.866	-2065.42	188.5539	0.2431831	2.023556	1.625599
23700	-1886.871	-2075.601	188.7296	0.2828635	1.865047	1.539473
23706	-1884.014	-2072.822	188.8085	0.247131	1.876291	1.539473
23712	-1874.194	-2062.941	188.7466	0.226319	1.994422	1.539473
23718	-1873.101	-2062.268	189.1668	0.1287466	2.080943	1.393804
23724	-1868.287	-2057.402	189.1151	0.2067782	1.919781	1.357548
23730	-1875.933	-2064.725	188.7926	0.2569079	1.822912	1.571796
23736	-1873.941	-2062.3	188.3586	0.287214	1.825598	1.824355
23742	-1879.141	-2067.46	188.319	0.2046968	1.725478	2.065685
23748	-1895.993	-2084.141	188.1475	0.2410791	1.601718	2.191984
23754	-1890.379	-2078.715	188.336	0.2443145	1.669461	2.01825
23760	-1880.676	-2069.05	188.3745	0.2610738	1.777019	1.890895
23766	-1880.596	-2068.952	188.3566	0.2704938	1.838153	1.845159
23772	-1877.544	-2065.713	188.1696	0.2704938	1.774151	2.014569
23778	-1878.717	-2067.181	188.4642	0.2876161	1.690928	1.843671
23784	-1884.977	-2073.959	188.9815	0.2614951	1.778363	1.455237
23790	-1892.118	-2080.498	188.38	0.2147978	1.709104	2.016721
23796	-1892.969	-2080.996	188.0266	0.2434008	1.777733	2.152141
23802	-1889.556	-2076.146	186.5896	0.2658994	1.510226	3.168731
23808	-1885.436	-2072.681	187.2451	0.2169698	1.392413	2.925358
23814	-1886.896	-2074.083	187.1863	0.1903308	1.555235	2.910173
23820	-1890.066	-2077.068	187.0021	0.2913712	1.531431	2.871551
23826	-1886.49	-2073.628	187.1373	0.1727576	1.597613	2.947647
23832	-1881.825	-2069.41	187.5854	0.2193179	1.629298	2.568408
23838	-1885.324	-2072.347	187.0239	0.2193179	1.603708	2.927305
23844	-1883.771	-2070.849	187.0778	0.1846015	1.561027	2.982697
23850	-1895.939	-2082.886	186.9466	0.1501382	1.408327	3.219925
23856	-1885	-2071.942	186.9424	0.2476701	1.437492	3.029746
23862	-1883.869	-2070.699	186.8294	0.2476701	1.550413	3.029746
23868	-1901.742	-2089.46	187.7188	0.3267102	1.536505	2.375428
23874	-1899.584	-2088.483	188.8992	0.2158886	2.028067	1.421039
23880	-1895.75	-2084.558	188.808	0.1698365	1.820833	1.742674
23886	-1898.517	-2087.297	188.7792	0.1820226	1.915813	1.66808
23892	-1896.236	-2084.778	188.5421	0.1801127	1.69402	1.98841
23898	-1899.603	-2087.665	188.0619	0.2314357	1.81531	2.125648
23904	-1892.717	-2080.983	188.2665	0.1516175	1.740031	2.201434
23910	-1896.31	-2085.084	188.7739	0.1878613	1.776672	1.757244
23916	-1889.294	-2078.292	188.9983	0.2073496	1.771178	1.558423
23922	-1896.627	-2085.551	188.9238	0.2073496	2.023949	1.424248
23928	-1888.643	-2077.897	189.2542	0.1834634	1.995758	1.240131
23934	-1885.926	-2074.737	188.8107	0.218199	1.957489	1.53622
23940	-1890.644	-2079.466	188.8226	0.1396969	1.77474	1.836685
23946	-1890.619	-2079.799	189.1801	0.1195578	1.829425	1.599445
23952	-1886.249	-2074.603	188.3547	0.1764559	1.744034	2.087187
23958	-1898.325	-2086.698	188.3733	0.1096493	1.712067	2.252572
23964	-1891.498	-2080.426	188.9278	0.1915691	1.813227	1.613677
23970	-1890.441	-2078.808	188.3676	0.1257754	1.731407	2.202661
23976	-1889.674	-2078.05	188.3757	0.1963828	1.665415	2.084231
23982	-1892.695	-2081.166	188.4712	0.176945	1.630378	2.084231
23988	-1878.111	-2066.216	188.1053	0.240712	1.760632	2.116635
23994	-1884.203	-2072.952	188.7495	0.1560455	1.863044	1.786265
24000	-1880.244	-2068.592	188.3475	0.1598014	1.577883	2.235673
24006	-1876.945	-2064.294	187.3491	0.2772237	1.577883	2.652128
24012	-1877.319	-2063.987	186.6674	0.1895445	1.389313	3.319582
24018	-1884.124	-2070.604	186.4805	0.1493637	1.404242	3.497765
24024	-1882.339	-2068.979	186.6401	0.2412008	1.486022	3.191112
24030	-1890.278	-2077.853	187.5745	0.1839579	1.458598	2.745072
24036	-1893.474	-2081.188	187.714	0.2509907	1.769806	2.34542
24042	-1895.624	-2083.317	187.693	0.2148155	1.482847	2.600432
24048	-1892.397	-2080.645	188.2478	0.1938994	1.518404	2.267658
24054	-1880.704	-2069.335	188.6307	0.1921107	1.854984	1.793302
24060	-1886.608	-2075.34	188.7321	0.2123061	1.963	1.602273
24066	-1885.225	-2074.4	189.1751	0.1850804	1.963	1.327611
24072	-1886.944	-2076.003	189.0588	0.1850804	1.996673	1.392933
24078	-1885.743	-2074.684	188.9418	0.1850804	1.950257	1.517478
24084	-1887.819	-2076.801	188.9823	0.2046992	1.850112	1.51756
24090	-1877.965	-2066.777	188.8126	0.2119042	1.908061	1.584482
24096	-1883.714	-2072.537	188.823	0.2184675	1.781419	1.654979
24102	-1893.951	-2082.612	188.6612	0.2673632	1.812973	1.654979
24108	-1880.112	-2068.292	188.1799	0.2763998	1.586645	2.121809
24114	-1884.9	-2073.051	188.1505	0.2557758	1.637249	2.141872
24120	-1885.574	-2074.034	188.4603	0.2093685	1.736417	1.955284
24126	-1880.757	-2069.4	188.6436	0.28679	1.747112	1.680584
24132	-1887.31	-2075.888	188.5783	0.2521687	1.892017	1.685421
24138	-1877.732	-2066.476	188.7434	0.2115076	1.876562	1.658112
24144	-1886.509	-2075.158	188.6491	0.2115076	1.725776	1.829995
24150	-1902.841	-2090.229	187.3888	0.2927816	1.601402	2.589952
24156	-1901.512	-2089.044	187.5326	0.2647544	1.50588	2.602405
24162	-1891.166	-2080.123	188.9574	0.1519723	1.923079	1.606203
24168	-1899.261	-2088.611	189.3497	0.1160958	1.8529	1.466279
24174	-1884.498	-2073.226	188.728	0.266735	1.872172	1.564712
24180	-1882.857	-2071.883	189.0266	0.178913	1.865987	1.53152
24186	-1893.58	-2081.741	188.1613	0.3219001	1.795226	1.924985
24192	-1885.663	-2073.568	187.905	0.3077672	1.595144	2.246341
24198	-1897.098	-2085.155	188.0566	0.2577905	1.685563	2.168142
24204	-1897.517	-2085.274	187.7573	0.2597245	1.657161	2.375105
24210	-1886.008	-2074.408	188.4006	0.3650319	1.887383	1.630101
24216	-1886.373	-2075.23	188.8573	0.290434	2.017505	1.309385
24222	-1881.978	-2070.689	188.7113	0.2294841	2.060388	1.510131
24228	-1877.166	-2066.101	188.9349	0.1772864	1.912812	1.568527
24234	-1882.156	-2070.582	188.4268	0.4126504	2.030348	1.434962
24240	-1881.965	-2070.887	188.9221	0.2500235	1.895907	1.433358
24246	-1878.717	-2066.854	188.1369	0.3816838	1.844292	1.82243
24252	-1867.877	-2056.425	188.5487	0.3185493	1.870517	1.607147
24258	-1878.835	-2067.555	188.7206	0.2959604	1.96511	1.447517
24264	-1888.378	-2077.55	189.1718	0.1953627	1.906658	1.34992
24270	-1883.594	-2072.727	189.1324	0.2078687	1.981369	1.291615
24276	-1876.566	-2065.465	188.8992	0.2078687	1.985579	1.471216
24282	-1885.304	-2074.346	189.0426	0.2183923	1.871378	1.425759
24288	-1871.995	-2060.849	188.8544	0.2316602	1.871378	1.539894
24294	-1889.228	-2077.945	188.7162	0.2340167	1.85922	1.644774
24300	-1907.962	-2096.974	189.0121	0.1799686	2.060248	1.392347
24306	-1897.851	-2087.207	189.3558	0.1661133	1.761465	1.392347
24312	-1878.601	-2067.501	188.9001	0.2365957	1.931556	1.450243
24318	-1884.435	-2073.378	188.9434	0.2510436	1.849913	1.450243
24324	-1882.278	-2070.981	188.7023	0.3100313	1.985186	1.421167
24330	-1892.053	-2081.015	188.962	0.2762988	2.004317	1.262411
24336	-1887.353	-2076.314	188.9612	0.3240852	2.019849	1.154841
24342	-1880.356	-2069.264	188.9085	0.3030855	2.066236	1.201601
24348	-1886.26	-2075.185	188.9247	0.3030855	2.125269	1.135828
24354	-1886.028	-2075.034	189.0061	0.210245	2.024709	1.352785
24360	-1886.289	-2074.71	188.4211	0.2805452	1.931828	1.718021
24366	-1874.739	-2063.085	188.346	0.3038099	1.807322	1.818696
24372	-1888.643	-2076.767	188.1247	0.3483287	1.721255	1.960879
24378	-1897.261	-2085.832	188.5707	0.1849823	1.671008	1.974374
24384	-1886.323	-2074.912	188.5883	0.1849823	1.695493	1.946172
24390	-1889.947	-2077.782	187.8351	0.2615844	1.546526	2.392872
24396	-1889.173	-2077.866	188.693	0.2410886	1.698716	1.761366
24402	-1896.236	-2084.562	188.3254	0.250207	1.795226	1.930741
24408	-1888.33	-2077.041	188.7106	0.2190792	1.955072	1.609554
24414	-1893.114	-2082.129	189.0152	0.2579247	2.066137	1.204473
24420	-1888.354	-2077.146	188.7924	0.3594914	2.021728	1.23323
24426	-1884.992	-2074.118	189.1251	0.2242466	2.012409	1.23323
24432	-1893.434	-2082.057	188.6228	0.2261192	1.828128	1.748483
24438	-1885.28	-2073.605	188.3253	0.2261192	1.83922	1.944909
24444	-1883.591	-2071.697	188.1058	0.2010676	1.741719	2.201347
24450	-1889.585	-2077.903	188.3178	0.2442823	1.841951	1.914844
24456	-1887.884	-2075.596	187.7122	0.2461997	1.757974	2.362069
24462	-1886.571	-2074.356	187.785	0.2461997	1.620641	2.402872
24468	-1884.26	-2071.817	187.5561	0.281725	1.690051	2.446791
24474	-1889.373	-2077.627	188.2539	0.2724194	1.650447	2.037577
24480	-1895.099	-2083.17	188.0706	0.2615511	1.665117	2.166121
24486	-1882.514	-2070.958	188.4441	0.2865927	1.775853	1.800685
24492	-1880.919	-2069.318	188.399	0.2785677	1.770511	1.848848
24498	-1879.539	-2067.928	188.3884	0.2470195	1.817549	1.878594
24504	-1881.6	-2070.207	188.6063	0.2725546	1.975555	1.56751
24510	-1881.915	-2070.317	188.4021	0.3176765	1.847089	1.729984
24516	-1882.876	-2071.237	188.3612	0.2486368	1.613125	2.031364
24522	-1884.788	-2072.858	188.07	0.3060005	1.76353	2.031364
24528	-1887.002	-2074.873	187.8705	0.357267	1.657693	2.158374
24534	-1885.03	-2072.956	187.9254	0.3441575	1.634368	2.155747
24540	-1881.201	-2069.104	187.9029	0.2797069	1.54854	2.319959
24546	-1882.491	-2070.339	187.8481	0.3245989	1.54854	2.288421
24552	-1881.883	-2070.178	188.295	0.213395	1.596444	2.149395
24558	-1879.113	-2067.564	188.4519	0.2899274	1.937353	1.676292
24564	-1879.855	-2068.842	188.9868	0.2046375	1.985936	1.411125
24570	-1874.849	-2063.619	188.7697	0.3068017	1.938206	1.411125
24576	-1876.488	-2065.234	188.7456	0.2876622	1.927567	1.472067
24582	-1878.428	-2067.188	188.7597	0.2876622	1.913018	1.47237
24588	-1888.717	-2077.749	189.0323	0.24127	1.997452	1.284088
24594	-1884.076	-2073.108	189.0322	0.2024542	2.085737	1.301206
24600	-1876.628	-2065.453	188.8247	0.3100067	2.085737	1.242601
24606	-1879.03	-2067.846	188.8159	0.2655308	2.03544	1.376621
24612	-1885.408	-2074.542	189.1335	0.2242583	2.151632	1.104127
24618	-1884.567	-2073.571	189.0036	0.3165288	1.911852	1.225944
24624	-1894.96	-2082.81	187.85	0.4113297	1.656432	2.102586
24630	-1887.058	-2074.312	187.2544	0.2831417	1.610101	2.681751
24636	-1885.305	-2072.218	186.9128	0.3575935	1.489321	2.862148
24642	-1882.758	-2069.98	187.2217	0.2000864	1.423086	2.950639
24648	-1892.663	-2079.751	187.0875	0.3063126	1.499161	2.818147
24654	-1899.062	-2085.597	186.5347	0.1933762	1.448884	3.355694
24660	-1887.945	-2075.44	187.4954	0.2239493	1.448644	2.727175
24666	-1886.001	-2073.32	187.3194	0.2200279	1.528005	2.792954
24672	-1880.448	-2067.956	187.5074	0.2509493	1.49537	2.646355
24678	-1882.91	-2070.827	187.9171	0.2509493	1.506678	2.383544
24684	-1886.731	-2074.813	188.083	0.2595474	1.530233	2.248593
24690	-1893.444	-2080.926	187.4817	0.1870314	1.506121	2.766895
24696	-1879.676	-2066.662	186.9864	0.2395418	1.438169	3.015916
24702	-1888.672	-2075.491	186.8193	0.3052984	1.436411	3.019276
24708	-1874.637	-2061.795	187.1584	0.21319	1.406246	2.975761
24714	-1882.291	-2070.323	188.0318	0.2678982	1.584395	2.233063
24720	-1887.245	-2075.493	188.2485	0.2678982	1.760532	1.975354
24726	-1888.59	-2077.292	188.7019	0.2858857	1.937253	1.500915
24732	-1891.037	-2080.028	188.9908	0.2649451	1.84045	1.393474
24738	-1893.763	-2082.616	188.8524	0.2445782	1.856754	1.526427
24744	-1894.309	-2082.888	188.5789	0.2764107	2.049014	1.526427
24750	-1890.76	-2079.531	188.7712	0.2886846	1.827024	1.526427
24756	-1890.023	-2078.575	188.5522	0.2519328	1.794936	1.772521
24762	-1884.459	-2072.963	188.5045	0.2718744	1.97857	1.64054
24768	-1890.36	-2078.327	187.9677	0.2537569	1.881383	2.105179
24774	-1880.516	-2068.205	187.6888	0.3270234	1.549697	2.385585
24780	-1877.332	-2064.673	187.3413	0.3270234	1.570888	2.589839
24786	-1882.453	-2070.713	188.2599	0.3359248	1.698145	1.90313
24792	-1882.875	-2071.281	188.4068	0.2965717	1.84641	1.761113
24798	-1890.958	-2079.652	188.6942	0.3295799	1.974147	1.402119
24804	-1877.359	-2065.662	188.3033	0.3999854	1.888781	1.649095
24810	-1878.621	-2067.048	188.4267	0.3008907	1.884006	1.713674
24816	-1878.216	-2066.846	188.6303	0.3008907	1.785757	1.638575
24822	-1886.793	-2075.643	188.8495	0.3008907	1.946295	1.352978
24828	-1887.204	-2075.934	188.7293	0.3264445	1.909671	1.430205
24834	-1879.516	-2068.402	188.8853	0.2670611	1.893225	1.430205
24840	-1874.273	-2062.81	188.5362	0.3337695	1.95672	1.528389
24846	-1880.208	-2068.844	188.6367	0.2624172	1.869184	1.641182
24852	-1882.786	-2071.476	188.69	0.2137061	1.878803	1.690067
24858	-1881.391	-2070.145	188.7546	0.2086042	1.723114	1.764602
24864	-1893.992	-2081.704	187.7121	0.178263	1.595164	2.587456
24870	-1882.844	-2070.285	187.4402	0.231708	1.709208	2.587456
24876	-1879.936	-2068.511	188.5756	0.1933525	1.950005	1.762852
24882	-1889.097	-2077.882	188.7848	0.1888826	1.875088	1.677892
24888	-1883.075	-2071.548	188.4731	0.2143585	1.790282	1.900535
24894	-1872.504	-2061.37	188.8664	0.1644395	1.833942	1.704819
24900	-1866.597	-2054.906	188.3091	0.1748115	1.655429	2.178275
24906	-1868.684	-2056.094	187.41	0.2388053	1.621266	2.648572
24912	-1882.491	-2070.04	187.5492	0.1693972	1.476522	2.778077
24918	-1879.558	-2067.641	188.0831	0.1782223	1.555556	2.380022
24924	-1877.025	-2065.159	188.1337	0.2680689	1.764355	2.048925
24930	-1881.825	-2070.372	188.547	0.1532552	1.663792	2.064311
24936	-1877.073	-2065.829	188.7556	0.237263	1.836743	1.626266
24942	-1875.575	-2063.861	188.2864	0.237263	1.796663	1.97907
24948	-1884.785	-2073.389	188.6044	0.1918	1.803828	1.847322
24954	-1886.236	-2075.029	188.793	0.244243	1.7893	1.620028
24960	-1898.592	-2087.083	188.4906	0.2965469	1.880667	1.67795
24966	-1887.889	-2076.377	188.4883	0.2356713	1.968236	1.726096
24972	-1895.116	-2082.848	187.7321	0.2262616	1.721892	2.40645
24978	-1891.841	-2079.444	187.6032	0.2548639	1.774222	2.40645
24984	-1886.959	-2075.615	188.6559	0.2202641	1.823515	1.739952
24990	-1884.44	-2073.211	188.7706	0.2202641	1.986174	1.540417
24996	-1900.84	-2089.777	188.9369	0.2202641	1.962999	1.432537
25002	-1895.092	-2084.141	189.0488	0.3093571	2.131322	0.9997673
25008	-1897.589	-2086.61	189.0214	0.2773433	2.155665	1.075757
25014	-1884.233	-2073.406	189.1734	0.2140986	2.076021	1.161803
25020	-1891.978	-2081.328	189.3496	0.1804289	2.001305	1.161803
25026	-1897.71	-2086.821	189.1108	0.2277724	2.120626	1.143692
25032	-1890.215	-2079.021	188.8065	0.1898174	1.82305	1.6974
25038	-1884.987	-2073.63	188.643	0.237871	1.95156	1.623451
25044	-1881.247	-2070.235	188.9883	0.2070736	2.065525	1.341786
25050	-1889.147	-2077.751	188.6038	0.3030721	2.065525	1.447366
25056	-1896.88	-2085.552	188.6719	0.2774466	2.065525	1.441985
25062	-1894.855	-2083.706	188.8509	0.1425076	2.045726	1.618822
25068	-1885.642	-2074.664	189.0218	0.2003782	2.045726	1.346624
25074	-1902.81	-2091.465	188.6553	0.2321743	2.081539	1.530627
25080	-1894.379	-2082.491	188.1123	0.2534474	1.655381	2.158827
25086	-1899.7	-2086.945	187.2447	0.2241726	1.530385	2.829826
25092	-1890.108	-2077.944	187.8362	0.2443319	1.522875	2.435328
25098	-1874.855	-2062.823	187.9685	0.2236318	1.520476	2.388965
25104	-1880.751	-2067.96	187.209	0.2662634	1.36047	2.886881
25110	-1882.9	-2070.283	187.3838	0.266492	1.540116	2.670428
25116	-1885.717	-2073.267	187.55	0.2474635	1.45613	2.649924
25122	-1884.42	-2070.857	186.4369	0.2474635	1.40797	3.347377
25128	-1877.004	-2064.833	187.8287	0.2543335	1.638644	2.350393
25134	-1883.299	-2071.821	188.5216	0.2182455	1.715256	1.910978
25140	-1882.584	-2070.968	188.3845	0.1847226	1.641219	2.117891
25146	-1887.601	-2076.686	189.0851	0.1953497	1.828616	1.477446
25152	-1882.078	-2070.976	188.898	0.1860414	1.781464	1.670179
25158	-1891.019	-2079.801	188.7818	0.2914464	1.867932	1.482973
25164	-1898.041	-2086.624	188.5834	0.2814282	1.811192	1.686984
25170	-1908.914	-2092.636	183.7218	0.258097	1.20176	4.994277
25176	-1885.582	-2071.759	186.1768	0.2228283	1.255674	3.627107
25182	-1906.879	-2092.882	186.0029	0.2351307	1.356838	3.649635
25188	-1897.034	-2082.921	185.8873	0.2658775	1.397655	3.646427
25194	-1892.544	-2080.778	188.2347	0.2658775	1.560421	2.120261
25200	-1890.595	-2078.412	187.8172	0.3501796	1.784237	2.120261
25206	-1894.184	-2082.258	188.0738	0.2080664	1.665208	2.257984
25212	-1886.859	-2074.55	187.6901	0.242175	1.60715	2.477754
25218	-1874.759	-2062.42	187.6607	0.2501278	1.628227	2.469847
25224	-1887.853	-2075.395	187.5428	0.2501278	1.657782	2.525088
25230	-1890.009	-2077.445	187.4357	0.2501278	1.60405	2.624854
25236	-1895.88	-2083.401	187.5207	0.2501278	1.519013	2.624854
25242	-1890.501	-2076.606	186.1044	0.2273234	1.406381	3.574383
25248	-1890.771	-2075.868	185.0972	0.2649102	1.256035	4.182047
25254	-1897.522	-2082.886	185.3641	0.2583564	1.241075	4.048117
25260	-1894.945	-2080.465	185.5203	0.2753497	1.393029	3.847249
25266	-1892.109	-2078.519	186.4092	0.263339	1.356661	3.369739
25272	-1893.231	-2079.388	186.1569	0.2256413	1.458132	3.516451
25278	-1881.336	-2067.482	186.1453	0.2309014	1.455105	3.516451
25284	-1882.804	-2069.179	186.3744	0.2240328	1.488768	3.373899
25290	-1883.87	-2070.246	186.3758	0.2240328	1.32901	3.466643
25296	-1878.997	-2064.649	185.6522	0.2096006	1.299664	3.925882
25302	-1893.456	-2079.188	185.7325	0.1830435	1.299664	3.925882
25308	-1903.667	-2089.183	185.5158	0.1923339	1.30513	4.030191
25314	-1895.512	-2082.184	186.6723	0.2418315	1.251386	3.30976
25320	-1892.378	-2079.4	187.0221	0.2122256	1.482901	3.013222
25326	-1898.419	-2084.718	186.2989	0.1638713	1.322268	3.622209
25332	-1889.727	-2077.185	187.4578	0.170771	1.727023	2.677958
25338	-1891.124	-2079.051	187.9269	0.170771	1.618492	2.453979
25344	-1886.097	-2073.924	187.8273	0.171334	1.716218	2.453979
25350	-1889.36	-2077.726	188.3654	0.1881505	1.823488	2.003099
25356	-1883.275	-2072.281	189.0057	0.1726566	1.926779	1.516838
25362	-1905.133	-2093.793	188.6605	0.2743273	1.956105	1.538689
25368	-1905.253	-2094.392	189.1393	0.2320128	1.956105	1.250527
25374	-1886.565	-2075.43	188.8659	0.2320128	1.959138	1.464769
25380	-1892.614	-2081.335	188.7218	0.2311586	1.877781	1.633026
25386	-1882.573	-2071.409	188.8353	0.2146298	1.803141	1.638401
25392	-1899.736	-2088.417	188.6812	0.2134083	1.803141	1.7502
25398	-1892.034	-2080.039	188.0054	0.2315386	1.780739	2.184756
25404	-1899.902	-2088.42	188.5179	0.2438291	1.565505	1.9671
25410	-1898.499	-2086.093	187.5939	0.2739379	1.689589	2.435301
25416	-1907.95	-2096.073	188.1226	0.2624106	1.716414	2.097176
25422	-1903.05	-2091.025	187.9746	0.2465922	1.619467	2.282431
25428	-1895.456	-2082.844	187.3877	0.2778205	1.617388	2.603023
25434	-1887.647	-2075.884	188.2362	0.2118522	1.535437	2.229924
25440	-1882.035	-2069.89	187.8546	0.2131423	1.571335	2.447445
25446	-1887.775	-2075.32	187.5452	0.2117736	1.416325	2.737672
25452	-1880.351	-2068.496	188.1448	0.2110924	1.675367	2.200035
25458	-1891.706	-2079.794	188.0876	0.3145728	1.58993	2.12124
25464	-1884.685	-2070.966	186.2813	0.2267633	1.323968	3.520284
25470	-1885.743	-2072.188	186.4456	0.2352665	1.435554	3.345204
25476	-1901.854	-2089.057	187.2026	0.2007558	1.387451	2.982365
25482	-1896.629	-2084.148	187.5189	0.2256095	1.620882	2.603852
25488	-1888.986	-2075.659	186.6724	0.2236411	1.620882	3.120361
25494	-1887.206	-2074.743	187.5362	0.2236411	1.572008	2.626801
25500	-1891.451	-2078.704	187.253	0.2236411	1.589439	2.789779
25506	-1912.604	-2098.972	186.3675	0.4274013	1.552347	3.070145
25512	-1905.013	-2094.161	189.1473	0.2318877	2.287312	0.9365215
25518	-1890.388	-2079.509	189.1209	0.2376097	2.324511	0.9077296
25524	-1895.052	-2084.407	189.3543	0.2032949	2.324511	0.7315638
25530	-1899.957	-2088.778	188.8209	0.2160087	1.948274	1.540164
25536	-1881.759	-2070.806	189.0467	0.2149059	2.158862	1.197892
25542	-1876.252	-2065.266	189.0143	0.1952368	2.247165	1.199611
25548	-1880.859	-2070.032	189.1728	0.1719287	2.225738	1.143897
25554	-1889.829	-2079.079	189.2502	0.2078496	2.338704	0.8374
25560	-1887.68	-2076.76	189.0805	0.2465934	2.329062	0.9208817
25566	-1885.736	-2074.955	189.2186	0.2180424	2.256198	0.9347494
25572	-1888.765	-2077.763	188.9978	0.2605718	2.253084	1.045574
25578	-1893.822	-2082.787	188.9649	0.2743404	2.197984	1.095799
25584	-1883.193	-2072.345	189.1524	0.2199539	2.074135	1.167225
25590	-1885.992	-2075.262	189.27	0.1780781	1.990933	1.24518
25596	-1879.498	-2068.787	189.2893	0.1934315	1.923747	1.24518
25602	-1887.635	-2076.939	189.3036	0.1662647	2.040797	1.207164
25608	-1883.196	-2072.12	188.924	0.1719765	1.97878	1.540509
25614	-1889.559	-2078.181	188.6229	0.2473292	2.059924	1.540509
25620	-1893.262	-2082.518	189.2557	0.2094941	2.264329	0.912243
25626	-1890.556	-2079.913	189.3567	0.1929689	2.35097	0.7349729
25632	-1889.703	-2078.998	189.295	0.1841971	2.35097	0.8550813
25638	-1897.68	-2086.966	189.2868	0.1831544	2.240445	0.98868
25644	-1895.099	-2082.234	187.135	0.2240597	1.526642	2.898733
25650	-1893.485	-2080.578	187.0938	0.228839	1.55462	2.898733
25656	-1877.069	-2065.019	187.9501	0.1674652	1.641825	2.431587
25662	-1882.239	-2069.971	187.7328	0.1647415	1.53293	2.640399
25668	-1894.49	-2082.935	188.445	0.1490253	1.656103	2.145928
25674	-1873.188	-2061.485	188.2961	0.1600928	1.766745	2.145928
25680	-1889.343	-2077.915	188.5725	0.163912	1.743881	1.970006
25686	-1890.299	-2078.706	188.4064	0.163912	1.899569	1.976937
25692	-1880.014	-2068.43	188.4166	0.163912	1.78465	2.046613
25698	-1874.743	-2062.589	187.8452	0.1777629	1.667489	2.460341
25704	-1878.977	-2066.913	187.9358	0.1655229	1.616789	2.460341
25710	-1891.693	-2079.888	188.1957	0.1710247	1.72705	2.213301
25716	-1901.927	-2089.25	187.3232	0.1710247	1.327565	3.001596
25722	-1885.36	-2072.161	186.8019	0.2310381	1.352544	3.190646
25728	-1889.009	-2075.915	186.9061	0.2632208	1.289453	3.115878
25734	-1890.831	-2078.596	187.7649	0.2109185	1.547443	2.522615
25740	-1880.537	-2068.41	187.8731	0.2437489	1.5637	2.387319
25746	-1891.208	-2079.881	188.6729	0.2032454	1.610449	1.908977
25752	-1901.47	-2090.243	188.7731	0.1720279	1.673168	1.863975
25758	-1896.278	-2084.724	188.4453	0.175851	1.659707	2.084283
25764	-1888.38	-2076.628	188.2476	0.2468805	1.659707	2.078704
25770	-1883.96	-2072.229	188.2687	0.2842618	1.709857	1.968829
25776	-1889.223	-2077.587	188.3643	0.2801815	1.853441	1.812938
25782	-1880.086	-2068.887	188.8003	0.2473746	1.609989	1.736634
25788	-1886.152	-2074.936	188.7839	0.3156949	1.728188	1.543827
25794	-1876.6	-2065.563	188.9631	0.175481	1.940978	1.531126
25800	-1876.618	-2065.536	188.9184	0.2231626	2.052228	1.371243
25806	-1880.173	-2069.337	189.1644	0.255836	2.052228	1.089248
25812	-1882.795	-2071.993	189.1985	0.1837936	2.18874	1.120046
25818	-1891.783	-2080.995	189.2126	0.1970799	2.039577	1.202764
25824	-1889.158	-2078.426	189.2682	0.2161398	2.016372	1.125403
25830	-1878.16	-2067.096	188.9359	0.2118412	2.037473	1.394294
25836	-1883.292	-2072.217	188.9256	0.298822	2.005791	1.246646
25842	-1899.089	-2088.221	189.1319	0.1884652	1.872393	1.424438
25848	-1890.118	-2079.002	188.8835	0.2568784	2.064465	1.317269
25854	-1885.395	-2073.988	188.5926	0.237524	1.701879	1.835303
25860	-1885.121	-2073.831	188.7101	0.2445148	1.841561	1.641605
25866	-1877.013	-2066.344	189.331	0.1911956	2.046658	1.107888
25872	-1877.411	-2066.386	188.9754	0.2673356	2.046658	1.23453
25878	-1884.862	-2073.596	188.734	0.3024453	1.915359	1.463673
25884	-1880.808	-2069.214	188.4066	0.3024453	1.901736	1.712786
25890	-1885.164	-2073.853	188.6885	0.3040574	1.773844	1.599779
25896	-1888.412	-2077.306	188.8934	0.2497626	1.702321	1.599779
25902	-1886.749	-2075.67	188.9211	0.2749112	2.03349	1.274899
25908	-1891.793	-2080.901	189.1084	0.1715909	2.03349	1.358886
25914	-1880.631	-2069.345	188.7142	0.200632	1.800724	1.754987
25920	-1891.377	-2080.292	188.9153	0.2136481	1.802087	1.58318
25926	-1883.895	-2073.039	189.1443	0.160981	1.986871	1.394889
25932	-1880.592	-2069.65	189.0587	0.2403122	2.090881	1.185497
25938	-1895.665	-2084.722	189.0568	0.2349762	2.093578	1.197195
25944	-1890.124	-2079.362	189.238	0.2254792	1.916873	1.215676
25950	-1881.442	-2070.47	189.0278	0.2179487	1.875047	1.435331
25956	-1877.362	-2066.455	189.093	0.2498193	2.007722	1.20589
25962	-1880.328	-2069.453	189.1246	0.2058913	2.113712	1.192196
25968	-1887.463	-2076.649	189.1861	0.2065696	2.050227	1.192196
25974	-1891.167	-2080.351	189.1841	0.1772375	1.913448	1.379434
25980	-1890.843	-2079.841	188.9984	0.2481802	1.905629	1.370232
25986	-1904.275	-2093.308	189.0327	0.2115285	1.878693	1.442831
25992	-1903.457	-2092.313	188.8565	0.2208571	1.938856	1.510469
25998	-1891.141	-2080.395	189.2537	0.182787	1.935235	1.292346
26004	-1897.321	-2086.488	189.1669	0.1832453	2.020592	1.292346
26010	-1898.934	-2088.157	189.2229	0.1832453	2.045547	1.225166
26016	-1906.202	-2095.391	189.189	0.2015597	2.045547	1.206397
26022	-1898.078	-2087.109	189.0302	0.2204593	2.020593	1.313419
26028	-1875.782	-2064.859	189.0773	0.2204166	2.031941	1.265725
26034	-1889.862	-2079.112	189.2507	0.1606875	2.125968	1.195584
26040	-1891.79	-2081.095	189.305	0.1924255	2.017018	1.15443
26046	-1893.731	-2082.326	188.5949	0.3078842	2.008305	1.489141
26052	-1888.11	-2077.078	188.9675	0.1913193	1.943036	1.489141
26058	-1878.676	-2067.451	188.775	0.2143053	1.8878	1.621513
26064	-1870.997	-2059.81	188.8133	0.26158	2.001208	1.413074
26070	-1873.167	-2062.161	188.9941	0.2160918	1.993313	1.373752
26076	-1878.094	-2066.159	188.0645	0.237622	1.777167	2.137873
26082	-1889.147	-2077.231	188.084	0.2955734	1.706418	2.075916
26088	-1881.644	-2069.496	187.8517	0.2570011	1.706418	2.288129
26094	-1874.363	-2061.641	187.2779	0.2478724	1.594006	2.731661
26100	-1871.923	-2059.812	187.8887	0.1982479	1.5494	2.467329
26106	-1882.488	-2071.011	188.5226	0.1982479	1.708157	1.954503
26112	-1883.883	-2072.112	188.2286	0.3311082	1.656406	1.959496
26118	-1891.483	-2079.746	188.2626	0.2821635	1.697675	1.984439
26124	-1889.833	-2077.13	187.2971	0.307861	1.544929	2.659737
26130	-1889.162	-2076.323	187.1616	0.2379884	1.301828	2.995098
26136	-1887.759	-2073.981	186.222	0.2203093	1.336838	3.557846
26142	-1898.219	-2087.226	189.0074	0.2922928	2.510029	0.4357659
26148	-1906.347	-2095.288	188.9409	0.1990568	2.788558	0.3652558
26154	-1896.226	-2083.301	187.0745	0.2963084	1.373252	2.91637
26160	-1890.085	-2077.949	187.8647	0.2556285	1.709747	2.279948
26166	-1894.349	-2081.907	187.5582	0.206679	1.443622	2.722082
26172	-1890.031	-2077.913	187.8823	0.3229962	1.603759	2.233262
26178	-1882.05	-2070.115	188.0648	0.3025022	1.69177	2.087507
26184	-1878.837	-2066.612	187.7754	0.2417441	1.399815	2.554648
26190	-1884.543	-2072.21	187.6666	0.2417441	1.585503	2.506708
26196	-1877.591	-2064.453	186.862	0.2444395	1.492629	3.049964
26202	-1891.593	-2078.546	186.9532	0.2288046	1.388405	3.082977
26208	-1879.502	-2067.23	187.7281	0.2288046	1.573647	2.497635
26214	-1893.888	-2082.372	188.484	0.2171206	1.719257	1.93586
26220	-1886.65	-2075.039	188.3896	0.2483941	1.727607	1.936244
26226	-1885.262	-2073.818	188.5564	0.2290251	1.837348	1.78271
26232	-1879.468	-2067.809	188.3404	0.2764567	1.781606	1.884808
26238	-1880.466	-2068.327	187.8605	0.2279856	1.52205	2.448385
26244	-1874.966	-2062.799	187.8337	0.2457266	1.669225	2.342021
26250	-1880.446	-2068.264	187.8174	0.2678243	1.741602	2.269981
26256	-1882.274	-2070.768	188.4941	0.2392277	1.719028	1.887796
26262	-1881.81	-2070.599	188.7889	0.2803993	1.978981	1.412978
26268	-1877.301	-2066.212	188.9112	0.2196464	1.855982	1.533995
26274	-1882.681	-2072.034	189.3527	0.2048302	1.995814	1.097119
26280	-1886.625	-2075.743	189.1186	0.2048302	1.913216	1.364459
26286	-1891.236	-2080.45	189.2143	0.2018165	1.937751	1.27483
26292	-1891.952	-2079.96	188.0089	0.2191382	1.646965	2.29088
26298	-1886.239	-2074.493	188.2544	0.2290932	1.608768	2.139001
26304	-1882.929	-2070.252	187.3236	0.243175	1.516186	2.758874
26310	-1890.968	-2079	188.0326	0.3031568	1.733809	2.080096
26316	-1898.249	-2085.892	187.6432	0.2991629	1.640333	2.397091
26322	-1898.157	-2086.918	188.7611	0.2771006	1.771413	1.595397
26328	-1898.055	-2086.404	188.3488	0.3217675	1.936564	1.698004
26334	-1875.673	-2063.854	188.1813	0.2129002	1.655498	2.185834
26340	-1874.974	-2063.105	188.131	0.2246925	1.672422	2.185834
26346	-1880.204	-2068.599	188.395	0.2031599	1.756911	1.997447
26352	-1881.627	-2070.462	188.835	0.1676742	1.962026	1.628118
26358	-1889.017	-2078.039	189.0222	0.1823256	1.962026	1.45452
26364	-1887.372	-2076.083	188.7113	0.2966244	1.716965	1.637001
26370	-1872.16	-2061.453	189.2929	0.179592	1.958417	1.249184
26376	-1880.174	-2069.426	189.2513	0.1689241	2.015325	1.265158
26382	-1874.28	-2063.409	189.1291	0.1994051	2.225828	1.105929
26388	-1875.077	-2064.366	189.289	0.2394823	2.223724	0.8218215
26394	-1880.617	-2069.72	189.1033	0.2547079	2.39953	0.781746
26400	-1874.825	-2064.113	189.2875	0.1911181	2.394023	0.781746
26406	-1866.732	-2055.805	189.073	0.2341343	2.328263	0.9652177
26412	-1872.843	-2062.056	189.213	0.1804886	2.300059	1.011253
26418	-1879.094	-2068.254	189.16	0.1758709	2.390199	0.9888535
26424	-1879.801	-2068.881	189.08	0.202513	2.387991	0.9888535
26430	-1874.021	-2063.257	189.2361	0.1824925	2.370484	0.9068305
26436	-1888.684	-2077.519	188.8343	0.2049766	2.252559	1.320298
26442	-1880.788	-2069.599	188.8114	0.222384	1.994416	1.499393
26448	-1887.305	-2076.282	188.9768	0.2270815	2.065564	1.305214
26454	-1878.607	-2067.275	188.6675	0.2270815	2.065564	1.543851
26460	-1877.163	-2066.088	188.9256	0.1912862	1.969642	1.500713
26466	-1880.099	-2068.845	188.7456	0.2107526	1.981674	1.582071
26472	-1892.626	-2080.671	188.0444	0.2746589	1.782341	2.085169
26478	-1901.328	-2088.161	186.8331	0.1818808	1.676338	3.06535
26484	-1896.738	-2084.867	188.1292	0.3519359	1.668441	1.988108
26490	-1890.538	-2078.655	188.1168	0.2675132	1.63661	2.144798
26496	-1885.649	-2073.797	188.1474	0.2991478	1.661268	2.058328
26502	-1874.456	-2061.633	187.1763	0.2446185	1.414186	2.90794
26508	-1885.098	-2072.054	186.9556	0.2806514	1.543517	2.90794
26514	-1870.688	-2057.577	186.8892	0.2806514	1.495635	2.976742
26520	-1879.036	-2066.058	187.0221	0.2541112	1.429286	2.976742
26526	-1873.384	-2060.673	187.2894	0.19254	1.3348	2.976742
26532	-1870.567	-2057.461	186.8949	0.2995303	1.479347	2.95609
26538	-1876.897	-2063.779	186.882	0.2980192	1.406629	3.009655
26544	-1875.666	-2063.714	188.0487	0.2224958	1.535693	2.330441
26550	-1877.68	-2066.116	188.4362	0.2210922	1.725218	1.956447
26556	-1885.638	-2074.441	188.803	0.250949	1.88327	1.530925
26562	-1887.416	-2076.65	189.234	0.255831	2.007953	1.065659
26568	-1898.499	-2087.475	188.9758	0.2055848	1.86742	1.507519
26574	-1891.034	-2079.86	188.8261	0.3077607	1.752831	1.507519
26580	-1901.078	-2090.064	188.9854	0.2108052	1.86856	1.488027
26586	-1881.863	-2070.416	188.5525	0.2913364	1.720589	1.755871
26592	-1886.09	-2074.632	188.5419	0.2860764	1.716323	1.774961
26598	-1883.784	-2072.507	188.7233	0.2673346	1.804328	1.616495
26604	-1890.712	-2079.268	188.5558	0.2612054	1.804328	1.746725
26610	-1892.321	-2081.138	188.8167	0.2933813	1.878529	1.444881
26616	-1893.887	-2082.375	188.488	0.2933813	1.781574	1.754951
26622	-1891.326	-2079.666	188.3397	0.3232583	1.794191	1.801728
26628	-1896.464	-2083.983	187.519	0.4047104	1.669076	2.316492
26634	-1877.831	-2065.489	187.6579	0.3119761	1.523063	2.443096
26640	-1900.815	-2088.26	187.445	0.2134887	1.539478	2.720593
26646	-1895.61	-2083.201	187.5909	0.2695645	1.512325	2.554798
26652	-1908.722	-2096.774	188.0513	0.283187	1.634139	2.163957
26658	-1889.078	-2077.052	187.974	0.2215029	1.548338	2.371617
26664	-1891.777	-2079.201	187.4236	0.2343541	1.404607	2.78041
26670	-1897.163	-2085.392	188.2293	0.3253792	1.852246	1.834575
26676	-1887.828	-2076.05	188.2223	0.3253792	1.680128	1.956255
26682	-1895.012	-2083.147	188.1348	0.2191132	1.54797	2.27371
26688	-1891.412	-2079.048	187.6364	0.2403678	1.646467	2.489791
26694	-1903.343	-2090.106	186.7633	0.2386365	1.409378	3.167598
26700	-1881.4	-2068.289	186.8894	0.2386365	1.43264	3.078703
26706	-1881.156	-2068.432	187.2767	0.2620472	1.47002	2.785773
26712	-1891.648	-2079.915	188.2666	0.2824018	1.742558	1.951321
26718	-1883.476	-2071.988	188.5116	0.2596863	1.753736	1.815328
26724	-1885.03	-2073.983	188.9531	0.1710308	1.930125	1.557285
26730	-1890.553	-2079.804	189.2515	0.1929792	1.844123	1.342083
26736	-1890.435	-2078.986	188.5511	0.2547762	1.930119	1.672845
26742	-1890.097	-2079.041	188.9439	0.222818	1.8356	1.518185
26748	-1903.731	-2092.656	188.9246	0.2608944	1.753188	1.518185
26754	-1897.856	-2086.204	188.3481	0.2879939	1.674426	1.933219
26760	-1887.968	-2076.664	188.6957	0.3378563	1.870505	1.466709
26766	-1884.342	-2072.665	188.3227	0.259544	1.756441	1.942453
26772	-1873.691	-2062.124	188.433	0.1970396	1.819327	1.942453
26778	-1887.869	-2076.354	188.4844	0.295602	1.77069	1.761385
26784	-1891.387	-2079.949	188.5628	0.208253	1.764763	1.86891
26790	-1887.804	-2076.337	188.5327	0.2014651	1.634414	1.990676
26796	-1885.247	-2074.239	188.992	0.1607235	1.658869	1.748474
26802	-1894.729	-2083.204	188.4749	0.146276	1.789302	2.045204
26808	-1878.894	-2067.346	188.4523	0.1526875	1.789302	2.045204
26814	-1888.947	-2076.899	187.9521	0.1150144	1.709522	2.507125
26820	-1902.482	-2089.808	187.3265	0.1258932	1.511012	2.98517
26826	-1891.975	-2079.529	187.5533	0.1158417	1.512424	2.871203
26832	-1896.307	-2085.197	188.8901	0.2982009	2.151242	1.153623
26838	-1883.716	-2072.76	189.0442	0.2386651	2.202493	1.103163
26844	-1898.325	-2087.096	188.7711	0.2612397	2.050381	1.408387
26850	-1899.595	-2088.811	189.2159	0.2403818	2.141329	0.9929553
26856	-1895.726	-2084.843	189.117	0.2881058	1.954719	1.147898
26862	-1888.959	-2077.866	188.9067	0.2881058	2.14581	1.164761
26868	-1881.577	-2070.395	188.8179	0.2540236	2.138556	1.316363
26874	-1889.519	-2078.589	189.0696	0.2540236	2.252552	0.9920855
26880	-1891.879	-2081.073	189.1935	0.237941	2.159544	1.003705
26886	-1900.484	-2089.528	189.0448	0.2418413	2.365183	0.9340989
26892	-1895.163	-2084.339	189.176	0.2155422	2.209261	1.03313
26898	-1903.01	-2092.167	189.1572	0.2575006	2.163267	0.9847291
26904	-1905.959	-2095.033	189.0744	0.2575006	1.982845	1.225837
26910	-1897.064	-2085.957	188.8928	0.2351632	2.038799	1.375888
26916	-1891.579	-2080.533	188.954	0.2847211	2.188509	1.091229
26922	-1899.836	-2089.046	189.2099	0.2071357	2.138176	1.091229
26928	-1908.143	-2097.262	189.1188	0.2183365	1.859845	1.375636
26934	-1910.448	-2099.569	189.1209	0.2714399	1.931679	1.199917
26940	-1890.041	-2077.549	187.5083	0.2714399	1.613639	2.54024
26946	-1899.399	-2087.217	187.8186	0.3180408	1.769348	2.174571
26952	-1896.539	-2084.185	187.6453	0.3279113	1.658538	2.342963
26958	-1900.278	-2087.509	187.231	0.3297417	1.639327	2.612046
26964	-1917.777	-2105.455	187.6779	0.233852	1.681348	2.452957
26970	-1906.421	-2094.592	188.1713	0.2346169	1.536128	2.230245
26976	-1907.404	-2095.225	187.8217	0.2826986	1.480561	2.409934
26982	-1899.5	-2087.96	188.4604	0.1853709	1.833246	1.938722
26988	-1892.043	-2080.539	188.4959	0.2680275	1.853134	1.742465
26994	-1899.001	-2087.33	188.3287	0.2554075	1.699562	1.983688
27000	-1902.281	-2090.674	188.3932	0.2554075	1.635107	1.983688
27006	-1921.021	-2109.143	188.122	0.304817	1.876941	1.922484
27012	-1885.994	-2075.14	189.146	0.2693156	2.177752	0.9503752
27018	-1906.015	-2095.251	189.2356	0.2403922	2.190504	0.9208157
27024	-1899.917	-2089.048	189.1305	0.2047465	2.07733	1.221124
27030	-1890.09	-2079.196	189.1063	0.2211175	1.943148	1.312989
27036	-1886.799	-2075.572	188.7738	0.2735724	1.943148	1.464799
27042	-1903.729	-2092.66	188.9312	0.2666874	2.008403	1.303876
27048	-1896.152	-2085.05	188.8978	0.2666874	1.921013	1.39974
27054	-1913.27	-2101.77	188.4999	0.1731216	1.665535	2.050252
27060	-1904.022	-2093.045	189.0222	0.2677587	2.117385	1.131722
27066	-1893.282	-2082.022	188.7409	0.374242	2.027307	1.246438
27072	-1880.109	-2069.182	189.0729	0.241266	1.915023	1.318061
27078	-1880.825	-2069.76	188.9348	0.2341447	2.025844	1.355139
27084	-1878.527	-2067.425	188.8979	0.2701927	1.968951	1.355139
27090	-1877.379	-2066.399	189.0198	0.2701927	2.140773	1.107288
27096	-1877.24	-2066.287	189.0472	0.2701927	2.11343	1.107288
27102	-1886.373	-2075.286	188.9122	0.2795832	2.204416	1.126171
27108	-1888.87	-2077.662	188.7921	0.2644078	2.050047	1.386027
27114	-1888.401	-2077.644	189.243	0.2319612	1.878954	1.228406
27120	-1888.957	-2078.056	189.0991	0.223596	2.047137	1.227445
27126	-1877.549	-2066.7	189.1518	0.2023229	1.976182	1.293375
27132	-1881.043	-2070.179	189.1367	0.2394992	1.886331	1.293375
27138	-1873.251	-2062.359	189.1084	0.2587048	1.888169	1.273905
27144	-1879.033	-2067.949	188.9161	0.221919	1.885588	1.503445
27150	-1882.662	-2070.846	188.1842	0.2961926	1.781877	1.958181
27156	-1884.672	-2072.858	188.186	0.2673398	1.800548	1.991326
27162	-1877.482	-2065.292	187.8097	0.2151422	1.62562	2.437977
27168	-1875.714	-2063.857	188.1432	0.1861233	1.710263	2.226915
27174	-1887.526	-2075.094	187.5674	0.3105805	1.690316	2.396762
27180	-1890.218	-2077.763	187.5453	0.3050599	1.690316	2.418666
27186	-1890.703	-2079.148	188.4449	0.2147952	1.908057	1.838526
27192	-1875.373	-2063.74	188.3678	0.2199547	1.674012	2.038345
27198	-1884.482	-2072.255	187.7733	0.2263676	1.711236	2.386942
27204	-1883.034	-2071.01	187.9757	0.2297516	1.711236	2.251991
27210	-1891.252	-2078.584	187.3325	0.2582675	1.579783	2.690378
27216	-1893.048	-2080.962	187.9142	0.1932197	1.730437	2.346589
27222	-1892.075	-2080.462	188.3869	0.2969554	1.902421	1.735232
27228	-1895.375	-2083.983	188.6082	0.2824943	1.93306	1.579416
27234	-1900.033	-2088.489	188.4561	0.3205483	1.996701	1.579416
27240	-1886.134	-2074.66	188.5258	0.3205483	1.98423	1.537331
27246	-1900.604	-2089.296	188.6919	0.306937	2.048486	1.385617
27252	-1893.798	-2082.211	188.4131	0.2961138	1.909242	1.713319
27258	-1901.303	-2089.715	188.412	0.359068	2.011463	1.540094
27264	-1897.587	-2086.111	188.5239	0.3711283	1.90184	1.520076
27270	-1884.519	-2073.081	188.5626	0.3363647	1.849123	1.584073
27276	-1891.134	-2079.963	188.8285	0.2410577	1.987682	1.452883
27282	-1886.061	-2074.76	188.6995	0.252805	1.78152	1.676639
27288	-1877.97	-2066.486	188.5155	0.21518	1.78152	1.87603
27294	-1884.682	-2073.41	188.7287	0.3091374	2.004972	1.386927
27300	-1899.016	-2087.964	188.9483	0.3091374	2.046421	1.172336
27306	-1886.124	-2075.38	189.2563	0.1857622	2.065825	1.172336
27312	-1895.491	-2084.679	189.1882	0.1857622	2.053694	1.240862
27318	-1891.277	-2080.727	189.4503	0.2057127	2.074739	0.9189342
27324	-1890.51	-2079.671	189.1607	0.2980192	2.01255	1.032332
27330	-1894.91	-2083.885	188.9748	0.2749206	1.969894	1.283064
27336	-1899.269	-2088.244	188.9745	0.2771974	1.969894	1.278708
27342	-1896.551	-2085.342	188.7909	0.3570237	1.973559	1.278708
27348	-1896.496	-2085.213	188.7174	0.3570237	1.971064	1.340188
27354	-1887.036	-2075.932	188.8956	0.22908	1.850398	1.530142
27360	-1891.356	-2080.233	188.8767	0.2200527	1.874518	1.544924
27366	-1894.03	-2082.87	188.8401	0.2451773	1.842482	1.544924
27372	-1891.915	-2080.348	188.4327	0.3429941	1.827703	1.682827
27378	-1890.5	-2078.939	188.4384	0.3407892	1.82677	1.682827
27384	-1889.846	-2078.313	188.4667	0.2987554	1.850859	1.712352
27390	-1892.115	-2078.992	186.8769	0.1788635	1.538144	3.127328
27396	-1899.891	-2087.313	187.4222	0.1395861	1.451955	2.932395
27402	-1894.71	-2080.677	185.9666	0.1976086	1.449968	3.678756
27408	-1894.679	-2081.684	187.0043	0.1815801	1.370433	3.146217
27414	-1882.436	-2069.731	187.2949	0.2060391	1.539389	2.825425
27420	-1885.676	-2074.231	188.5551	0.265462	1.783313	1.754387
27426	-1885.992	-2074.802	188.8091	0.2038863	1.821809	1.666227
27432	-1873.082	-2061.812	188.7302	0.2800747	1.844281	1.559361
27438	-1883.328	-2072.042	188.7135	0.255472	1.866219	1.600631
27444	-1881.474	-2069.883	188.409	0.3515654	1.926709	1.615816
27450	-1887.876	-2076.679	188.8034	0.3122522	2.046663	1.288299
27456	-1886.784	-2075.812	189.0278	0.2536384	1.98702	1.269586
27462	-1887.841	-2075.96	188.1189	0.3068505	1.842241	1.944804
27468	-1881.083	-2069.584	188.5007	0.2135764	1.699366	1.944804
27474	-1873.86	-2062.795	188.9349	0.2585014	1.883567	1.416107
27480	-1889.042	-2078.172	189.1299	0.2585014	1.955717	1.199529
27486	-1892.722	-2081.405	188.6832	0.2520886	1.767959	1.699109
27492	-1890.107	-2078.539	188.4322	0.2520886	1.851807	1.815968
27498	-1881.83	-2070.393	188.5623	0.1869795	1.705358	1.952785
27504	-1875.124	-2063.777	188.6536	0.1865076	1.675019	1.912688
27510	-1886.835	-2075.464	188.6285	0.2343437	1.786627	1.757695
27516	-1886.848	-2075.587	188.7382	0.1990898	1.850894	1.706114
27522	-1882.629	-2071.358	188.7286	0.2589228	1.920132	1.543523
27528	-1881.282	-2069.642	188.3597	0.2317268	2.008946	1.795022
27534	-1883.501	-2071.827	188.3253	0.2830544	1.864177	1.82759
27540	-1879.92	-2068.601	188.6816	0.1643483	1.843093	1.82759
27546	-1888.974	-2077.85	188.8762	0.2317837	1.843093	1.544456
27552	-1892.009	-2081.173	189.1642	0.1718136	2.021201	1.323573
27558	-1877.473	-2066.04	188.5671	0.2612233	1.807221	1.736797
27564	-1877.875	-2065.854	187.9791	0.24743	1.65613	2.254651
27570	-1873.776	-2062.166	188.3897	0.2769573	1.800726	1.837199
27576	-1878.654	-2067.132	188.4785	0.2196494	1.774795	1.897154
27582	-1877.302	-2065.432	188.1306	0.2082028	1.77291	2.151362
27588	-1873.992	-2062.37	188.3777	0.2443819	1.811983	1.894374
27594	-1881.702	-2069.821	188.1189	0.2164355	1.799788	2.12598
27600	-1881.158	-2068.973	187.815	0.2911728	1.73671	2.238085
27606	-1880.005	-2068.345	188.3401	0.3405737	1.679823	1.854145
27612	-1877.466	-2065.847	188.3806	0.2167042	1.679823	2.032144
27618	-1882.335	-2070.861	188.5255	0.2044722	1.783757	1.888922
27624	-1880.725	-2069.795	189.0704	0.2005281	1.982537	1.357916
27630	-1896.45	-2084.359	187.9092	0.2630833	1.572393	2.327065
27636	-1890.944	-2078.316	187.372	0.218062	1.565942	2.741087
27642	-1887.226	-2075.497	188.2711	0.2765031	1.619905	2.039739
27648	-1892.485	-2080.102	187.6168	0.324398	1.625298	2.386995
27654	-1890.936	-2078.915	187.9796	0.2739458	1.613325	2.238372
27660	-1883.077	-2070.284	187.2074	0.2739458	1.499377	2.791977
27666	-1879.653	-2068.033	188.3806	0.1659604	1.560319	2.212294
27672	-1877.698	-2066.243	188.5456	0.2650917	1.742839	1.78988
27678	-1880.254	-2068.497	188.2427	0.2136275	1.772081	2.068165
27684	-1883.865	-2072.917	189.0516	0.1950811	1.800796	1.524097
27690	-1867.653	-2056.651	188.9982	0.2520103	1.971281	1.310098
27696	-1875.929	-2064.819	188.8905	0.2224401	1.84988	1.548009
27702	-1879.414	-2068.584	189.1694	0.2224401	1.936276	1.263978
27708	-1897.368	-2086.158	188.79	0.3174736	1.841889	1.450927
27714	-1888.588	-2077.054	188.4661	0.234503	1.89668	1.793792
27720	-1888.858	-2077.362	188.5042	0.210045	1.81762	1.869269
27726	-1896.56	-2085.359	188.7985	0.1959334	1.837522	1.679505
27732	-1897.312	-2086.011	188.699	0.1980838	1.776996	1.787411
27738	-1898.704	-2086.885	188.1809	0.2464982	1.854383	1.994553
27744	-1879.982	-2068.89	188.9077	0.1731401	1.779124	1.694151
27750	-1890.09	-2078.423	188.333	0.1916224	1.709328	2.092973
27756	-1884.136	-2072.498	188.3624	0.1916224	1.712906	2.071294
27762	-1879.723	-2068.701	188.9777	0.1916224	1.819104	1.572942
27768	-1905.466	-2094.63	189.1636	0.1229459	1.807314	1.617864
27774	-1892.676	-2081.848	189.1723	0.1608265	1.754758	1.549903
27780	-1886.429	-2075.336	188.9063	0.1980518	1.661809	1.723114
27786	-1883.139	-2071.798	188.6591	0.1888784	1.936914	1.723114
27792	-1886.463	-2075.333	188.8707	0.2294901	1.886892	1.520684
27798	-1893.592	-2082.776	189.1835	0.1677017	1.957704	1.369503
27804	-1888.122	-2077.546	189.4239	0.1677017	2.045533	1.092304
27810	-1878.22	-2067.454	189.234	0.1803602	1.932134	1.31702
27816	-1887.542	-2076.136	188.5943	0.2210473	1.827611	1.778591
27822	-1876.054	-2064.875	188.8214	0.1728962	1.815164	1.730202
27828	-1884.837	-2073.433	188.5961	0.1319455	1.848423	1.959825
27834	-1888.057	-2076.747	188.6899	0.1301241	1.931299	1.844582
27840	-1877.235	-2066.04	188.8047	0.1688567	1.936585	1.665307
27846	-1882.487	-2071.386	188.8987	0.207541	1.939227	1.507222
27852	-1886.178	-2075.276	189.0977	0.175538	2.104155	1.300566
27858	-1883.37	-2072.471	189.1006	0.2228533	2.108997	1.174944
27864	-1895.129	-2083.716	188.5871	0.195366	2.079282	1.659066
27870	-1879.262	-2068.256	188.9945	0.1972678	1.858331	1.518811
27876	-1878.778	-2067.432	188.6534	0.1970443	1.866521	1.75901
27882	-1881.376	-2070.086	188.71	0.1487823	1.812464	1.865688
27888	-1894.165	-2082.131	187.966	0.1856429	1.605231	2.407834
27894	-1886.101	-2073.516	187.415	0.2128376	1.568358	2.722427
27900	-1884.936	-2071.94	187.0032	0.1698686	1.509674	3.086346
27906	-1880.258	-2067.099	186.8411	0.2562277	1.421797	3.086346
27912	-1893.129	-2080.384	187.2545	0.1635697	1.426646	2.998135
27918	-1900.95	-2087.286	186.3361	0.2709532	1.349187	3.405785
27924	-1900.82	-2087.001	186.1812	0.2154528	1.462609	3.516388
27930	-1888.164	-2075.036	186.8719	0.2367821	1.42266	3.098024
27936	-1898.552	-2084.821	186.2691	0.2069296	1.412024	3.509017
27942	-1907.797	-2095.676	187.8791	0.2217968	1.722976	2.320452
27948	-1897.986	-2086.019	188.0333	0.2255332	1.59367	2.297853
27954	-1889.869	-2078.107	188.238	0.1829083	1.515002	2.297853
27960	-1890.588	-2078.825	188.2368	0.1951632	1.617388	2.208522
27966	-1892.428	-2079.345	186.9167	0.2649323	1.438851	3.017697
27972	-1875.862	-2063.69	187.8285	0.2367434	1.631885	2.384269
27978	-1890.221	-2077.099	186.8784	0.2887221	1.525166	2.953823
27984	-1875.778	-2064.24	188.4617	0.1888682	1.845393	1.922282
27990	-1874.894	-2063.413	188.5189	0.1888682	1.700476	1.981237
27996	-1873.813	-2061.958	188.1455	0.1888682	1.775753	2.17758
28002	-1872.431	-2061.01	188.5793	0.1712194	1.785164	1.921405
28008	-1888.029	-2076.814	188.7844	0.1596898	1.870206	1.748302
28014	-1877.807	-2066.575	188.7682	0.1734829	1.932336	1.683647
28020	-1885.411	-2074.428	189.0165	0.1202815	1.859897	1.693029
28026	-1886.139	-2074.428	188.2885	0.1475583	1.74093	2.195844
28032	-1889.403	-2077.604	188.201	0.178055	1.801022	2.147124
28038	-1881.497	-2069.949	188.4519	0.1764166	1.79663	1.98799
28044	-1895.915	-2084.338	188.4234	0.2852149	1.837653	1.774463
28050	-1884.453	-2072.517	188.0633	0.2245127	1.650159	2.244272
28056	-1888.843	-2076.18	187.3366	0.2033312	1.47579	2.843579
28062	-1895.73	-2083.831	188.101	0.2258602	1.480431	2.326373
28068	-1878.385	-2065.992	187.6065	0.2609372	1.571311	2.521878
28074	-1876.12	-2063.793	187.6731	0.252603	1.526098	2.521878
28080	-1882.116	-2069.726	187.6105	0.2605477	1.555369	2.529911
28086	-1882.878	-2069.602	186.7235	0.2385	1.421789	3.184037
28092	-1875.178	-2062.646	187.4679	0.1608122	1.544066	2.803887
28098	-1881.32	-2068.313	186.9928	0.2087659	1.491267	3.031761
28104	-1877.164	-2064.856	187.6919	0.2813265	1.520789	2.468405
28110	-1885.892	-2074.116	188.2237	0.2306242	1.865243	1.987216
28116	-1877.747	-2066.259	188.5119	0.2008063	1.820558	1.880532
28122	-1876.225	-2064.697	188.4715	0.1977665	1.73038	1.974844
28128	-1889.901	-2078.682	188.7806	0.2916861	1.953156	1.41838
28134	-1894.864	-2083.889	189.0251	0.2147159	1.923862	1.406798
28140	-1880.717	-2069.62	188.9029	0.2599821	1.923862	1.406798
28146	-1890.745	-2079.958	189.2129	0.195226	1.987167	1.251475
28152	-1885.193	-2074.243	189.0499	0.2319421	1.926369	1.347506
28158	-1874.932	-2063.807	188.8749	0.2910965	1.926369	1.366851
28164	-1875.948	-2064.816	188.8687	0.2575242	1.789557	1.539108
28170	-1880.563	-2069.287	188.7244	0.3144073	1.900963	1.46116
28176	-1884.458	-2073.55	189.0914	0.1346199	1.884749	1.581917
28182	-1900.534	-2089.591	189.0569	0.2734399	1.987484	1.202698
28188	-1883.057	-2072.147	189.0898	0.2112283	2.021181	1.285933
28194	-1883.297	-2071.999	188.7026	0.2342306	1.95364	1.585828
28200	-1873.158	-2061.934	188.7759	0.2342306	1.880316	1.585828
28206	-1881.474	-2070.151	188.6776	0.215813	1.935743	1.653982
28212	-1877.48	-2066.448	188.9676	0.1639352	1.870985	1.607043
28218	-1891.157	-2080.067	188.9109	0.1741567	1.928149	1.582221
28224	-1881.533	-2070.729	189.1964	0.1582523	1.832388	1.48054
28230	-1896.346	-2084.893	188.5471	0.1582523	1.76444	1.986003
28236	-1899.808	-2087.887	188.0789	0.2118896	1.734036	2.203165
28242	-1883.155	-2071.268	188.113	0.2183056	1.68159	2.203165
28248	-1885.54	-2074.145	188.6056	0.2133619	1.717831	1.861586
28254	-1890.607	-2079.251	188.6441	0.1800061	1.719736	1.902684
28260	-1888.654	-2077.248	188.594	0.2305406	1.610399	1.909721
28266	-1892.282	-2079.561	187.2793	0.3174286	1.591569	2.628595
28272	-1890.169	-2076.642	186.4728	0.2952968	1.227994	3.362133
28278	-1889.083	-2075.323	186.2394	0.2853647	1.327122	3.454662
28284	-1898.449	-2085.468	187.0184	0.3167078	1.45394	2.873175
28290	-1890.983	-2078.659	187.6761	0.3125476	1.759629	2.280661
28296	-1895.797	-2083.567	187.7701	0.3986599	1.619199	2.194651
28302	-1880.631	-2068.277	187.6452	0.3129934	1.679883	2.35057
28308	-1890.762	-2079.084	188.3216	0.4090987	1.676935	1.773526
28314	-1901.064	-2088.128	187.064	0.2399642	1.488192	2.938503
28320	-1895.268	-2083.965	188.6964	0.1554649	1.714321	1.925762
28326	-1882.526	-2070.456	187.9302	0.1875845	1.689676	2.373241
28332	-1879.749	-2068.423	188.6746	0.1645478	1.847625	1.828824
28338	-1886.914	-2075.328	188.4137	0.109233	1.61322	2.291106
28344	-1884.735	-2072.737	188.0023	0.1355211	1.623787	2.480107
28350	-1887.049	-2075.214	188.1647	0.1355211	1.639782	2.367762
28356	-1889.776	-2076.307	186.531	0.1602443	1.415681	3.439694
28362	-1882.898	-2069.446	186.5477	0.1840387	1.430861	3.375612
28368	-1880.992	-2068.311	187.3195	0.1840387	1.390468	2.940986
28374	-1885.569	-2072.711	187.1424	0.211125	1.479604	2.944835
28380	-1895.131	-2081.674	186.5428	0.2577977	1.253968	3.359856
28386	-1889.734	-2075.636	185.9023	0.2853393	1.28759	3.673739
28392	-1894.763	-2083.065	188.3023	0.2004845	1.552138	2.19801
28398	-1902.055	-2090.304	188.2491	0.2406119	1.735701	2.03851
28404	-1918.25	-2106.55	188.3	0.2406119	1.765857	1.984552
28410	-1897.302	-2085.626	188.3247	0.2178026	1.664595	2.077074
28416	-1908.692	-2097.073	188.3802	0.1928771	1.646182	2.100903
28422	-1902.356	-2090.798	188.442	0.1928771	1.584396	2.100903
28428	-1902.483	-2090.209	187.7256	0.2965336	1.706064	2.306917
28434	-1899.625	-2087.76	188.135	0.2470968	1.697963	2.127115
28440	-1897.741	-2085.655	187.9136	0.2887036	1.44239	2.366845
28446	-1886.768	-2074.206	187.4377	0.3228439	1.625763	2.501476
28452	-1888.037	-2076.366	188.3286	0.2167909	1.667506	2.074488
28458	-1888.33	-2076.56	188.2304	0.2387967	1.892629	1.949479
28464	-1872.122	-2060.452	188.3298	0.2687192	1.861205	1.850733
28470	-1886.775	-2075.511	188.7364	0.2197634	2.095504	1.485291
28476	-1889.073	-2077.529	188.4554	0.2456657	2.012493	1.699208
28482	-1882.728	-2070.984	188.256	0.3350288	1.894581	1.772226
28488	-1881.468	-2069.75	188.2821	0.2772262	1.935653	1.817877
28494	-1877.584	-2065.471	187.8867	0.2916943	1.649102	2.247489
28500	-1867.079	-2053.728	186.6489	0.2931072	1.623026	3.026565
28506	-1881.21	-2068.821	187.6102	0.3067485	1.631511	2.41237
28512	-1877.305	-2064.897	187.5918	0.2492332	1.581369	2.543595
28518	-1876.874	-2064.298	187.4246	0.2492332	1.547923	2.66774
28524	-1868.157	-2055.326	187.1693	0.2993227	1.568888	2.735601
28530	-1862.62	-2049.805	187.1851	0.2417447	1.409365	2.910153
28536	-1877.574	-2064.837	187.2627	0.2373305	1.635873	2.732512
28542	-1868.638	-2056.498	187.8597	0.1951959	1.629242	2.44118
28548	-1877.7	-2065.36	187.6597	0.2687869	1.652234	2.42539
28554	-1881.616	-2068.707	187.0908	0.2669857	1.62556	2.796691
28560	-1873.08	-2060.2	187.1198	0.2542141	1.484614	2.884375
28566	-1875.402	-2061.425	186.0227	0.2265827	1.548523	3.54042
28572	-1871.808	-2059.046	187.2379	0.2203432	1.576968	2.812196
28578	-1881.269	-2068.268	186.9995	0.2011497	1.525014	3.020973
28584	-1874.212	-2060.805	186.5937	0.2534211	1.30161	3.308504
28590	-1880.252	-2066.634	186.3823	0.2536789	1.30161	3.432246
28596	-1877.683	-2065.54	187.8567	0.214849	1.556759	2.452236
28602	-1878.888	-2066.499	187.6113	0.2900055	1.577344	2.470346
28608	-1862.93	-2050.384	187.4541	0.2536607	1.484289	2.681661
28614	-1872.398	-2059.729	187.3314	0.2368739	1.651354	2.681661
28620	-1871.399	-2059.694	188.295	0.1879634	1.657287	2.159214
28626	-1886.556	-2074.356	187.7995	0.3102002	1.564485	2.329899
28632	-1874.318	-2062.541	188.2232	0.3102002	1.717309	1.953538
28638	-1873.362	-2061.416	188.0548	0.2724121	1.627375	2.183193
28644	-1887.396	-2075.382	187.9869	0.2897931	1.653045	2.183193
28650	-1883.131	-2070.439	187.3087	0.2604529	1.715652	2.617907
28656	-1871.374	-2059.736	188.3626	0.1837611	1.752761	2.060938
28662	-1879.856	-2068.166	188.3102	0.1895856	1.838912	2.02661
28668	-1882.991	-2070.91	187.9192	0.2900078	1.765273	2.15389
28674	-1867.973	-2056.122	188.1493	0.2699373	1.759484	2.038747
28680	-1876.698	-2064.979	188.2809	0.2508096	1.731987	2.001945
28686	-1877.054	-2065.639	188.5843	0.197698	1.892721	1.78752
28692	-1887.139	-2075.497	188.3582	0.1718791	1.834575	2.034853
28698	-1877.978	-2066.977	188.9996	0.1233102	1.871726	1.688247
28704	-1904.421	-2093.428	189.0067	0.1256604	1.722906	1.781479
28710	-1905.419	-2091.971	186.5525	0.1857878	1.279791	3.45807
28716	-1894.04	-2081.325	187.285	0.2018172	1.384412	2.93273
28722	-1893.244	-2079.494	186.2501	0.1865333	1.261733	3.643223
28728	-1891.207	-2077.584	186.3772	0.2024144	1.260326	3.542168
28734	-1887.617	-2076.755	189.1384	0.1187097	1.913947	1.570602
28740	-1874.59	-2063.855	189.2652	0.1698568	2.001553	1.262461
28746	-1904.697	-2093.93	189.2328	0.1655138	1.754914	1.493066
28752	-1886.52	-2075.695	189.1753	0.1898249	1.981641	1.300479
28758	-1890.098	-2079.034	188.9356	0.1146459	1.872195	1.757022
28764	-1887.492	-2076.624	189.1323	0.1798736	1.939034	1.393387
28770	-1887.261	-2075.873	188.6112	0.2179989	1.980841	1.664759
28776	-1889.84	-2078.441	188.6011	0.2011952	1.719901	1.887519
28782	-1889.424	-2078.264	188.8406	0.2423325	1.872011	1.528286
28788	-1887.667	-2076.209	188.5424	0.346258	1.894269	1.550215
28794	-1883.909	-2072.676	188.7671	0.3004592	1.771295	1.550215
28800	-1879.063	-2067.235	188.1725	0.3266097	1.723498	1.958735
28806	-1889.563	-2077.751	188.1872	0.3266097	1.679706	1.97821
28812	-1884.245	-2072.207	187.9622	0.3279858	1.643804	2.14845
28818	-1889.841	-2077.879	188.0372	0.3244875	1.576519	2.14845
28824	-1892.435	-2080.037	187.6025	0.2785522	1.576519	2.493707
28830	-1888.825	-2076.425	187.5996	0.2625214	1.586605	2.514147
28836	-1894.454	-2082.005	187.5515	0.2609223	1.638701	2.514147
28842	-1897.602	-2085.309	187.7074	0.2511641	1.496411	2.521382
28848	-1883.517	-2071.996	188.4786	0.3165658	1.614328	1.840255
28854	-1892.446	-2080.786	188.3397	0.2707637	1.861511	1.840255
28860	-1888.668	-2077.441	188.7726	0.2075882	1.822799	1.683798
28866	-1886.201	-2074.781	188.5802	0.2127023	1.822799	1.808205
28872	-1882.1	-2070.604	188.5047	0.2127023	1.749484	1.910006
28878	-1891.278	-2079.636	188.3579	0.224316	1.570908	2.104753
28884	-1895.114	-2083.489	188.3744	0.2951887	1.722685	1.871069
28890	-1892.593	-2080.715	188.1222	0.252238	1.773535	2.077066
28896	-1892.352	-2080.815	188.4627	0.2222574	1.773535	1.903734
28902	-1897.13	-2085.384	188.2538	0.3187713	1.665114	1.95507
28908	-1882.668	-2070.981	188.3125	0.2612514	1.665114	2.007524
28914	-1884.543	-2072.392	187.8493	0.276906	1.670492	2.280656
28920	-1882.626	-2070.65	188.0238	0.2067854	1.683607	2.280656
28926	-1906.176	-2094.317	188.1415	0.1990743	1.588791	2.280656
28932	-1893.571	-2080.976	187.4056	0.1976633	1.405813	2.854422
28938	-1890.064	-2076.827	186.7623	0.2211741	1.457214	3.168328
28944	-1889.006	-2075.955	186.9493	0.1641499	1.444872	3.1683
28950	-1891.227	-2078.349	187.1221	0.2703406	1.461828	2.871976
28956	-1893.253	-2079.533	186.2795	0.180288	1.388439	3.56396
28962	-1896.542	-2081.233	184.6907	0.2366132	1.378884	4.38441
28968	-1886.918	-2074.465	187.5474	0.2329013	1.499075	2.649116
28974	-1879.89	-2067.767	187.8767	0.2863749	1.656439	2.25741
28980	-1879.425	-2067.236	187.8115	0.3369571	1.73442	2.174796
28986	-1878.227	-2065.905	187.6776	0.1965196	1.485932	2.641272
28992	-1890.092	-2076.897	186.8053	0.2873565	1.479538	3.027076
28998	-1881.063	-2068.553	187.4902	0.2261791	1.643146	2.606889
29004	-1895.304	-2083.688	188.3843	0.2328342	1.809204	1.912855
29010	-1896.671	-2085.615	188.9438	0.197801	1.902736	1.522331
29016	-1897.092	-2086.24	189.1476	0.197801	1.902736	1.366388
29022	-1885.495	-2074.437	188.9425	0.2368219	1.905282	1.437447
29028	-1882.98	-2071.87	188.8902	0.2235572	1.923532	1.490953
29034	-1896.266	-2085.221	188.9542	0.1715859	2.0163	1.490953
29040	-1895.248	-2084.131	188.8831	0.1866557	1.827812	1.646314
29046	-1882.941	-2071.576	188.635	0.1534722	1.874752	1.86317
29052	-1885.445	-2074.296	188.8511	0.2010596	1.994932	1.5154
29058	-1875.674	-2063.905	188.2315	0.2973383	1.875151	1.861088
29064	-1881.068	-2069.755	188.6865	0.2181472	1.71641	1.797458
29070	-1892.643	-2081.089	188.4461	0.2746631	1.807549	1.797458
29076	-1882.225	-2070.992	188.7668	0.259076	1.785254	1.613986
29082	-1901.379	-2088.718	187.3389	0.2296448	1.54315	2.755467
29088	-1893.697	-2080.818	187.1205	0.3182253	1.542017	2.755467
29094	-1887.292	-2074.58	187.2877	0.1734106	1.474604	2.929842
29100	-1885.01	-2072.378	187.3683	0.2528468	1.530913	2.707007
29106	-1887.498	-2075.857	188.3596	0.1561592	1.610582	2.214791
29112	-1903.281	-2091.622	188.3411	0.2357479	1.672924	2.027794
29118	-1899.255	-2087.278	188.0233	0.1420601	1.575692	2.48215
29124	-1898.887	-2086.474	187.5869	0.1420601	1.486619	2.806256
29130	-1890.251	-2077.803	187.5514	0.1994923	1.525471	2.689117
29136	-1894.507	-2079.772	185.2658	0.1788862	1.343946	4.174338
29142	-1892.566	-2077.287	184.721	0.2539321	1.377262	4.342331
29148	-1892.616	-2077.479	184.8623	0.2068021	1.273969	4.394129
29154	-1886.882	-2070.613	183.7315	0.1894269	1.152669	5.123029
29160	-1888.713	-2073.537	184.8247	0.1933622	1.136136	4.515507
29166	-1892.103	-2076.287	184.184	0.1940585	1.113568	4.885505
29172	-1886.113	-2068.855	182.7424	0.2418615	1.028042	5.654119
29178	-1892.491	-2076.396	183.9054	0.2887273	1.008741	4.957394
29184	-1884.698	-2068.916	184.2183	0.2129116	1.089316	4.848818
29190	-1886.315	-2070.64	184.3252	0.2065282	1.000954	4.848818
29196	-1888.078	-2071.704	183.6262	0.2609858	1.014203	5.147267
29202	-1884.165	-2068.29	184.1242	0.2178285	1.178232	4.84382
29208	-1888.902	-2073.614	184.7128	0.2246958	1.049313	4.575894
29214	-1887.406	-2071.935	184.5287	0.2246958	1.070989	4.666947
29220	-1894.394	-2078.154	183.7603	0.1603082	1.005665	5.240447
29226	-1886.467	-2070.93	184.4629	0.2002645	1.147002	4.700658
29232	-1884.777	-2070.063	185.2859	0.1374698	1.156676	4.349108
29238	-1902.485	-2084.946	182.4615	0.1667513	1.022436	5.932701
29244	-1886.154	-2075.007	188.8525	0.2514309	1.835105	1.529022
29250	-1882.434	-2071.235	188.8009	0.2950896	2.011351	1.350692
29256	-1887	-2076.189	189.1888	0.2683927	2.293826	0.7609964
29262	-1880.902	-2070.133	189.2317	0.252338	2.157611	0.9265743
29268	-1877.364	-2066.563	189.1984	0.212667	2.020728	1.191748
29274	-1879.682	-2068.85	189.1683	0.2264811	2.064536	1.145558
29280	-1878.6	-2067.495	188.8948	0.2578523	2.25144	1.148182
29286	-1882.27	-2071.359	189.0894	0.2750912	2.259733	0.9074483
29292	-1891.237	-2080.093	188.8569	0.2357402	2.099902	1.354735
29298	-1894.876	-2084.109	189.233	0.2027792	2.099902	1.116815
29304	-1895.48	-2083.744	188.2644	0.1730612	1.724344	2.166201
29310	-1897.539	-2086.182	188.6437	0.1453322	1.594804	2.064366
29316	-1879.611	-2067.66	188.0491	0.2263589	1.600324	2.282078
29322	-1886.974	-2075.475	188.5005	0.2253173	1.69276	1.92706
29328	-1897.211	-2085.52	188.3089	0.2124296	1.636086	2.116259
29334	-1908.081	-2096.433	188.3516	0.2068394	1.741059	2.029632
29340	-1894.662	-2083.343	188.6809	0.2121537	1.783885	1.766441
29346	-1901.832	-2090.921	189.0888	0.2130215	1.976521	1.318779
29352	-1896.675	-2085.495	188.8203	0.1850412	2.125181	1.477414
29358	-1895.392	-2084.487	189.0943	0.2401785	2.095018	1.151016
29364	-1898.363	-2087.325	188.9615	0.2591748	2.055833	1.25572
29370	-1890.677	-2079.604	188.9269	0.3058595	1.977288	1.25572
29376	-1890.242	-2079.15	188.9078	0.1983853	1.916439	1.537578
29382	-1896.472	-2085.597	189.1252	0.1760366	1.841423	1.48306
29388	-1882.913	-2071.69	188.7771	0.2058565	1.815536	1.689386
29394	-1887.022	-2075.887	188.8648	0.2033644	1.923638	1.5531
29400	-1882.828	-2071.534	188.7056	0.3008622	1.868815	1.52281
29406	-1873.667	-2062.602	188.9355	0.2387884	1.970399	1.388373
29412	-1878.85	-2067.827	188.9777	0.2938922	2.173771	1.062499
29418	-1897.504	-2086.776	189.2719	0.1895215	2.208075	1.016074
29424	-1880.108	-2069.223	189.1144	0.2027884	2.142935	1.183643
29430	-1888.013	-2077.153	189.1401	0.228473	1.996738	1.223887
29436	-1877.344	-2066.468	189.1239	0.2138246	1.882857	1.363626
29442	-1885.509	-2074.371	188.862	0.2654338	2.027842	1.346412
29448	-1883.473	-2072.293	188.8199	0.2640092	1.902404	1.478871
29454	-1870.899	-2059.598	188.6989	0.2640092	1.77709	1.659702
29460	-1885.789	-2074.42	188.6312	0.3182695	1.835257	1.573167
29466	-1878.026	-2066.903	188.8769	0.2886155	1.984619	1.323573
29472	-1872.52	-2061.503	188.9836	0.2795777	1.899747	1.323573
29478	-1887.418	-2076.521	189.1027	0.2343055	2.179569	1.081213
29484	-1880.514	-2069.443	188.9288	0.3011327	2.179283	1.08715
29490	-1894.234	-2083.295	189.0611	0.2757837	2.112007	1.083056
29496	-1887.571	-2076.543	188.972	0.2615429	2.113098	1.193349
29502	-1886.001	-2075.068	189.0669	0.2297804	2.102148	1.193349
29508	-1891.866	-2081.079	189.2128	0.1789335	2.068966	1.225411
29514	-1890.817	-2079.684	188.8674	0.2084449	2.145679	1.370875
29520	-1902.462	-2091.475	189.0134	0.1493362	2.188525	1.370875
29526	-1899.475	-2088.498	189.0231	0.2286009	2.251551	1.102696
29532	-1901.159	-2090.458	189.2984	0.2014946	1.992525	1.157689
29538	-1900.641	-2089.767	189.1257	0.2298746	1.972426	1.253102
29544	-1890.168	-2079.297	189.1291	0.2211077	2.049889	1.205556
29550	-1892.824	-2081.805	188.9802	0.2667738	2.123988	1.16532
29556	-1900.511	-2089.288	188.7767	0.233453	1.968542	1.521777
29562	-1898.528	-2087.419	188.8916	0.2155756	1.903512	1.521777
29568	-1890.187	-2079.054	188.8664	0.1664858	1.662056	1.820063
29574	-1892.939	-2081.417	188.478	0.2733573	1.771879	1.802274
29580	-1892.606	-2081.407	188.8014	0.2432914	1.868193	1.558186
29586	-1893.464	-2082.153	188.6889	0.2765216	1.922723	1.538335
29592	-1885.706	-2074.636	188.9299	0.1887378	1.922723	1.538335
29598	-1902.48	-2091.228	188.7483	0.2043464	1.884027	1.664208
29604	-1896.112	-2084.559	188.4467	0.1975566	1.844602	1.91507
29610	-1898.518	-2087.504	188.9862	0.218961	1.858932	1.477085
29616	-1888.441	-2076.854	188.4127	0.2705928	2.169902	1.570573
29622	-1887.906	-2076.854	188.9474	0.2937526	1.972123	1.266429
29628	-1882.465	-2071.283	188.8176	0.3030744	2.080048	1.266429
29634	-1876.058	-2065.183	189.125	0.2587145	2.041936	1.127796
29640	-1881.539	-2070.43	188.8916	0.2455207	1.931816	1.438269
29646	-1883.43	-2071.942	188.5121	0.3003832	1.877046	1.658757
29652	-1885.917	-2074.708	188.7917	0.2180564	1.820555	1.650212
29658	-1893.437	-2081.527	188.0902	0.2361265	1.739126	2.148548
29664	-1893.949	-2082.839	188.8898	0.179392	1.664204	1.773389
29670	-1894.479	-2082.881	188.402	0.1818203	1.61391	2.130251
29676	-1897.13	-2084.962	187.8325	0.1214036	1.555936	2.660881
29682	-1894.525	-2082.072	187.5473	0.1409277	1.473759	2.840601
29688	-1901.652	-2089.199	187.5473	0.1409277	1.473759	2.840601
29694	-1887.788	-2075.389	187.6011	0.1937258	1.474926	2.700329
29700	-1882.371	-2070.165	187.7937	0.2998166	1.512606	2.381681
29706	-1895.684	-2083.603	187.9192	0.2490127	1.512606	2.381681
29712	-1889.771	-2077.952	188.1807	0.2368233	1.723614	2.098291
29718	-1887.901	-2075.961	188.06	0.2362143	1.756974	2.156454
29724	-1892.517	-2081.394	188.8765	0.1492263	1.827633	1.738874
29730	-1890.178	-2078.993	188.8159	0.2042414	1.825687	1.657841
29736	-1889.394	-2077.546	188.1523	0.2365554	1.711743	2.125183
29742	-1896.544	-2085.01	188.4663	0.2062213	1.736419	1.957425
29748	-1906.177	-2094.885	188.7082	0.1808625	1.709968	1.863839
29754	-1896.818	-2085.309	188.491	0.2301429	1.669784	1.939959
29760	-1895.375	-2083.723	188.3472	0.2291071	1.790561	1.957314
29766	-1888.46	-2076.635	188.1742	0.2291071	1.541668	2.234464
29772	-1888.35	-2077.467	189.1162	0.14857	1.878928	1.530847
29778	-1884.456	-2073.483	189.027	0.1333988	1.928035	1.600633
29784	-1896.129	-2085.118	188.9894	0.1519587	1.898802	1.600633
29790	-1893.819	-2082.37	188.5508	0.2616509	1.876381	1.698699
29796	-1901.114	-2089.784	188.6696	0.203046	1.786983	1.790659
29802	-1886.759	-2074.657	187.8981	0.2173394	1.786983	2.275415
29808	-1881.967	-2069.498	187.5312	0.2338692	1.694244	2.53657
29814	-1888.375	-2076.426	188.0504	0.2376656	1.707687	2.192149
29820	-1883.683	-2072.311	188.6281	0.2022433	1.693505	1.885021
29826	-1884.469	-2072.307	187.8381	0.2545205	1.579505	2.381586
29832	-1877.933	-2066.416	188.4823	0.2938335	1.801863	1.743981
29838	-1882.988	-2071.282	188.2939	0.2938335	1.798727	1.876292
29844	-1882.468	-2071.068	188.5997	0.231988	1.845925	1.740803
29850	-1885.246	-2074.031	188.7856	0.3037538	2.073682	1.296585
29856	-1888.753	-2077.733	188.9797	0.260079	2.243314	1.073155
29862	-1889.361	-2078.387	189.0261	0.2735222	2.073542	1.154514
29868	-1893.391	-2082.264	188.8733	0.1799729	1.836665	1.662044
29874	-1879.222	-2067.504	188.2816	0.2511881	1.874839	1.904817
29880	-1877.213	-2065.654	188.4411	0.2125826	1.821116	1.904817
29886	-1888.469	-2076.992	188.5232	0.2868229	1.973934	1.604019
29892	-1890.865	-2078.849	187.9838	0.2833411	1.797008	2.101395
29898	-1879.983	-2068.848	188.8647	0.1926412	1.974755	1.539215
29904	-1880.327	-2069.046	188.7192	0.1801453	1.871022	1.74637
29910	-1892.506	-2080.818	188.3123	0.2492458	1.820703	1.924088
29916	-1888.645	-2077.053	188.4074	0.2562615	1.91562	1.781507
29922	-1891.15	-2079.547	188.3968	0.2319764	1.916406	1.832824
29928	-1884.925	-2072.017	187.0921	0.265313	1.777938	2.705354
29934	-1890.748	-2077.359	186.6106	0.154441	1.463024	3.376919
29940	-1881.023	-2067.991	186.9682	0.1937792	1.421024	3.115077
29946	-1882.115	-2068.353	186.2379	0.2539082	1.339827	3.493959
29952	-1876.045	-2061.892	185.8463	0.2338238	1.318936	3.764077
29958	-1877.569	-2064.871	187.3022	0.2102843	1.373707	2.9138
29964	-1889.519	-2076.717	187.1983	0.2470573	1.376078	2.9138
29970	-1880.968	-2067.815	186.8471	0.2412085	1.271122	3.195827
29976	-1883.313	-2070.752	187.4388	0.246043	1.418737	2.74344
29982	-1886.596	-2074.862	188.2656	0.2039066	1.641827	2.156991
29988	-1888.551	-2076.58	188.0293	0.186763	1.623249	2.354131
29994	-1885.267	-2072.975	187.708	0.2335887	1.634109	2.464168
30000	-1887.634	-2075.429	187.7957	0.2172288	1.591971	2.464168
30006	-1889.098	-2077.262	188.1634	0.2407712	1.632209	2.162364
30012	-1883.617	-2071.859	188.2427	0.2839592	1.625786	2.042649
30018	-1881.313	-2068.865	187.5522	0.1776303	1.508447	2.740456
30024	-1900.121	-2086.997	186.8757	0.206637	1.308428	3.214028
30030	-1880.199	-2068.177	187.9783	0.152441	1.481615	2.545997
30036	-1889.739	-2076.436	186.6968	0.1411679	1.33274	3.430256
30042	-1890.293	-2077.88	187.5874	0.1411679	1.397483	2.862035
30048	-1886.792	-2074.541	187.7487	0.1818588	1.519318	2.60469
30054	-1883.969	-2070.759	186.7905	0.2504903	1.384977	3.147259
30060	-1900.277	-2087.1	186.8221	0.2230249	1.466965	3.123868
30066	-1886.57	-2074.296	187.7252	0.1839142	1.431085	2.669633
30072	-1878.45	-2065.72	187.27	0.2294129	1.52533	2.808671
30078	-1884.514	-2071.924	187.4093	0.1849106	1.516578	2.808671
30084	-1887.262	-2074.455	187.1929	0.1881205	1.519325	2.931947
30090	-1889.957	-2076.612	186.6551	0.1976746	1.576641	3.201607
30096	-1883.193	-2071.018	187.8245	0.2657035	1.689223	2.302321
30102	-1895.893	-2083.048	187.1547	0.2598563	1.563796	2.806381
30108	-1895.656	-2081.654	185.9984	0.1789622	1.431767	3.704262
30114	-1905.449	-2091.414	185.9652	0.1789622	1.302663	3.797905
30120	-1899.248	-2086.156	186.9078	0.2013453	1.401114	3.149294
30126	-1892.155	-2078.761	186.606	0.2738614	1.506725	3.149294
30132	-1887.607	-2074.433	186.8258	0.273836	1.582434	2.972717
30138	-1893.33	-2079.454	186.1241	0.2611804	1.392163	3.518928
30144	-1889.996	-2076.156	186.16	0.2902667	1.290637	3.515487
30150	-1896.449	-2082.814	186.3651	0.2804636	1.432012	3.326347
30156	-1888.741	-2076.713	187.9718	0.2522679	1.635914	2.264165
30162	-1883.161	-2070.95	187.7884	0.2610321	1.662923	2.349632
30168	-1889.214	-2077.373	188.1597	0.2292816	1.695935	2.143629
30174	-1896.263	-2084.621	188.3584	0.2081361	1.667244	2.071449
30180	-1901.981	-2090.109	188.1282	0.2168852	1.736899	2.160042
30186	-1905.628	-2093.084	187.4567	0.2719033	1.496643	2.643998
30192	-1899.44	-2086.081	186.6412	0.2162939	1.561301	3.186627
30198	-1888.925	-2076.36	187.4348	0.2162939	1.746028	2.594719
30204	-1885.351	-2073.72	188.3689	0.1953321	1.759395	2.028742
30210	-1889.641	-2077.401	187.7599	0.2488104	1.758222	2.327217
30216	-1893.254	-2081.099	187.8445	0.3015136	1.543716	2.327217
30222	-1889.819	-2077.728	187.9092	0.2273429	1.666738	2.327217
30228	-1893.302	-2081.331	188.0284	0.314809	1.66984	2.107318
30234	-1882.048	-2070.427	188.379	0.255404	1.630245	1.996421
30240	-1889.848	-2077.837	187.9896	0.3427613	1.685927	2.081942
30246	-1894.601	-2083.382	188.7802	0.230454	1.782677	1.660739
30252	-1892.837	-2081.38	188.5426	0.3286405	1.892009	1.579669
30258	-1887.097	-2075.874	188.7774	0.2599075	1.770588	1.615391
30264	-1887.639	-2076.222	188.5832	0.2789646	1.886201	1.637823
30270	-1880.829	-2069.514	188.6846	0.2688042	1.951581	1.534274
30276	-1881.476	-2070.527	189.0508	0.2323473	2.021618	1.268767
30282	-1883.939	-2073.185	189.2463	0.2453712	2.025198	1.063523
30288	-1885.826	-2074.904	189.0786	0.2240678	1.889616	1.371089
30294	-1882.147	-2070.153	188.0055	0.2110398	1.71813	2.262333
30300	-1875.98	-2064.114	188.1343	0.2398433	1.659981	2.164835
30306	-1878.071	-2066.46	188.3883	0.3021789	1.698263	1.867128
30312	-1884.824	-2073.491	188.6669	0.2861078	1.806588	1.622388
30318	-1877.96	-2066.406	188.4459	0.2119488	1.806588	1.912593
30324	-1884.118	-2072.701	188.5836	0.2119488	1.977777	1.69896
30330	-1881.047	-2069.818	188.7709	0.2485235	1.903476	1.544449
30336	-1888.378	-2077.539	189.1607	0.2289435	1.914913	1.273892
30342	-1883.526	-2072.639	189.1132	0.228672	1.914913	1.31322
30348	-1900.375	-2089.995	189.6198	0.1331529	2.009337	1.056091
30354	-1895.012	-2084.322	189.3097	0.2140228	2.158876	0.9535863
30360	-1886.072	-2075.135	189.0627	0.2854518	1.997279	1.163784
30366	-1890.848	-2079.995	189.1463	0.2078477	1.970331	1.289309
30372	-1882.646	-2071.902	189.2564	0.1990781	1.9689	1.220529
30378	-1887.774	-2076.651	188.8774	0.2747755	1.896948	1.418627
30384	-1876.13	-2064.942	188.812	0.2381443	1.908503	1.530735
30390	-1887.05	-2075.806	188.7564	0.1804131	1.966895	1.65151
30396	-1889.771	-2078.32	188.5494	0.2097255	1.793876	1.855203
30402	-1879.79	-2067.703	187.9134	0.2712235	1.835583	2.141663
30408	-1894.825	-2082.127	187.3016	0.2002682	1.683658	2.743829
30414	-1892.122	-2078.915	186.7935	0.1682236	1.4808	3.231277
30420	-1892.398	-2078.695	186.2971	0.1926666	1.43447	3.504489
30426	-1886.033	-2073.042	187.0081	0.1669088	1.451074	3.124163
30432	-1882.284	-2070.085	187.8012	0.1500092	1.523147	2.635275
30438	-1898.359	-2086.24	187.8818	0.1810185	1.536355	2.51304
30444	-1881.93	-2069.479	187.5487	0.2273493	1.502215	2.65574
30450	-1879.677	-2067.513	187.836	0.2044287	1.580127	2.469552
30456	-1881.139	-2069.352	188.2132	0.1694848	1.621489	2.273185
30462	-1875.838	-2063.845	188.0075	0.1963502	1.742654	2.273185
30468	-1890.108	-2078.17	188.0616	0.1963502	1.688542	2.273185
30474	-1899.034	-2087.501	188.4672	0.2607167	1.675009	1.89778
30480	-1890.799	-2079.336	188.5378	0.1826005	1.850539	1.880419
30486	-1889.445	-2077.844	188.3987	0.1819694	1.832996	1.9874
30492	-1888.677	-2077.437	188.7595	0.1630956	1.818483	1.793652
30498	-1883.083	-2071.61	188.5275	0.1721683	1.780129	1.95762
30504	-1879.756	-2068.202	188.4464	0.1902574	1.699859	2.027104
30510	-1879.403	-2067.451	188.0482	0.200873	1.703232	2.263664
30516	-1879.991	-2068.184	188.1931	0.3124345	1.720919	1.967925
30522	-1877.785	-2065.784	187.9994	0.2147011	1.720919	2.257666
30528	-1879.59	-2067.483	187.8926	0.1579362	1.624067	2.498857
30534	-1888.011	-2076.021	188.0106	0.1869566	1.467259	2.463989
30540	-1897.135	-2085.387	188.2512	0.2361389	1.770732	2.021873
30546	-1890.469	-2079.075	188.6065	0.1738537	1.782563	1.898905
30552	-1902.558	-2090.963	188.4046	0.1962745	1.536963	2.149669
30558	-1892.915	-2081.152	188.2372	0.1744738	1.726076	2.179766
30564	-1889.26	-2077.569	188.3089	0.1887146	1.609418	2.179766
30570	-1886.745	-2074.518	187.7736	0.1887146	1.609418	2.519911
30576	-1889.722	-2077.22	187.4979	0.2529254	1.499041	2.64677
30582	-1885.176	-2073.217	188.0415	0.1847852	1.483564	2.43863
30588	-1891.876	-2080.117	188.2408	0.1358536	1.596304	2.346279
30594	-1889.499	-2078.187	188.6878	0.1741523	1.747265	1.866965
30600	-1892.074	-2080.64	188.5667	0.2419738	1.719226	1.83299
30606	-1896.725	-2084.2	187.4751	0.2536407	1.750225	2.503907
30612	-1893.784	-2081.465	187.6809	0.2632748	1.750225	2.358846
30618	-1888.702	-2076.947	188.2442	0.3326018	1.760692	1.876226
30624	-1893.83	-2082.005	188.1748	0.2390737	1.854731	2.011513
30630	-1893.392	-2081.468	188.076	0.2611685	1.672297	2.158544
30636	-1890.047	-2078.206	188.1595	0.2058969	1.739736	2.158544
30642	-1885.213	-2072.92	187.7071	0.2502834	1.627164	2.44112
30648	-1885.056	-2072.111	187.0555	0.2265797	1.653265	2.865989
30654	-1880.98	-2068.534	187.5541	0.1789152	1.666469	2.639737
30660	-1884.895	-2072.292	187.3972	0.1872024	1.722833	2.685583
30666	-1896.074	-2084.131	188.057	0.1622244	1.652292	2.368466
30672	-1895.783	-2083.804	188.0205	0.1695276	1.687554	2.353869
30678	-1892.118	-2079.617	187.4983	0.1695276	1.599069	2.734085
30684	-1889.972	-2077.88	187.9078	0.1219974	1.57295	2.602478
30690	-1886.984	-2074.119	187.1346	0.1301901	1.468231	3.115771
30696	-1902.863	-2090.685	187.8223	0.1977183	1.598629	2.479058
30702	-1903.283	-2090.601	187.318	0.1472634	1.439944	2.985708
30708	-1893.715	-2080.916	187.2015	0.1920343	1.40938	2.985708
30714	-1891.425	-2078.081	186.6563	0.1920343	1.516177	3.246843
30720	-1890.09	-2076.74	186.65	0.2013681	1.494284	3.246843
30726	-1884.634	-2070.852	186.218	0.1629919	1.35827	3.649942
30732	-1878.034	-2065.724	187.6901	0.2226631	1.425509	2.6239
30738	-1882.755	-2070.335	187.5798	0.2186329	1.547215	2.6239
30744	-1882.15	-2069.645	187.4949	0.2082831	1.50394	2.72104
30750	-1883.104	-2070.924	187.8196	0.2852379	1.792739	2.208134
30756	-1889.8	-2077.681	187.8807	0.2298289	1.595473	2.386163
30762	-1892.672	-2081.157	188.4841	0.1828718	1.732979	1.99531
30768	-1876.979	-2065.789	188.81	0.1760656	1.682562	1.823313
30774	-1884.997	-2073.458	188.4604	0.1999323	1.573331	2.082115
30780	-1900.3	-2088.242	187.9424	0.2235487	1.724016	2.276209
30786	-1895.029	-2082.829	187.7999	0.2530811	1.620315	2.382269
30792	-1895.955	-2083.76	187.8045	0.2530811	1.615782	2.382269
30798	-1892.61	-2080.997	188.3874	0.2158862	1.63991	2.055612
30804	-1886.172	-2074.626	188.4535	0.2158862	1.708082	1.966238
30810	-1894.857	-2082.956	188.0987	0.2822986	1.757661	2.053303
30816	-1899.099	-2087.801	188.7024	0.186039	1.683593	1.874708
30822	-1907.43	-2095.559	188.1289	0.217505	1.8024	2.115678
30828	-1898.329	-2086.917	188.5885	0.2148409	1.85273	1.777454
30834	-1898.595	-2087.546	188.9506	0.1016095	1.735182	1.8781
30840	-1894.584	-2083.117	188.5331	0.1264784	1.649685	2.146486
30846	-1891.949	-2080.48	188.531	0.1274637	1.790709	2.052884
30852	-1893.078	-2081.611	188.5332	0.1749211	1.887087	1.875312
30858	-1885.887	-2074.987	189.1001	0.1624733	1.887087	1.501044
30864	-1891.316	-2079.965	188.6494	0.1457199	1.75137	1.955465
30870	-1896.407	-2084.529	188.1221	0.1356291	1.703792	2.353869
30876	-1890.585	-2078.695	188.11	0.2395712	1.686136	2.164133
30882	-1905.309	-2092.885	187.5764	0.2216104	1.704771	2.523017
30888	-1906.328	-2095.022	188.6932	0.1854975	1.901716	1.731308
30894	-1894.822	-2084.063	189.2403	0.1800334	1.857897	1.371954
30900	-1896.94	-2086.194	189.254	0.2586744	1.898075	1.141161
30906	-1893.678	-2082.876	189.1975	0.1782134	2.034015	1.269279
30912	-1894.186	-2083.612	189.426	0.1500191	2.092024	1.102899
30918	-1901.21	-2090.413	189.2034	0.1790565	2.196953	1.121689
30924	-1898.896	-2088.019	189.1232	0.2008332	2.036344	1.27114
30930	-1885.443	-2074.42	188.9774	0.2077791	2.036344	1.371889
30936	-1898.666	-2088.262	189.5962	0.1154287	2.125276	1.033032
30942	-1891.625	-2080.819	189.1945	0.1650474	2.08255	1.267088
30948	-1883.447	-2072.879	189.432	0.1005003	2.037944	1.307138
30954	-1888.723	-2078.122	189.3995	0.1669504	2.037944	1.123704
30960	-1886.869	-2075.885	189.0162	0.2065523	1.866656	1.475538
30966	-1893.625	-2082.378	188.7536	0.2804967	1.912927	1.490132
30972	-1888.065	-2076.976	188.9117	0.239917	1.858359	1.490132
30978	-1886.737	-2075.617	188.8798	0.2540058	1.853171	1.490132
30984	-1888.065	-2077.314	189.2492	0.1835891	1.958376	1.275018
30990	-1891.232	-2079.947	188.715	0.2071273	1.958957	1.628484
30996	-1888.837	-2077.287	188.4501	0.2353625	1.890183	1.807748
31002	-1879.981	-2068.982	189.0009	0.2391385	1.967737	1.338081
31008	-1882.368	-2070.924	188.5563	0.2048144	1.952978	1.750303
31014	-1874.99	-2063.665	188.6748	0.2158124	1.82202	1.736624
31020	-1873.81	-2062.427	188.6173	0.2379742	1.69804	1.820085
31026	-1883.236	-2071.261	188.0253	0.2219403	1.578074	2.31932
31032	-1887.16	-2075.128	187.9678	0.1852827	1.668254	2.367551
31038	-1892.088	-2079.903	187.8146	0.234768	1.567895	2.436774
31044	-1890.501	-2078.279	187.7782	0.234768	1.690249	2.382523
31050	-1888.073	-2075.932	187.8591	0.2352684	1.643297	2.36019
31056	-1889.915	-2077.158	187.2422	0.1980405	1.647613	2.806105
31062	-1874.905	-2061.93	187.0246	0.2549635	1.486161	2.939731
31068	-1882.211	-2070.291	188.0803	0.2263966	1.631317	2.242069
31074	-1894.753	-2081.933	187.1806	0.2062703	1.691218	2.802195
31080	-1883.598	-2071.063	187.465	0.1678965	1.538878	2.794409
31086	-1889.013	-2075.343	186.3304	0.1814091	1.356736	3.550759
31092	-1879.486	-2065.477	185.9909	0.1875991	1.293825	3.772585
31098	-1893.588	-2080.227	186.6386	0.1610127	1.462326	3.347724
31104	-1891.702	-2078.319	186.6166	0.2521804	1.391142	3.244082
31110	-1891.286	-2078.167	186.8803	0.1717307	1.524115	3.14732
31116	-1893.141	-2079.76	186.6198	0.2361114	1.593859	3.14732
31122	-1891.03	-2077.882	186.8522	0.2626243	1.526853	3.007073
31128	-1893.919	-2080.178	186.2593	0.1957946	1.461201	3.505428
31134	-1892.43	-2079.577	187.1478	0.1666936	1.751149	2.860592
31140	-1874.667	-2061.876	187.2097	0.1848859	1.611924	2.87193
31146	-1883.016	-2070.745	187.7294	0.1614537	1.700163	2.545732
31152	-1885.857	-2073.679	187.8221	0.1828432	1.635522	2.484736
31158	-1893.474	-2081.026	187.5517	0.1949122	1.52964	2.694812
31164	-1880.65	-2068.756	188.1059	0.2177251	1.612605	2.253319
31170	-1884.4	-2071.669	187.2685	0.2177251	1.505798	2.841342
31176	-1895.22	-2082.975	187.7545	0.1756097	1.523666	2.610699
31182	-1884.207	-2071.907	187.7003	0.2543446	1.571167	2.473919
31188	-1895.823	-2083.959	188.1362	0.2104032	1.517026	2.308566
31194	-1893.159	-2080.885	187.7268	0.2555203	1.573709	2.453806
31200	-1880.295	-2067.574	187.279	0.1895878	1.542755	2.863036
31206	-1878.49	-2066.843	188.3534	0.1895878	1.573905	2.172181
31212	-1882.225	-2070.986	188.7607	0.1738257	1.762763	1.806918
31218	-1875.69	-2064.423	188.733	0.1747678	1.787425	1.806918
31224	-1875.375	-2064.021	188.646	0.2456317	1.715088	1.774262
31230	-1881.355	-2069.925	188.57	0.2678022	1.942252	1.626792
31236	-1868.664	-2057.176	188.5124	0.2678022	1.91532	1.687346
31242	-1873.045	-2061.825	188.7794	0.2436266	1.927599	1.529868
31248	-1863.529	-2052.133	188.6046	0.3033294	1.954639	1.529868
31254	-1880.955	-2070.065	189.1105	0.2271061	1.925416	1.310418
31260	-1890.659	-2080.093	189.4332	0.1412891	2.158069	1.063754
31266	-1884.633	-2073.77	189.1369	0.1830821	2.243885	1.127902
31272	-1874.401	-2063.513	189.1122	0.2418808	1.933511	1.269587
31278	-1880.991	-2070.007	189.0156	0.2418808	1.962375	1.32472
31284	-1883.875	-2072.829	188.9531	0.2349984	1.940922	1.405534
31290	-1885.927	-2074.651	188.724	0.2963421	1.821001	1.55246
31296	-1874.988	-2063.862	188.875	0.3137785	1.966397	1.292555
31302	-1942.754	-2131.601	188.8476	0.2860671	2.057293	1.293387
31308	-1939.52	-2128.389	188.869	0.2772621	2.057293	1.293387
31314	-1896.8	-2085.566	188.7658	0.2893525	1.813048	1.539604
31320	-1879.174	-2068.123	188.9487	0.340834	1.909136	1.229503
31326	-1880.429	-2068.795	188.3666	0.2705915	1.823149	1.848441
31332	-1879.157	-2067.661	188.5037	0.2351465	1.75077	1.867121
31338	-1880.446	-2069.268	188.8217	0.2396985	1.927706	1.506053
31344	-1882.997	-2071.864	188.8668	0.1747146	1.756651	1.735279
31350	-1890.139	-2078.966	188.8274	0.1655785	1.77619	1.770128
31356	-1896.695	-2085.12	188.4249	0.1976564	1.722757	2.011231
31362	-1892.281	-2080.921	188.6403	0.1503089	1.663325	2.009544
31368	-1874.685	-2063.049	188.3638	0.1326668	1.636222	2.249694
31374	-1878.711	-2066.916	188.2051	0.1935425	1.590114	2.249694
31380	-1890.761	-2078.543	187.7823	0.2438551	1.575863	2.436711
31386	-1890.02	-2077.917	187.8971	0.2160061	1.537734	2.436711
31392	-1897.654	-2084.221	186.5666	0.1928317	1.434346	3.346497
31398	-1881.189	-2067.517	186.328	0.1850608	1.35963	3.543783
